"","geneID","HS01","HS02","HS03","HS04","HS05","CL08","CL10","CL11","CL12","CL13"
"1","A2ML1",5.26260656598441,5.00303024063621,5.55851907738663,5.02147817768805,7.02582424083726,4.70383905334551,2.15561238630355,2.28340141746605,2.04355894188956,3.08481002796637
"2","AADAC",3.76298512786426,2.50742833760523,2.97822618385307,3.04111228332928,4.61279701134567,0.724838258127625,-5.05205299086839,0.0875934283891474,-1.17869937894682,-6.21690319683074
"3","ABCA10",5.11357690728926,5.17856959014641,7.03822868787832,4.70627019431548,3.03116530427169,2.80718013131114,3.47988285410531,3.14041577330348,3.21000631924347,1.25230627283176
"4","ABCA4",4.3624890341148,2.87402903854683,3.50975282260038,1.50057342600437,2.95975234710308,-0.869003514306789,-0.973675119168164,1.64010557951793,-1.29335937398318,-0.625323670547734
"5","ABCA8",6.14641925061209,6.84981271453488,7.20244511360171,7.54804037295501,7.01859513801532,3.46586185749532,5.13378764614487,3.34969884538652,3.68470144512762,4.7042874226665
"6","ABCD1",0.974015300351287,2.80259598142186,1.22875730196088,2.53479757349182,0.417620918122403,3.83405264019924,3.51479597938332,3.76705382844207,4.23157293867548,4.2068709824729
"7","ABHD12B",5.91753448527934,5.62640752177628,5.51916949975686,5.03155001076709,5.44300946419502,3.7173239545091,1.99446812714666,2.48747212831392,1.99635529953879,3.16778144244197
"8","ABHD16B",0.573314971843939,1.01635408745845,0.440838121761231,1.14127840772817,1.6486870902664,3.10236833755099,3.04342825617886,3.36496134824075,2.8230089996476,2.5310604729377
"9","ABI3",1.376000473972,0.968111562092002,0.620158986053559,-1.54242147543912,-1.28132806748301,4.44084527826779,4.6541619442184,4.8516919480283,5.09673108537651,4.56998507329409
"10","ABLIM1",10.0101335950345,9.65312961841014,9.4441467448028,9.64439410122008,8.37156956485383,8.45333212667819,6.75538565192092,7.00789151492282,7.13804431830748,7.91579824873183
"11","AC007325.2",5.62109264250937,5.22944173477781,5.30214822225908,5.73058205841763,5.22715865385291,2.97521303783621,-2.15789571384389,-1.1068133409586,0.339882611170996,1.16255448898145
"12","AC009950.1",1.01572601646154,3.27755322576505,2.68353612716633,2.75071362589138,-1.28132806748301,4.69065038032279,4.96087755358015,5.47555585992854,5.18623024194919,5.60475054302374
"13","AC011380.8",-2.034939788209,-0.799694036917264,-0.826770329693241,-1.83369742196552,0.127545478687213,0.428177638605815,1.62348208875397,0.751927971140652,1.27613157946087,1.69125892119328
"14","AC015688.3",0.206411386313259,1.0587719142655,0.795009712682331,-0.11851871963959,0.641184305537771,2.99564712306023,3.49606588352317,2.59153950136935,2.6129120562579,4.02348729276647
"15","AC025335.1",6.81963592902154,6.25466223734428,5.78268686098692,6.85391878039884,6.8305117158424,5.43860247193486,1.33522702698888,2.43784259865254,2.50800521395807,2.82139116330714
"16","AC116366.6",1.82028826526953,2.43053207714706,3.21621024845815,2.2997478977916,1.64868930427627,3.79647658978255,4.62487118327096,5.30475017156588,4.90758505062787,4.42248935992463
"17","AC141272.1",-5.51361216002677,-4.1961046164929,-5.58732452148392,-4.20960489090342,-1.28132806748301,4.2191193064339,2.23435459914811,2.64602615968453,4.67625978385745,2.7855834833978
"18","ACACB",6.07191905209493,7.07038936900187,7.85654817814053,6.91812371493025,7.29304037225295,4.58276604410578,5.96140604016329,4.35439909498098,4.87837797262504,4.56025462008978
"19","ACAP1",2.4438763513146,2.83961406227994,2.77046686461535,2.83667691879811,1.44586667895424,4.63258698502758,4.81615888010406,5.27229033487203,5.47303249030318,3.93519497138401
"20","ACP5",4.00092592112325,3.98905927377776,1.33400040790421,3.97353966815144,4.25524237833635,7.0779582699933,5.89906922090478,5.90835746670775,6.32129675418115,6.29297360331701
"21","ACSL5",-0.518438514602427,2.35328392676242,0.640298838388986,-0.590510289057729,2.63788097778469,3.88888545191037,1.83671419381622,4.17053503149232,4.47899946987498,3.41015373468511
"22","ACSL6",-2.03439477769162,0.714712535407165,0.122835374374588,-0.135309307430787,2.54381391636411,3.11488506493427,2.71497007156874,3.58402567345285,4.22862557897484,3.93788254351772
"23","AD000671.6",-5.51361216002677,1.71789522998084,-5.58732452148392,2.00945311129446,2.47938275175404,4.14582172430127,3.64094864629328,3.57385447367219,4.05671939580856,3.58289135728261
"24","ADA",1.53987294480794,0.491698851317549,2.08462979394423,0.97364287126788,-1.28132806748301,2.34975863589236,4.58749858899643,3.59305937966656,3.02950377912338,3.98664376036746
"25","ADAD2",3.41110314911334,2.79594611578302,2.55529543230088,3.1347280859457,-1.28132806748301,0.307642885655473,-0.556803493896801,-1.38926719577143,-0.614595640243526,0.349193701213059
"26","ADAM12",2.96612983573135,4.1206281925309,5.88099905904669,1.27046589290173,4.25714233362402,7.82684452208226,8.76384409035951,6.99831464369294,7.66719069933078,7.14008108488858
"27","ADAM19",3.30383365020875,2.63352869294812,3.63821340882772,3.92691784714104,0.653570687214128,5.94666293160062,6.74198781601217,6.96043980546002,7.25602432573938,6.67031746182843
"28","ADAM28",1.82127841813133,2.61633459207132,2.52752439275559,3.08727683900022,2.11888254769273,6.23607692607794,6.10611016715265,5.64537221706013,6.31807956063207,6.27110750425033
"29","ADAM8",2.60534040694828,2.87493516525813,2.1572599088509,2.82551679948449,1.15710876412094,6.61909938052431,6.9851663183778,7.26942750455746,7.77233719317138,6.64707776662684
"30","ADAMDEC1",-5.51361216002677,2.79094957303631,-0.550683423319469,1.45929206977511,0.242871697023798,10.0374737931706,8.27243552157329,8.93625195101975,9.6762370194839,9.51856683423652
"31","ADAMTS14",2.25970912814348,1.71431291285814,1.86757843037565,0.562682429126498,-1.28132806748301,3.71263369053627,4.74563190475479,3.97182811249209,3.57724374190799,3.90072857285403
"32","ADAMTS2",5.08734940541718,5.97387868775131,6.57362575996582,6.56625367036848,8.27317392942925,8.91557539088639,9.16650303273811,8.7410727853862,8.8964289381576,9.09587866255998
"33","ADAMTS4",2.1161577760407,3.7632900609907,2.58479585863179,-0.0154009959887972,1.69132712926171,5.74549358350855,7.30287329541182,7.74647768418227,6.22106544821528,6.9323296412696
"34","ADAMTS7",-0.140319957885473,-0.0718266197775903,0.685245786224266,1.39616155737645,0.637689151999342,2.16143799599678,2.43836213163721,2.45195397886976,2.93775180696083,2.07582151450044
"35","ADAP1",2.60079268316028,3.5844127125833,2.52980557483319,2.3048272632185,2.36763387650436,4.90557934486653,5.3096561903643,5.76587193210971,5.90135525499553,4.61857793139051
"36","ADAP2",4.13468040828283,5.10386625638972,4.63115981664547,5.40448849464644,7.32387502759593,7.35821193047533,6.79962590547745,7.46908770336365,7.11488205013085,7.16792296199757
"37","ADCY2",3.33014369383655,3.78538112693706,4.00875233233648,3.21732342961514,3.10325914530993,-0.448202890163879,0.986765294052324,0.916145466008824,1.1155520467847,1.3526652685188
"38","ADCY5",2.03454511983063,3.69769584359494,3.76077408000522,3.63099357341492,3.02351897568842,-0.54691914853583,2.80422570186975,0.724990223042652,-5.37326948825696,-1.51321179536724
"39","ADCY8",4.16998966180348,2.76626753273573,2.89915993214452,2.1451512067918,3.63159797862641,-0.404562846372456,-2.07934553596282,-5.11837980564277,-4.05404603900827,-4.84820999006784
"40","ADGRE1",-0.622942941021667,-0.805683962044013,-0.937485253778832,1.94760390284896,2.04708017021767,1.80964161225513,3.96476830973594,3.35976007749355,3.85447589384259,3.50464566182026
"41","ADGRE2",3.21529203195926,3.82616123223418,3.2583069407109,3.30856383826752,3.00282200024276,5.8669559081456,6.91272288422698,6.92360707441632,6.51471119307365,7.28465012344021
"42","ADGRE5",2.6343768708425,2.07455917537496,3.14963705057226,2.71199635633702,2.81309080589605,3.84409460227,5.06405375143659,5.91814496440919,5.18613504679785,5.24512796206315
"43","ADGRF2",3.4645966605814,2.92472735480675,3.18341785351528,3.03701698822108,0.127547507445933,0.70697020818517,-5.05205299086839,-1.959604930899,-1.32104562632363,-1.41946391112624
"44","ADGRG5",-3.65498289715059,-0.0104997570390691,-1.51835645148534,-1.80750604299612,1.09979827138196,2.89617660075699,3.02987421651264,3.98288444382361,5.04852266426374,2.90482012388088
"45","ADGRG6",6.78883996416555,6.71711354412034,7.14936511872416,7.24812950144946,6.72882817962954,5.14024342958191,4.18026910128167,4.80849310847859,4.7075797234382,5.22820631607111
"46","ADGRL3",5.85912244238971,6.06599662017702,5.75902837937856,5.88574396000034,5.60929806934315,2.45783640872775,3.38876258739361,1.93904597834384,1.56592298315057,3.0646221222434
"47","ADH1B",6.51395471038863,8.76457714829846,9.10555449217413,9.06353554705472,9.68490737912951,1.31132254947908,5.72159960633379,4.03822650792909,2.67369996596348,-1.5106586724345
"48","ADIRF",2.62572300523962,3.54255920951757,3.55408223759334,3.54480827498806,1.73926061103517,-0.9100286170845,1.42354439006598,1.23814789126205,0.0139727055747206,-0.020167108075263
"49","ADORA2A",-2.23676786654708,0.467423785921153,0.376828057046827,-1.32012338569596,2.03339734199254,3.82374367852898,4.3196503346265,5.03224293900925,4.98431838764204,3.40287489435801
"50","ADPGK",5.00950994796229,5.42017589519728,4.68042743383352,4.57746040436583,1.58688360181872,6.86484445224992,6.86650053356374,7.5466937836359,7.47219251413025,7.30293790895681
"51","ADPRHL1",2.77270017895852,3.35934160166847,2.41834595586172,2.60542145444834,4.58899607445099,1.71203240569391,0.72212073812342,0.320267707418754,0.221269861202781,0.437777400347023
"52","ADRA2B",0.847738494667424,1.28172995729106,0.441025407155809,1.96513155074218,1.64869042402852,-0.670175142207259,-0.696929448204648,-1.04272492316228,-0.200256426022801,-2.26875002222286
"53","ADSSL1",3.83372338611855,3.65790883381936,3.36235883810177,2.72688359271158,2.73304994929223,1.54813653369993,1.37204815225768,0.704502471264447,1.14594554097867,0.832079930959666
"54","AGAP2",3.09603480954554,2.9167406229512,2.36755805033671,2.92186969864989,2.60011014743867,5.73128124048226,5.91405133775469,5.73953327443291,6.0582866684068,5.75409114098357
"55","AGMAT",1.28675116911731,1.36096422995299,1.83302009089496,0.679493621147832,0.911303534447357,2.96945753655181,3.22478649467888,4.18034590204018,3.46039708242051,3.30069240260755
"56","AGPAT4",-0.443717181213912,2.04020359867134,1.39272888429336,-3.8532817081728,-1.28132806748301,3.00927620597274,3.87234170387517,3.26018421069669,3.63450221969125,2.96383532079473
"57","AGR2",2.47502197475101,2.47996270595565,0.915443782543729,2.19707386167675,0.812696311907441,0.0705299313450984,-1.3357935762814,0.210453772439702,-2.11743670734917,0.543379879539973
"58","AGTRAP",2.87632623714661,2.10106193694243,1.5991742603564,-0.377136391493265,3.69885387570759,4.15216452466274,4.95079454864303,4.56154195835052,4.869260304863,4.41085861368634
"59","AHCYL2",6.79684124089695,6.48992295551624,6.39080347889831,6.73799523485764,7.55666834659898,4.77190266312232,4.82350841746148,4.39700309261917,4.5806141920966,4.52595450727179
"60","AHNAK",13.401040460383,13.3575504167037,13.7232759992918,12.933025201784,12.6382120628826,10.8720927045221,10.6709502538655,10.8167644156883,10.7099126636001,11.2258477254892
"61","AHNAK2",12.4031021952171,12.0608048446478,12.0089239611712,11.9592437346015,11.562352618797,8.78894825898491,7.65690612071963,7.22411058831998,7.19886064699306,8.42553358248659
"62","AIF1",3.33110052658101,4.61557416264855,3.56974203089091,4.72608127963038,5.51665077613422,7.55508022099837,7.70380454773777,7.88268578945572,7.97187489068405,7.79828715707373
"63","AIM2",-5.51361216002677,-2.88431502766942,-5.58732452148392,-0.376908487430463,-1.28132806748301,4.48508128252682,5.23165194563468,6.05975983774519,5.70370022998145,5.50334386324147
"64","AK7",2.88136735263552,3.05003313222162,2.8605032598592,2.49741990341143,2.68056743813354,1.19367582468924,0.667582192965331,0.65730070576874,-1.786355702825,0.312488918928616
"65","AKNA",4.08473087757801,5.28399478656562,4.99612135934252,4.84613565358138,4.24398790774223,7.6169364848808,8.06559109747603,7.90158660733456,8.13404940870313,7.89323528282548
"66","AKR1C1",4.92174788091362,5.59060139264568,6.47430327630985,6.49940735813832,6.84893098761976,4.29598141218936,3.29171133452139,2.27888322806058,2.33375205559372,1.80755522228301
"67","AKR1C2",5.38987450930713,5.58500080520183,7.50351444017439,7.04694226315112,5.17035914349955,3.26027343040407,2.89940909251693,1.36714542950619,1.6127772081343,1.2585279932228
"68","AKR1C3",6.15957144216464,6.37270240747255,7.61660550377505,7.13426246897361,6.2321900442047,4.6821582326379,5.01948790032981,4.3153586337311,3.99066689881625,3.098421388036
"69","AL034550.1",-5.51361051438577,-5.84310679158678,-2.61906296040735,1.72468457728613,-1.28132806748301,2.02039339610733,1.63916628864651,2.65215224233221,2.82967714758962,3.12723780599536
"70","AL078584.1",3.14635030210968,2.42846269818362,3.17926317161566,2.132160675143,2.01595746712074,4.10963069576017,5.33719000438472,5.43319521403325,5.77902311811763,4.85697890402915
"71","AL928768.3",-5.51361216002677,-5.84312502698991,-5.58732452148392,-4.20960489090342,-1.28132806748301,3.79555768484483,0.467059496143144,1.32401929002425,0.968170495483685,1.13727741393683
"72","ALDH1B1",0.0902796816805895,-5.83099593620538,-0.196408155270512,0.95065847984535,0.95580530668082,3.26084494017985,2.83303930946232,3.52035398545831,2.29373185694993,2.43427896237285
"73","ALDH1L1",2.7655700809227,3.50948011884821,3.82175700811324,4.4941061049971,1.87097142669269,-0.59156889107025,0.896996966237201,-0.118302433305445,0.44460490838945,-1.39562076031946
"74","ALDH3A2",8.67190285954237,8.63396695217292,8.26221229522324,8.47362414007286,8.03210559217112,5.71702869153591,5.3618310237249,5.32238550005796,4.51870341512788,5.92795634234183
"75","ALDOC",7.1194912613111,7.271750310509,6.46779567275138,7.4389083190239,6.86157253831886,5.63436596041836,4.53663551581551,5.24116328122998,5.17585611584429,4.12008718783828
"76","ALOX5",1.10139913817708,1.61460405993642,2.33269342158431,3.21789991068555,3.89643905151144,4.41310424109553,4.88803971225926,5.41490649711252,5.38710173109233,5.34375056957736
"77","ALOX5AP",1.66622884850984,3.07733965632276,2.25836246715994,4.05172819585,3.9451633991016,5.85961873912268,5.73497803910148,6.11813753485999,6.46018872358472,5.46654403383609
"78","ALOXE3",5.85600327064091,5.48622313505017,5.16081919861792,4.58720724505015,5.78101569796887,3.6363862297653,-0.211881463322695,1.65781481921072,0.584788979998896,2.97676304240206
"79","ALPK2",0.288313057522228,1.26368727544283,0.992415743686739,-0.848278845476476,2.19443277899682,4.4804292398543,3.50141754979989,3.05517300752517,2.50190645653474,3.03692136148136
"80","ALPL",-1.12336126475044,1.03324582862019,0.0175772958533504,-4.20948496889067,0.936408509564951,3.85601748297438,6.26430733915554,4.81583757345941,5.10217676070809,4.22115415020373
"81","AMOT",5.20650504661066,5.71533848245923,5.6696641789143,5.84628759142658,6.04327843959048,1.95393075507607,2.57678201705929,2.2097719593986,1.41982262735737,2.36106036299544
"82","AMOTL1",8.55319165503759,8.11813910559727,8.03977408742978,8.23983050618379,8.2441584009404,6.45794138536678,6.54729950024403,5.84095616332923,4.58803387778854,6.19403943289021
"83","AMOTL2",5.4231673936911,5.35871575598022,6.28962841674176,4.93530447098454,4.99657357912021,3.69190643684358,3.21289574791037,3.24937426370893,3.56542910063601,3.29158448285563
"84","ANGPTL2",1.6738803735456,2.95495793562672,2.83348874722997,2.91198959400901,-1.28132806748301,4.1525660747555,4.17577500569164,5.1367252122933,3.80094055318113,4.72571200012489
"85","ANGPTL5",1.73012153922264,2.1337148743359,2.14119915106732,3.44888716417405,3.89511156500956,-5.72599267913226,-3.2828554479752,-2.13090030458128,-5.37326886313431,-0.756395039761317
"86","ANK3",8.51688309296358,7.64077306657999,8.4681443090847,7.29238856485433,7.16281854245364,6.20303892700448,4.65148526989659,5.81796896260369,5.43898509770435,6.23610895664031
"87","ANKFN1",4.04006702410771,4.06862885616424,4.22082263032606,4.42640433151245,3.58713527019853,-1.50734190419915,-1.5949676756924,0.143646697677494,-1.63737024665353,-0.760121755915429
"88","ANKRD35",7.51194159854176,6.80077330562389,7.12930837885988,7.59030788974541,6.99407127168282,4.64805080811523,2.32784343796356,1.03197701084191,1.04691908074994,3.31023843147368
"89","ANKRD36BP2",1.06680311065107,1.47847770510368,1.11322954558425,1.80444049232249,0.189423731189945,4.88268530440007,3.95590203375996,3.95201516337926,4.55932560413959,2.75578476257717
"90","ANKRD44",3.00748038718603,3.85925688151919,4.54026579945197,3.77403816822852,2.36596377656972,6.38783347934611,6.84706344023128,6.69039652044801,6.67813660757292,6.08371115914835
"91","ANO1",6.57981091798701,4.68365429803416,5.7656327851261,4.92989227773811,6.56138094085223,2.75520990375452,3.69303439590993,2.37686336851228,2.86073291353505,2.37692938510971
"92","ANO3",1.04034193579671,2.62658082411924,3.73898816847082,3.55540980960363,2.64325828200801,-1.40743663523769,-1.05089547648027,-0.0617100131317367,-0.978235215164578,-0.235919341238572
"93","ANPEP",2.37811791720487,3.97742693613479,3.85256558628206,2.93230751443512,5.13656976960935,4.63005588678791,5.25865499577186,5.95894488230772,5.51346752724548,6.34615649700087
"94","ANTXRLP1",-2.68810857472098,-1.23133556401893,-2.41216717733091,-0.688986370929781,-1.28132806748301,1.27571402795254,1.53745885681998,1.49855453502343,1.84690081567865,1.04459585001455
"95","ANXA2R",0.13603325650619,1.72282091658483,1.61283364200151,1.91396315165856,0.467349062338784,3.79443915333092,3.86679210635623,4.89422312172406,4.71729852956731,3.47029759811305
"96","ANXA8",8.52523609924426,7.25963743330553,8.46787946677119,8.42529122396329,6.75022620330318,5.54681958266433,4.70483022281519,5.40030977071068,5.57260866398563,5.2578257623355
"97","ANXA8L1",5.19872283542522,5.6040423681092,4.26184712541272,4.87563313349071,5.67408315436502,4.3251636551881,0.512210069080795,2.64081678769508,0.792102716415047,2.45120623761133
"98","AOAH",1.65837694782163,3.2991564140052,2.15034561148155,2.77314204350691,4.2887500670692,7.24495396058321,7.86832040557163,7.70173406618862,8.19833332487546,7.78083370735046
"99","AP1M2",3.37854553987632,3.59919034361986,2.74446582384723,2.62327326618224,0.390799760267198,-0.902514294221195,0.0597696823941093,-1.02011584791354,0.315146108968622,1.80548581200069
"100","APBA2",2.43869030157042,2.43008695836987,1.70703009554002,0.504156998041068,4.24695851398732,5.6253403867081,5.32552210113127,5.11782796094271,5.70375241713616,4.92143981239006
"101","APOBEC3A",0.0728841567555942,0.0209258866951709,-0.0346039130226084,1.20308910297332,-1.28132806748301,5.77150340553723,5.71582799574653,7.43242728368366,5.9659241139038,5.60941553158801
"102","APOBEC3D",-0.0506835523584787,-0.49231743831844,0.594284900541708,0.530816424682182,-1.28132806748301,1.75281804455662,3.28188744501404,2.20322973240095,2.76238125490312,3.25559146433381
"103","APOBEC3F",0.0307979953216372,1.27178962789275,1.01756294962537,0.987600286890917,-1.28132806748301,3.38994561857813,3.36778093749656,4.07918691253816,3.53052988107096,3.64588160753932
"104","APOBEC3G",0.893538122779979,2.42906643650727,1.94199199250152,1.7642500251672,3.35554867323195,5.75348042057781,6.37533737280884,6.88564991500125,7.24122460130723,6.43762450477315
"105","APOC1",2.97946217315968,3.77317533850876,1.65486141011789,1.76902858198736,3.01966420737504,7.36368778355899,6.08062171075463,5.52659609078363,6.59398064257386,6.91214671786372
"106","APOC4-APOC2",0.56587883968028,-0.0223668223758183,-4.481588520959,0.383564566278112,0.19654455938047,3.78491140806773,2.16102959597792,1.98310838654454,3.14266570969625,2.65628191405373
"107","APOD",7.16206325082896,7.18290848767723,7.15136581030458,7.26096461825612,8.19081311319629,4.20556769664265,5.05435212669864,5.05148293167277,3.64290369387181,5.08363387571071
"108","APOL1",1.25470081918867,3.02867320909417,3.36609841856992,2.74415345049994,3.28691063991779,6.81605506328789,7.08336519838954,7.98524630149793,7.57770321645158,7.91732724793138
"109","APOL2",3.83175955807211,5.00378725856284,3.9791292640972,4.36235891479702,5.19161596382744,6.9495092126049,7.10438638459211,7.90573070668094,7.82882933106213,7.46033205206262
"110","APOL3",3.75937163015602,5.31338044111585,5.54340683573012,5.66790066597793,4.33348539881532,7.92954545100525,8.37141339656077,8.96835132111013,9.23669527628776,9.02351368860612
"111","APOL4",1.12097145655696,2.64670676096347,2.41261967473249,3.84836360179936,1.10240993290285,5.70165879245997,4.73232264883171,5.74136376481685,3.55728539877656,6.76721569669689
"112","APOL6",4.25976064334282,6.94382086059028,6.83939627943788,5.56396445491602,6.00340293076426,7.85615401748706,8.60677622203777,9.43195340961347,9.28179240881573,9.01787152289294
"113","AQP5",8.00964788743896,6.37276998001941,7.18580438190288,6.3091800886596,5.67881137138208,6.59672253982795,1.32223920703843,3.0033096960548,3.02181287405282,1.43911900683164
"114","AQP7",1.57686766088108,2.33028963296588,3.84873929853125,4.26419886912733,1.77183653159679,-2.30050427948802,-0.741474584708845,-0.67661252129071,-1.96093900266957,-0.997171710972492
"115","AR",5.7825417281011,6.84711371915182,6.69535032695785,6.86679327644794,5.58130624396873,3.17599634332248,4.61693660502156,4.10540063837911,2.35418030648828,2.92163797705317
"116","ARFGEF3",6.48227930746887,5.82235602934374,6.26234537625578,6.05650090778677,5.74358021889823,2.79050234560107,2.84129072768326,3.04987636029029,2.52102351595867,3.48413443823748
"117","ARHGAP15",3.19560269940225,3.54990471463048,4.16280940248179,3.17178013659437,1.11757319440511,5.19348498146752,5.77511623445596,5.89192414837957,6.06286226982857,5.21388638856024
"118","ARHGAP20",4.54770407609435,4.93131822648753,6.43160160124645,5.92034096139919,2.47726934868049,2.63654804952647,2.13375350228267,3.27863158010872,1.89932015685536,3.29638820764156
"119","ARHGAP23",7.87741337962056,7.46987526986972,7.33487313164016,7.0105026230709,6.86639525980076,5.57302660946465,5.61718459345158,5.04095984638465,4.45620761905326,5.73413326538713
"120","ARHGAP25",4.09493655608882,3.95297543728627,4.08301209094841,4.06913530174397,4.72597405116245,6.35053927720578,6.59503051699651,6.54941801443337,6.77841681747014,6.83522877240502
"121","ARHGAP30",4.40378854534534,5.13410465168112,5.18554600364223,4.19952162056297,6.08136410306337,7.60314882958235,8.06107375397635,7.91038377506021,8.37300770777242,8.26932747343529
"122","ARHGAP4",2.16430560730938,2.76361715557233,3.19824462121413,3.32099970524094,4.40734447280283,5.51244431340248,6.45407344009317,7.04938676672965,6.92330954382383,6.00995414012659
"123","ARHGAP40",2.37689181985493,4.02932904009262,3.2445824225984,3.38361411538675,3.29297079702714,1.60639696570899,-2.56201642088236,-1.5207477714998,-1.27840261479624,0.474124612064101
"124","ARHGAP45",3.69631850597036,4.92544991825658,4.18737405492193,4.58067626682949,6.22723392755757,7.96494799959304,8.08933017302608,8.64527805776668,8.86703232579887,7.897441724017
"125","ARHGAP9",1.94531615484512,2.17530314159005,2.41208062822164,2.56132499450041,2.65527483265472,5.53125831002868,6.22434062041978,6.37187985984644,6.4658515852258,5.95357734816344
"126","ARHGEF1",3.09182553976724,4.03047433857432,3.44982296362461,3.95995967728693,4.48473631338706,4.88993288430886,5.9412427974695,6.34647359387563,6.02160391723441,5.90621932039817
"127","ARHGEF26",4.1333340562748,5.56327634770512,4.41705353068696,5.72955636011255,5.25194476614793,0.306975405903211,2.08472686032831,2.36381199884753,1.32257846168238,2.08464785505346
"128","ARHGEF28",7.51354789457629,7.07377064927284,7.45631038768685,7.12017903293619,6.31711854050253,5.17860154753095,4.60210966209941,3.87623174696164,4.33709893158589,3.87704672411638
"129","ARHGEF37",8.20307815586248,7.77069788379902,7.4423155395676,7.68177308416198,7.7477637546124,6.02192580002182,3.13651444430305,3.5530232421598,3.97245821360276,5.27989502000861
"130","ARHGEF4",6.31442800076632,5.9767519681846,6.60020687057625,5.83681723546167,5.88587586098436,4.79336955691963,3.68087826286277,3.87265848199621,3.9739425968461,4.24428857290529
"131","ARID5A",2.19885854850408,1.88933845385822,2.38615899795195,2.40572065021094,1.01386085711101,4.75406173772384,5.31801848104392,5.4516468929011,5.56572085123624,4.6779572146623
"132","ARPC1B",3.82026984235822,3.58296924513172,3.04870640591521,4.18445006194938,4.22820809480621,7.21289655930614,6.8669767796552,7.91611394448155,7.73356091349335,7.67014020784885
"133","ARRB2",2.80756390541888,3.19791753459985,3.68692467613369,3.80364212523505,5.45923412664149,5.61449384782317,6.17896707433345,6.19297832015218,6.0962683078221,6.28697691715056
"134","ARRDC2",4.20062022281637,4.65137933135779,4.18393548255311,3.7969397442959,4.15195657820416,6.35631476887337,6.11624396132287,6.48316920911549,6.52810471312088,6.2533244550148
"135","ARSI",0.266147150401674,1.01774956659584,-2.10140111527642,2.57393679546178,3.25326244267491,3.12657708269459,3.20859723959266,3.79174261481229,3.00286713943513,2.90864923646848
"136","ASS1P1",-3.91373261958137,-4.19420928243321,-3.25941292537683,-2.57313504689665,-1.28132806748301,0.30947700304763,0.794055502792863,0.652038753339826,1.35814351072504,1.49238378819038
"137","ATP13A4",6.28967223817014,5.53982729731091,6.00793258400468,5.15374188462897,5.51045206076724,4.06473954591258,-0.662735437383307,2.2399653343001,2.80327697786268,3.71879895408069
"138","ATP13A5",3.25592620965882,2.24082056028471,3.54737931150434,2.82560083890823,3.71139780324789,0.896488046130046,-0.067383809194381,0.287281624339363,-4.70326964214703,-2.17814671679899
"139","ATP1A2",2.99400926255724,1.42636411828563,4.96013771860266,5.02427216969768,-1.28132806748301,-5.72599267913226,1.78324129939236,-5.11837980564277,-3.16970833561007,-6.21690319683074
"140","ATP2C2",5.997162904997,5.4675787826268,5.49470498007654,4.888135813102,6.11188558564325,4.04434146608355,1.94273610219301,2.27722794184079,1.4951238777169,2.83748335443389
"141","ATP6V0A4",5.93080349934523,4.07904447979436,3.452517769283,3.98720242230026,5.28925388425052,2.46884067980737,-5.05205299086839,0.0743318037203411,-3.42208151386748,0.270453209191415
"142","ATP6V1B1",4.05978877964404,3.66848113103597,3.04373888225897,3.26018733624743,4.2736247563708,1.18733959456976,-2.93735985951708,0.33881238619626,-1.4211084241577,0.562686275355277
"143","ATP7A",6.3698417486187,6.1651776057306,4.76405378899739,5.59265970450864,5.73890328782474,2.75219850554649,0.172610097810824,3.42856912433097,3.40002823494775,4.3579961921808
"144","AXIN2",5.77772697319997,4.94915269177637,5.76214005978706,4.98703175299412,6.31460780606515,3.92104346206087,3.66586340937486,2.65603027286352,2.2964617847048,3.32074733798733
"145","B2M",10.5095374330218,10.2507451028485,10.3644978866984,10.7575921252352,8.12342650999117,13.2611893356368,12.7578652754672,13.8769623846257,13.5659262717594,12.9397106095231
"146","B4GALNT2",5.78834578213801,5.23230045356281,5.40405785213675,5.08606472954738,-1.28132806748301,0.374231008571276,1.36822539071647,2.41396679477014,1.19937694154214,-1.53227277971743
"147","B4GALNT3",4.96090417268462,3.73181808390681,4.04195249799717,4.69342320480095,4.71735675554321,3.56745384063104,1.5279944946606,1.49011856544001,1.48196014978466,2.11399176871761
"148","BAIAP2",6.28099505425584,6.07455577793454,5.85107557717896,5.97016297802014,5.72982278407257,4.61600031166518,3.46556871198394,2.69912734311529,2.53087193790239,3.86173202712678
"149","BARX2",5.67795319422642,4.02487571765196,4.5160913643048,3.28300940426304,4.70995794150272,2.41803526286548,0.523955334827353,1.15648656474902,0.801972743553403,3.02135492348349
"150","BATF",-0.158354125112634,0.897874065157683,0.228259400348408,1.04234448952061,1.38017147862844,5.08906851468283,5.08076649086814,5.97035318109593,5.97747981127738,4.73274783015411
"151","BATF2",-0.446493269964435,-0.389108549362188,0.111732930617454,0.454767838171443,-1.28132806748301,4.0936763609962,4.08107725604777,5.06851570168589,5.39962851265676,4.97020802111081
"152","BBOX1",6.50851265911808,7.0098411669339,6.33940055305111,6.70893339098496,6.00997949539423,5.9854900307867,1.27819558057629,4.07512025471374,3.56832598557464,3.41846604093236
"153","BCAN",3.63281272780124,4.42083189817862,1.61760821472012,3.18711036158778,3.03397904493592,0.246354503261925,-0.353515379035506,-5.11837980564277,-1.85014372588043,-2.63525293711944
"154","BCAT1",1.17953945803587,2.99735365146905,2.08569395864128,3.72281093334911,2.41809495365211,6.47496091715089,6.67099749740831,4.73605124364041,5.93135358352511,6.63533974840983
"155","BCL2L10",3.31367620528779,3.59159362667569,2.14813455894449,3.47290559121378,3.67158121979882,1.87208747074953,-3.48737933442241,-0.0258830614957873,-1.00848373624469,0.549557042374944
"156","BCL2L14",0.884099669701256,-0.255559316407736,1.61771750240259,-0.130080475098774,-0.0965636197612556,3.07696404259613,3.44890785430278,4.98199794219623,4.73836434640642,4.45458433423909
"157","BCL3",2.04564953503029,2.31437674814355,2.49541076197951,2.414333144407,2.61882055362578,4.06604141132476,4.79219593572617,4.56772747685797,4.83964563927031,4.57187095670635
"158","BCORP1",-3.17474205230613,-5.84312502698991,-3.26068568440935,-4.20960489090342,-1.28132806748301,1.84976083866924,1.65069929370398,2.57649098095798,3.32744321400122,1.56176831454263
"159","BDNF",1.8374833051168,1.53886948930486,2.27880973157072,2.58552854578375,2.08059989356164,1.19441824072696,0.0554958476066651,-1.30912010303625,-2.48829884692026,-1.40510237388029
"160","BID",3.79135176920857,1.54706153233584,2.21447266533033,3.43920223165538,4.78807477082473,5.76427923689409,5.5369443633202,6.47247258080158,5.80306902580491,5.22544543009668
"161","BIN2",1.81380341390578,0.827318632421077,1.79354546116556,1.11216988093697,3.25129790738335,4.69904361755359,5.76916947493458,4.44804075229056,5.37998027075,5.5129654407661
"162","BIRC3",4.83315612186423,5.54134180279344,4.87261717918193,5.11754634935846,4.58159368100601,7.72974130470028,8.15764615122079,9.05932957818301,8.84449528162213,8.55392884183857
"163","BIRC5",1.28647123109313,0.440701483610239,0.11792637557836,0.00344945649702237,1.95737172466081,2.52578230653834,2.82184096729345,3.39144366396076,3.87375530169434,2.47156218217476
"164","BLK",-3.18476445602967,-1.47385245766486,-4.33036424546243,-4.20960489090342,-1.28132806748301,1.63297180027693,2.03526041502202,1.05909245756588,0.601055843203256,0.942588930761647
"165","BMF",1.75622016431007,2.7816010246212,2.51989609125568,3.61616309797502,3.0043188392641,5.63839283278725,5.10640567703285,4.94921660691051,5.62664593365213,5.67685537042085
"166","BMP1",3.79168403402571,4.71758894038738,4.51916498204476,4.1194149812653,4.61400244638001,6.65340110803325,7.07357517727873,6.18423769935286,6.5724912990573,6.05066352100728
"167","BMP4",2.7898782872394,3.74761972949727,2.99221581543891,3.42334286601505,4.8118665732064,1.64784970429573,0.72605148773504,-0.0725694904316531,0.924944562432437,-1.00754475868307
"168","BMP7",6.2430951903075,5.89186523765615,5.83579293337932,5.91966029792871,5.0883359495491,4.28867578371323,-0.717652177877576,2.01728703637196,2.36972524302156,2.57354558318184
"169","BMS1P3",0.722155105887647,1.78369822974232,2.56725860070065,1.5214060949475,1.29540943803526,-2.6440957795558,-0.093293057843491,-5.11837980564277,-5.37326948825696,-1.81157290589247
"170","BNIPL",5.26264949882507,5.46457349245992,5.47153706511571,5.18217519551638,6.77729795168552,4.51459818025768,0.735118645722078,3.37335740077449,2.25545689413607,2.93129238008903
"171","BOC",6.6920038214664,5.68388619079732,6.72859252107894,5.21335094158684,7.02545834194678,4.17723072696844,3.30687254631626,4.03373280866183,3.82876790889116,2.86064253215803
"172","BSPRY",6.16411352530846,5.59355835013802,5.35958729556734,5.59353822344455,5.83387292494496,4.97785758367717,0.0270314347610791,2.65656460570262,2.48367376734888,3.15205940994475
"173","BST2",2.86206643981765,4.32604681795795,4.14209494317068,4.23952680710779,2.84110236543929,6.08673592318283,6.69373187945206,5.50341213995944,6.47996275199687,7.3856982364789
"174","BTBD16",3.92094191763556,3.80013498739385,3.88377611495923,3.88604846984603,4.21918590663319,1.34922162192646,-3.66515015933712,-1.13594385267525,-2.18979837972862,-0.744535943187176
"175","BTBD19",-0.73010432850911,0.953888515137878,0.868095993442184,-0.0886384301116944,3.65202546527854,2.71107665945601,3.7586752054709,3.164571934398,3.47860605141814,3.07059893312757
"176","BTK",2.186170633655,3.40317814837267,3.09350676613633,2.95699766565587,4.44939371999431,5.89052553691569,5.96508484648384,6.17453714059112,6.10384511279489,6.44568502322322
"177","BTLA",1.71012682341943,3.13163055171122,3.05577453920109,1.72808136210658,2.0002394369884,4.66496646193792,4.75491950346943,5.11113775176026,5.00166396735475,4.9912435012465
"178","BTN3A1",2.17127653445879,3.12331416800827,2.51508688123934,3.12842421718291,3.70811229960792,4.79416401732663,5.03911854955011,5.39789772628222,5.54714239313866,5.77634442383482
"179","BUB1",1.60122819268892,0.603680753935825,0.479847657788964,2.11175857353958,2.87878510868702,2.40132065749133,3.58544428557875,3.71850881420334,4.34315353925352,2.84872040976691
"180","C10orf128",1.04371840853451,2.43520281484413,2.16492138026715,2.35883530025255,2.98029254598831,4.34546843725612,4.66526233811677,3.86395398601785,3.99050658127027,4.55744624752696
"181","C10orf90",2.34935553563609,2.2822130208095,2.74335577863061,2.12301782868051,2.54161734542681,-0.607541874768016,0.31294244274157,-1.49807524272532,-1.08194426890468,-1.35021244425302
"182","C11orf21",0.785391993746991,-0.118347726412306,0.133731764941782,-0.589602328558192,-1.28132069645037,1.70804317533794,3.99784213807691,4.10147735548726,4.06348234033217,2.45875148377063
"183","C11orf49",5.54298755474027,5.29603740494192,5.24765597626314,5.11826549291139,3.94357017126915,3.51139812820342,2.9362907214814,3.06713338986667,2.4931463078207,3.54335269006782
"184","C14orf180",0.360679639609673,3.4566821610846,1.75407210277552,3.87822509879408,2.85340085822417,-5.72599267913226,-1.07154341967735,-2.94077300324416,-5.33332087162895,-6.21690319683074
"185","C15orf48",2.80220057710021,3.82645235752753,3.0169729939985,1.79603922111031,2.74074987715973,4.97574076551644,6.25359041590722,6.29088906753171,6.29430101361575,6.11793013352807
"186","C15orf59",3.57744293963907,3.00797553034074,3.75885059357527,3.26333444977707,1.74412401360335,1.37307046411278,1.1933838896778,-0.289186399489292,0.13049663152007,0.837031947656695
"187","C17orf62",4.15296253568029,4.7520911044177,5.14173758116162,4.64334188373403,4.48566004258561,6.60026858914264,6.75638390853675,7.28835860731574,6.94272014373825,6.74278040947487
"188","C17orf96",3.00026893139155,2.15442637736445,2.07451878702676,1.74397139344901,2.71406919555513,5.2110492329001,4.08631418794555,4.18919606661888,4.52942434320507,4.97622428255121
"189","C19orf33",5.98099539210414,6.2736551946707,5.57428992967066,6.09227426604927,6.30326563872733,5.44296573205182,2.49982587331405,3.47020773057854,2.8478752734279,3.89589483655893
"190","C19orf38",-5.51361216002677,0.670063367289884,-5.58732452148392,-1.33259812904694,-0.544958079864089,3.9460839650199,3.80064634555464,4.59337622399368,4.68897579819763,4.26077595851678
"191","C1orf115",5.68026942476796,6.319066582098,6.25531770296707,6.27020207171752,5.75079978971851,3.9796139318169,4.24075919759079,2.58907861953053,2.9645550605777,3.4919706919383
"192","C1orf116",7.11337097677818,7.41530534717285,6.97901337207144,6.85298067323393,6.41046039507503,5.38698365271531,3.03114956484006,3.06667857613237,3.22768571075012,4.86275396758821
"193","C1orf162",-1.46910513876711,-0.265069704536874,0.0195154296820287,-1.82825736841558,-1.28132806748301,4.79825601993859,4.39967289301872,6.12413122627818,5.85641052572367,5.0138291035894
"194","C1orf226",3.86888431008802,3.27819531611987,3.1275406396952,3.0772206496783,2.63574770401626,1.40506132027874,1.86958767367077,-0.24755333550637,0.562524889577157,1.4719126459262
"195","C1orf228",-2.01774157819671,0.688456695297205,-0.505792784236031,-2.12451037167835,1.05966008625032,2.24068236740738,2.60751485790135,3.9134463521534,2.6933768510481,2.69092408020533
"196","C1orf68",9.32686759724033,8.75931751311275,8.41653199871904,8.52221942210105,8.68322353989012,7.60281060494387,-0.841126833304743,3.63397158543522,4.19478734176716,4.75576114826103
"197","C1QA",3.31648664332917,5.68886191519318,5.51578466025407,6.21843032104888,5.97276927230455,10.3522038620058,9.89731934778299,10.6069993486675,10.6255543352224,10.3752560884745
"198","C1QB",1.25709740346803,2.40483319945726,3.01705041182192,2.60810511840932,6.12606254043569,7.35189328794982,6.75573530115855,8.3605647724832,8.01688933341637,7.91598674585593
"199","C1QC",0.484612132181237,1.90859858278932,3.66571069724387,0.259691061285904,5.3071642931785,6.90633932640636,7.29227180127138,6.9277301598401,7.45994222675899,7.00542119135272
"200","C1QTNF5",-0.0312486334558672,2.23869738073141,1.46675488911094,2.90764007662605,5.71345187645391,5.44507295720665,5.64038579826475,4.55144752053797,4.65965157015435,4.39783869991206
"201","C1QTNF6",3.68886557928118,3.83341395660598,4.22913697432604,3.08323847979008,2.80230880278391,6.21617462776074,6.60338816252864,5.19315198468783,5.77613247126794,5.64770665887768
"202","C1QTNF7",3.30023454323923,4.59857540558628,4.85746816889372,4.75840252598304,6.02932436078917,-2.30699878062174,0.825608564948967,1.20099374567075,1.32259462373188,-0.623852616034091
"203","C1QTNF9B",2.70718020488371,2.80652379989963,1.90773070675427,2.64021032685018,0.787501759745219,0.50810267223255,-5.05205299086839,-0.656096429289966,-5.36458905047354,-0.562079460246097
"204","C2",2.20977057202602,3.23487343645635,2.94490936536476,3.58965389269431,3.31738824986042,7.57349909387218,7.32653077586072,8.16679723621927,8.17559931266366,7.73139963286147
"205","C2orf82",3.18986558566245,2.49317928991911,2.25267884691264,3.00583234956124,4.23630831458953,0.871843066713607,1.0151041280119,1.33625707427262,-0.359915458086143,-0.710147014722578
"206","C3AR1",-5.39487540297828,0.210556767117249,-2.17464673828152,1.01663853806198,-1.28132806748301,3.28742741321502,3.80271265322597,3.7791034416831,4.42546089287232,3.9279294243426
"207","C3orf52",4.20590883554275,4.20205077604628,5.11784915861592,3.93924380525968,3.36356233207811,-1.69661076047314,-1.76203067442011,-1.23569651691904,0.244240267017372,-0.762290798180135
"208","C4A",2.5586198947043,3.03476677845608,2.86392775661489,2.10089208557134,3.14283990699618,5.617703789655,6.20636260381521,4.75321522501751,5.06332175527209,4.03097353042039
"209","C4B",1.29370628935175,2.06961253755841,1.24851030485648,1.3844939074592,3.24990922619055,4.68904093359537,5.41193320995297,3.40369282781283,3.29932190196209,4.72456469088142
"210","C4orf48",-0.269073190323592,-0.392763008186882,-2.36228668868836,0.812490369283428,1.29786354486472,2.38835851970391,2.01953080341501,2.30249852726467,2.20846840720964,1.89473780387915
"211","C4orf50",-5.51361216002677,-3.46783105921688,-2.20491376800631,-1.73003260273641,-1.28132806748301,0.40284966186653,1.57120698567738,2.24720085725304,2.53147463611677,2.19280545552983
"212","C5orf46",6.57780433253496,6.22154579680377,5.47876842341169,5.80185586921425,4.32778504289353,4.25800075554513,-0.0332104974249958,-0.387522843360288,-1.34771751773747,0.338473283287256
"213","C5orf58",-1.77755295412678,-1.59741942415285,-0.172377624158817,1.17618616289624,1.20162972092335,1.88378860461552,3.52297491199537,3.88661642469612,3.39460982413339,3.20845498055573
"214","C6orf132",6.87072796006477,6.37744710734556,5.68911395521077,6.58365790233163,6.24770247957264,6.01757214015139,2.81546387337748,4.02567504667046,4.04417875586496,4.1368396057199
"215","C6orf223",-0.104040087858975,-0.634618323855528,0.19588794753987,-1.31629845596546,0.542315032578067,1.32078466673558,2.03105180692533,1.21333879023749,2.29531737220756,1.71827316784644
"216","C8orf34",2.70170775841679,2.93376565631655,4.17012162246606,2.88513336573248,3.14075474630949,0.51731287695437,0.685129771415736,1.31106067198923,0.733923279824739,0.602327870056198
"217","C8orf4",2.79749117551536,3.15869497740969,2.70855903024874,2.33255479966204,1.64869152394877,4.77485800782162,5.05991766769425,4.93112883201266,4.54785497385009,4.81662897672169
"218","CA6",7.04182056515895,5.66337367194667,6.26761728355664,5.66704239057923,4.56625917445774,3.78602805033591,-0.406200121222528,1.11665533499683,-0.232007344382717,1.91539731706189
"219","CAB39L",5.86957276324776,6.16826998723331,6.35862947440687,6.42026928084701,5.34353889311152,3.73903769655821,3.21551915396319,4.30806017007577,3.65524898157104,3.20606211303582
"220","CABLES1",5.50058927132997,6.28405648277744,5.56469249827934,5.55119525678636,5.04730085981042,2.76529215265445,3.29405359749691,2.41234778684953,2.35085851934513,3.40633122616396
"221","CACNA1E",-2.9062248568474,0.391668003633532,0.274129034878028,-1.72532760474987,-1.28132806748301,1.09741294015493,2.64600314291266,2.57495199549535,2.68425408952684,2.33832003370276
"222","CACNA1I",-1.39594548189326,-0.533515126470548,0.425711973616412,0.437203412369928,-1.28132806748301,2.21226058872398,1.07040543167507,2.16148773483231,1.26299090015159,1.58880647599729
"223","CADM2",2.84747688362075,1.7933536042573,3.72553311958714,2.20217028646036,3.5894281236051,0.0224649068783721,0.569221640728881,-2.28560237157349,-1.66849437973786,-0.706258500869573
"224","CALB2",4.39758303895875,4.59413307384235,5.63340719113501,5.44535459146905,3.12859780004982,0.771053168343632,1.4484001928643,0.268842550347133,-1.97572097875445,0.00113754136888717
"225","CALN1",3.81847085973566,4.40875818288379,3.55916450050475,4.40019988537785,2.79382426218171,3.14039719713649,-0.934906411430689,-0.797073234732987,-0.377109613194689,0.326131808300237
"226","CALU",1.38650878867718,2.37219898938343,3.26504481667795,2.87892876243079,4.26447436343796,5.37086338786802,4.80041749367917,4.63120902397488,4.42606758080618,4.25084317427063
"227","CAMK4",0.93945219562705,0.795218791817802,2.5815824287519,-1.85297098826931,-1.28132806748301,4.79718873358742,5.08297130012699,5.89218661551888,5.92749925864678,4.69659030665844
"228","CAMKK1",1.72605395367003,3.30995016135398,3.86106552483555,3.7767151964462,3.12789037827187,-0.254068598499125,0.152389543995314,-0.570557459303304,1.29693253768207,0.241058935397442
"229","CAMP",-5.51361216002677,-5.84312502698991,-3.99843600162651,-4.20960489090342,-1.28132806748301,1.69781491382374,0.799613959950877,0.391408948592921,0.119819864954855,2.42971571150873
"230","CAMSAP3",5.53920497202309,5.11954305173507,5.40807973175086,3.56023914124697,4.5689839096474,3.01480787083964,-2.08628495943535,0.591138082905011,-5.37326948825696,1.1585880467506
"231","CAPN3",4.96832503432253,5.18663370930326,4.28416711455159,4.95197701785337,2.80609618145854,2.38085879946949,1.89593988951289,1.61697079869377,2.10129367425621,1.30440630049746
"232","CAPNS2",7.04402554648545,7.39952141519728,6.50635291826706,7.2046007957823,6.22192245092975,6.18098012463636,1.82805503376197,3.63397078234292,3.43796843866455,4.26289889120876
"233","CARD11",-1.51270390595164,-0.544137576402357,-0.341852276506449,-1.60393781712184,-1.28132806748301,3.42361885460492,3.7998568430579,2.59626082745538,4.12230618628249,3.43907152197173
"234","CARD16",0.303728089775278,1.28755222373944,0.743458195939494,1.68228525423745,-1.28132799701414,3.11872312488479,2.66305879728831,3.47134679172334,3.3286223599322,2.6989579980465
"235","CARHSP1",2.26405692196796,2.6384374731701,2.50238359907314,2.58752759071892,3.42121360850501,5.6373277491617,4.95097770892338,4.78911627752179,5.17180830788088,4.36173332897329
"236","CARMIL2",0.0933553585662697,0.437092083712704,0.235520898111928,0.00578327401027131,0.705939670424122,3.10949705351421,3.09902971433106,4.16983653568788,3.57924560095886,3.54330078173193
"237","CASKIN1",1.9577082722716,1.91359971829891,1.19304158247471,2.28436938533408,1.57506894499341,-0.358438279863356,-2.80120147248505,-1.47489971627901,-1.98971058641393,-1.69742149090504
"238","CASP10",3.63745171685738,3.95278593653392,4.01590692256998,3.97771284555013,3.47760888733041,5.85167954481027,6.13116340571814,5.98542114432977,6.14800339107233,6.17380446274378
"239","CASP4",6.76268754326372,6.75675883686298,6.53464560616471,6.56154071717084,6.60088292521684,8.77421665566552,8.25189178576441,9.11139837412834,9.201543457769,8.55244535119505
"240","CASP5",-2.11355752580945,-5.84312502698991,-5.58732452148392,-0.699203472063785,-1.28132806748301,3.38173744415199,4.70445977967802,5.17381802586213,4.99831976035703,4.46350848501216
"241","CASS4",-1.37455699879963,-1.91283677539366,1.9994114377841,-0.905579844427049,1.51994862988616,2.99447224753272,4.65453351375974,2.46765220428543,3.84944455609716,2.29694043145428
"242","CASZ1",7.0758295417169,6.49588334245268,6.14726458594891,6.42955776704594,6.45662730732179,4.69653876628991,3.91881712241749,4.7465192885132,3.66730699339606,4.24973655646224
"243","CATSPER1",-0.723511552161095,-0.651680650952251,-1.28828826638039,-1.96713907954909,-1.28132806748301,2.10639306789505,2.13223959797662,2.87770520438425,2.53701267582075,2.42895455961556
"244","CBLB",2.32720370957695,4.10836938417026,3.94954693917072,3.64819182355645,3.35727518651851,4.77967413721343,5.20125995944851,6.55504827722447,5.7608315831602,5.51048082299056
"245","CBR1",6.44856889129332,6.10815970268087,5.81007124884531,5.53943574317989,6.78054774849127,3.65029724135232,2.56759093886213,4.39932241896058,3.50382784640809,5.54018924033878
"246","CBX6",2.10031782255937,1.32090164201126,2.4715048451629,2.47548012916787,0.850997427684427,3.56868328030602,4.70242009361423,4.65816389438582,3.8962504967593,3.7604764727049
"247","CCDC129",4.52631395456523,2.47847551572007,4.36869242023427,3.69158829157202,3.70333826691981,0.0122581465589909,0.78002905171764,-0.821546970426535,-0.119714005621152,-1.89961290304164
"248","CCDC189",-1.25284875031517,-0.310426719678805,-0.457770344812633,-0.0771332467667796,2.66295163034538,1.94614861426093,1.89373297999248,2.21942606324758,2.61013033102301,1.35482742811482
"249","CCDC34",3.25809862855292,3.65412055410606,2.49811131469742,3.36288286859687,3.11914618226206,0.828252320677938,0.964462226311639,-0.60115917688843,1.20706013288091,2.39563406949034
"250","CCDC71L",4.25402547011294,5.37500630941127,5.15072408393052,5.48865163999468,4.38142155522185,6.95175910240998,6.46968588248041,7.68024373347116,7.17869185690485,6.71008975831648
"251","CCDC74A",1.16417574817148,2.0726457621142,0.782688468270579,2.49846426709712,1.2596482786351,0.720124984862964,-0.460060611517777,-0.671564615763333,-1.84529840096507,-2.75336537288561
"252","CCDC74B",-5.51361216002677,-5.84312502698991,-5.57441334401336,-0.467825276137632,1.70856073966209,1.67217805420329,2.15766574929293,1.30721966402539,2.01093674700423,1.37362837940231
"253","CCDC88B",2.7667164118935,3.10790096164152,2.74721857653629,3.65912465133188,3.9182521228531,5.52317003484101,6.43239024118154,6.58005284264599,6.60625498726479,6.28265851049008
"254","CCDC88C",3.96119340574021,4.40112129601697,5.12384246983091,3.73446027489446,4.85395217077628,6.35880696150599,6.69622838534546,7.00696809101106,6.85413573158936,6.30767265199606
"255","CCL18",-0.158977858888828,-1.47071256237042,-1.22561738111155,0.93778752724488,2.18305351414117,5.95448013418174,6.19648307090354,9.4938832615632,8.18498369220681,8.01940398809009
"256","CCL2",2.5251205290351,1.359407968327,2.56908944186937,2.88047909580801,5.31773135888406,4.57166215778189,4.35254692743895,5.90351221601281,5.31770232762991,4.37765962602106
"257","CCL20",-1.41022502021925,-2.42128410255777,-2.63430028217028,-2.4493353878449,0.247851071413122,1.01499445336802,3.14824097030384,1.21183026877651,1.00457512119413,2.36481091751545
"258","CCL27",6.52537760519461,6.46014454558133,5.93163148738554,6.68026000034528,6.01303805222138,-0.525759804429216,-2.4104057023611,0.646548504031379,-1.85063073938993,2.49935270313008
"259","CCL3",-0.805588002935638,1.06401897596635,-1.25938710731045,0.954103293352276,0.287311293103019,5.80529542273322,6.64401100910447,7.76709826851432,7.38041377603894,6.13671020301531
"260","CCL4",-1.6290150205581,-0.167696913635188,-0.455461068901605,-0.334807165332619,-1.28132806748301,3.31521960368323,4.93789774479709,6.64761739091145,6.14378775279672,5.29365644593669
"261","CCL5",2.79739745131589,3.55478909646444,2.98950656921002,3.17960748386433,-1.28132806748301,8.41425720039727,8.34907407283391,9.21695971564964,9.82230180071351,8.08417593886757
"262","CCL7",-2.17666909484692,-3.56940388733988,-5.58732452148392,-1.20065905939564,-1.28132806748301,0.704021210444286,2.07513404078573,4.71987250595193,3.24914866880369,3.16387241939341
"263","CCL8",-0.538942048205392,0.755806415241649,0.52700164622512,0.498783074826636,0.127547521675694,6.50183373378125,6.73343097713727,8.77511718674852,8.64835554323769,7.43285720539075
"264","CCND2",1.08516775500358,2.3844587113192,2.41521417126571,0.762373228854267,2.27891419367807,4.60262590962397,4.11392556970797,3.92615839129701,3.7987124606636,3.13205944666089
"265","CCR2",0.600596761856143,0.686117787027988,1.17507728756891,-2.21797116899729,2.80953681375863,5.00998790787893,5.05010531779093,5.92330269956884,4.76533365949575,4.98240631492139
"266","CCR5",1.20798366993956,1.90708904289628,1.45627155560904,1.32089384575118,2.21089043299195,6.91150767209262,7.42587298446831,7.90587392796137,8.21406188991429,8.05337003266524
"267","CCR6",-5.51361216002677,1.24201686569531,-1.75864295760778,-4.20960480041059,-1.27782783918839,3.62607478647449,1.77090025679487,2.7191771408165,2.4400672797162,1.6819658465514
"268","CCRL2",-0.870410670334621,1.37445598824217,0.890280524189931,1.55656052592313,1.3758217121838,4.8557437184286,5.21768469363541,6.17055062253874,5.79626929334975,5.30939544381521
"269","CD14",4.4024439458724,5.60215127566847,5.25646076897444,5.85140085093609,2.63708841599699,9.56379568374617,9.48600402029574,8.81508478896742,9.52628713431736,9.45804687714453
"270","CD163",3.4100511447135,5.71328052307437,4.96947182272718,6.08598073430962,5.67852238775703,7.31327310952293,8.02882595968019,9.2207694878327,8.42812203209552,8.91004484423577
"271","CD180",0.332382447392456,0.502121628377205,1.83965573228845,0.85655199652169,0.903790397845318,2.55571590629221,3.75870178500819,2.90321450115582,3.72199283187114,2.90328728484029
"272","CD19",-2.14799848041289,-2.86773925369851,-0.765016111963428,-0.663824953091392,-1.28132806748301,1.9351788101049,2.72749963744937,3.0814715139073,2.79548461632563,2.28225471380153
"273","CD1A",4.67475041138221,4.90429644735916,4.40506716932061,5.86753768526083,4.23089200511103,2.7434628203504,-0.564034955383214,-0.738278700353881,1.45435205765135,2.8430445708636
"274","CD207",6.27500862772396,5.88270422909606,5.37769785219588,6.41978945671577,4.15997137687873,4.62373155867994,-2.27813314781031,-0.738012897734259,1.35779603740591,2.81887927695111
"275","CD209",-0.57987797071263,2.01841356970501,0.483427894896855,2.0704028250892,4.61602557918769,3.94133161163451,4.01868324563943,3.41752796132834,3.21631436377226,4.11699523104399
"276","CD22",-0.370593480479154,0.875017827734791,0.700726733657071,0.563247384394877,-1.28132806748301,2.27422533910615,3.33144977672608,3.26771437472924,2.14659449395438,2.92867171352373
"277","CD226",2.90656979892082,2.82454301929215,2.23144960496228,1.70120619583538,-0.0835264162279084,6.53252525797955,6.42319958405331,7.091325468866,7.52965827904602,6.34484513301613
"278","CD244",-0.613156049867316,-5.84312502698991,-0.48886296111945,-4.20960489090342,-1.28132806748301,1.63961451293264,3.81436199042762,3.53863521102202,5.2971445701238,3.40775534745251
"279","CD247",0.699249995471545,-2.053525568346,-1.36107775535321,0.576225754531525,-0.424350495329377,4.9008247506673,5.19143505189111,5.39883958398826,6.28333959768407,1.94049766441743
"280","CD274",-0.382523512993786,0.0228165561635143,0.857386597296877,-4.20960489090342,2.24264329701046,3.18334437017405,3.56821070456017,5.17615795858158,4.95877746664914,3.92292399558686
"281","CD28",1.77721880557029,2.87332236349833,3.42215122450715,3.77098060075835,-1.28132177622585,6.04942292501005,5.96054277820352,6.78568810641816,6.52203308840987,6.36719426068414
"282","CD300A",-0.512669150885514,1.43855197275754,0.534609745259346,1.51393415038607,-1.28132559213796,4.38346070307433,4.59243780313496,5.15835080895166,4.97832327058236,3.79952200704408
"283","CD300E",-5.51361216002677,-5.84312381214392,1.46450070316869,2.07377145969542,-1.28132806748301,6.37002026613542,7.21149379267854,7.30195943997373,7.42634628644515,7.28197819069588
"284","CD300LF",-3.74449843716573,-1.9532152902795,-5.58732452148392,-1.23403704354731,1.18764127455694,2.71417615952085,2.77189487865632,4.04580160585165,3.23230640529591,3.50015353826338
"285","CD33",1.2872988373103,2.33021427485435,1.59305085918505,2.91011302577525,2.27713658421627,5.08722908937484,5.37722353902025,5.40893276491469,5.75223816474414,5.21574648773563
"286","CD37",3.41536641101108,3.64617324211193,3.36824174058836,3.73829697632075,-1.28132806748301,5.29097542915492,5.75828634424769,5.98657604600731,5.99713106505891,5.85666979629266
"287","CD38",0.413734006890334,2.04943378763923,2.4204289054886,1.2980958866578,2.17460037636597,7.24886584611609,7.64401860382057,8.7374466201787,8.73051117046916,8.3635266852576
"288","CD3D",2.19724423825182,3.78813797005149,1.72165555315384,0.893176828413786,2.91483991610534,6.85581328399343,6.96101497518122,8.08000183476532,9.48738413066184,6.98146278598438
"289","CD3E",-2.45218583108301,1.40779707378041,-2.45333053771103,1.8989375384726,2.12982638165849,2.76418914057664,4.9726205408001,3.7398064098772,4.30701674733479,3.54122691601158
"290","CD3G",1.13565808633746,1.87200125380674,0.856671524478945,2.28533398041904,1.79744579128553,5.81128965768067,6.12742050450318,6.95587814117402,6.99102761228617,6.14475429062371
"291","CD4",1.43164457656523,2.99618927317961,2.11440041676572,4.17859536856244,4.97731906862373,5.15039110271368,5.05417622864451,5.85141062253617,5.62059863421646,6.35481393347033
"292","CD40",0.387507495689791,1.42987286683895,-0.830541941756353,1.2992699851479,0.975991521144137,3.72023793151776,2.43248292256808,3.88455047562038,3.91006729779123,2.64276066917054
"293","CD48",-2.17941770160803,1.93129345750229,1.33581258688031,2.72626694674682,2.28532274672456,7.00904225303659,6.6471937228715,7.48414223223739,7.71026586658908,6.99160783290537
"294","CD5",0.414192694083863,0.405375397750305,-0.0296975203592138,0.574817064038244,1.28834891164579,4.84829702276518,5.38019067737879,4.21392368230873,4.75063150102152,4.69132682268792
"295","CD52",0.51636298699737,2.23999876242989,0.46704885445364,1.99535646071146,0.111794818444548,4.82363988455525,5.20544450203475,6.05435496533789,5.85790991458857,5.47190552516479
"296","CD53",-0.548175131248941,1.72257692906768,1.52428464785994,1.29510399180895,0.157113785034386,6.21227265603414,5.3784801486117,6.85849138101244,6.62672780524417,5.6327253668872
"297","CD6",0.859258438099376,0.638799793578842,1.68530049482368,0.606408384839893,1.58255241474275,3.10989373018713,3.50064066775081,4.40649407983768,3.63081160932888,3.2839381516969
"298","CD68",3.24632355173557,4.89064550313065,4.50398812179053,4.25005064561487,-1.28132804466658,9.05020922470894,8.50189669737042,7.93466557526046,9.01140839387752,8.50050796298817
"299","CD69",-0.522414553039287,1.98384912078405,1.96032763388891,2.16040637271973,-1.28132806748301,5.43140708166538,6.52512763437575,7.17102632516748,6.95594879793457,6.12611790730946
"300","CD7",-0.146343705187186,0.516922369759334,-1.87476320073519,-1.57785038993783,-1.28132806748301,2.2893399043321,4.05903926898404,4.16650424348127,3.44289078183724,3.49442696749988
"301","CD72",0.194767027808912,1.48716346397,1.84967216988934,1.90078500493706,0.980277018393399,5.44673383881205,5.57007288098359,5.90355253627497,6.5147460525271,6.23220788921039
"302","CD74",6.61065801999296,7.75863827500334,6.85761632875441,7.85275602027707,8.26840145898898,11.3736702569685,10.8659090717808,10.542940269244,10.8950960075339,12.0021920156501
"303","CD79B",-0.458980972563427,1.03112943495374,-5.58732452148392,0.283253945570017,1.60677554145503,3.28980459707417,1.68021072327842,4.19785956482542,3.84482354616598,3.77037367420538
"304","CD80",-3.49576291237879,-5.84312502698991,-5.58732452148392,-4.20960489090342,0.385982152048685,3.78167902623608,4.79029936006909,5.4657856625602,5.48612028060462,4.6083335284829
"305","CD83",3.11995438278729,3.72933416907775,3.40388633608359,2.40717242975663,0.00879726927556606,5.80182613793559,5.65254157806799,6.76236063683858,6.66250381545432,6.50343541478268
"306","CD84",2.93806634239657,4.18784760598918,4.4646101886528,4.39164893024908,4.92971474819036,7.63081154345537,6.62294760067908,6.67785336302245,7.53700708425887,7.81571427341679
"307","CD86",3.18079970927261,3.71480878707053,3.07892419113176,4.03462193087746,2.21710387979919,7.44059656364449,7.39032820749694,7.84257723421014,7.92273434857464,7.83688092574523
"308","CD8A",-0.39680023212626,-0.0222280114354351,-1.9946482097745,-0.345337727487109,0.0137671457183715,5.15761960742996,6.14466745318634,7.8076500792769,7.79442364601073,6.35613327948674
"309","CD8B",-5.51356613871535,0.213393905545529,-0.720745467290965,1.83152032156832,1.92846144192305,3.98470028084096,4.54044324416488,6.53123054005956,6.00940257194641,4.23728815311363
"310","CD96",0.625259265400623,1.70097689837817,1.7081656213202,-0.26267757682244,1.74307105458707,5.4221566265319,5.82476243701844,6.22011782872995,6.32983056045272,5.52598753491063
"311","CDC42BPG",6.59883713319914,6.05556520782197,6.25386083821973,5.99725725338812,6.23411749249272,4.0411258557009,-5.05205282970103,1.79044311529139,2.41568173921697,3.45304425818211
"312","CDH1",6.8103374153454,6.70432980108426,6.50990911362407,6.12935362343354,7.27432742695798,5.18435132770245,3.31687280166184,2.0019469956122,4.03783055041309,5.59338126859999
"313","CDH12",3.02727376511728,3.10672846428746,2.96206143811743,3.02927678233855,3.29235286281804,-1.14256808572747,-0.977880733287516,-0.237462628735768,-0.297423245081435,-0.0491714695363824
"314","CDHR1",7.37996206256229,8.15139610312661,7.02566581397319,7.29586277749487,7.33105982536508,3.94479771001785,2.55452400708662,2.2031329650822,3.17104877278472,3.91567368737353
"315","CDK3",1.26726639410151,1.14028093656927,1.2774787060608,1.94966544185471,-1.28132806748301,-5.08799548519967,1.0050684791129,-5.11837404098588,-5.35326721304814,-6.21690319683074
"316","CDKN2A",-0.957902696511287,-0.522334911908347,-0.975467198592941,-2.76463032153384,2.85771009009152,2.19318273612939,2.05548318213074,1.97372768433068,2.574417161426,1.53908028191791
"317","CDKN2B",6.40917577462892,5.87558176479998,6.15550152514939,4.84638184127408,6.21105554156809,5.44976531719358,2.971575120913,2.36712382270212,3.23235080404108,3.39601089573278
"318","CDNF",2.14879458517836,1.3688462795565,1.70934353850173,1.86565700207002,3.6735632534195,0.28452244834994,0.246649814553043,-0.225338161819384,-0.760966904483511,-0.268577170672178
"319","CDON",5.60214937406574,6.54600239628268,6.07543211249674,7.05046369662989,5.64153587330657,3.02105029853198,4.00137540201372,2.79647234652196,3.5210463330603,3.75098621388533
"320","CDX1",-2.59423762650927,-2.91873887039909,-1.65656377358148,-4.20960489090342,0.127548475069328,1.39044846706298,0.634537756769207,1.32304119066254,0.474911641976812,0.530891172365279
"321","CEACAM21",-2.81187021429365,-0.26511594888803,-0.231678721579626,0.80702500702301,-0.0162560051802198,2.76880368813284,2.82197641976429,2.90375249410399,2.78688974059962,2.40670716366172
"322","CEACAM4",-5.51361216002677,-2.44453533560637,-3.37248589812832,-4.20960489090342,-1.28132806748301,0.763592233454263,2.51787678620204,2.98929072187563,2.57669331307539,2.22566046517494
"323","CEBPG",6.85272449417814,6.91971263110621,6.64638891209808,7.04482477197294,4.88712164446763,4.58931430405971,3.06992671933975,5.0912687707168,4.64752281851161,4.68893609494482
"324","CECR1",0.820234435578576,2.43104085117858,2.45691238575025,1.18393932485506,4.48290805748119,7.52942208086562,6.78683968758258,7.54921544986913,7.47583563920592,7.47595617998851
"325","CECR6",0.789604805962335,-0.571480312310483,0.253078803807319,1.26649638233525,-1.28132806748301,3.27218490152331,3.22513447220073,3.41904105929029,2.29446021321383,3.49791477850742
"326","CELSR2",8.13131014030623,7.5407859787858,7.39584429718117,7.53335790923945,7.89101338158093,5.98291523413752,4.13029351278664,3.98553060601613,3.95616628192867,5.35754516282624
"327","CEMIP",4.75966076126435,4.31979756584632,4.90528557000598,4.8514795973854,4.37710559380063,7.61593970570558,9.17818338003343,8.13239104345661,7.83560260254161,7.08099905248873
"328","CFB",3.4822672273844,4.27858649471341,4.59732494693086,4.30555888692824,3.39800350242409,7.21717774716054,7.86153117822843,8.2152584910281,7.80731484029224,7.70111115177602
"329","CGNL1",7.77524096276422,7.06936657866928,7.43648433838678,7.49919252402381,6.93555407425203,5.10588620463235,4.868268484769,3.61054806808463,4.005950569438,4.61396103353235
"330","CH17-212P11.4",-5.51361216002677,-5.84312502698991,-0.906653266742078,-4.20960489090342,0.669421341396368,5.50342686721079,5.34522904547819,6.19189923442131,6.54680282044133,5.20931187587705
"331","CH17-262H11.1",-5.51361216002677,-5.84312502698991,-5.58732452148392,-2.57952229112428,-1.28132806748301,5.66365316350934,0.873317728273678,4.72119275482901,5.73195771532847,4.90703910756317
"332","CH17-296N19.1",2.76351690387683,3.36563935052318,2.82255701069697,2.57503575047274,-1.28132806748301,0.584060736797872,-5.05205299086839,-5.11837980564277,-5.37326948825696,-6.21690319683074
"333","CH17-60O17.7",-5.51361216002677,-1.61963171146032,-5.58732452148392,-4.20960489090342,-1.28132806748301,5.86319885598338,6.8391902941222,4.94566646746843,6.3631783701413,4.99041884355498
"334","CH25H",-0.538945091167292,0.787187054396469,0.526999399033373,1.06523817802662,0.82656122726296,4.19416610795897,3.71308245744008,4.75935422240674,4.86191975454668,4.59624864405612
"335","CHAC2",-2.76432852470536,-0.163611916238975,-5.58732452148392,0.980604127087041,-1.28132806748301,1.87867730937986,0.721949898400712,1.95284888408992,1.71275293915239,1.8420319534319
"336","CHI3L1",4.65214111441688,4.761043112676,3.90030778723944,3.34204635924279,4.16774799531417,8.88432786048804,7.47136256841916,5.81658872322789,6.03670199601853,8.03323088720077
"337","CHI3L2",3.79074331995229,2.49508333685463,4.0779142345807,2.38083183176217,3.49336434120941,6.19730821571656,5.85402969701671,5.58676809224849,4.94040495272152,4.09699159259291
"338","CHL1",8.98958987410792,8.53134207233846,8.07952734923022,7.64508957700658,8.02811630467252,5.81968390176342,5.64036123345025,5.06360271454618,5.04485317505761,6.06929707722733
"339","CHMP4C",7.22379022531265,6.45138249908094,6.3614408757579,5.34219821701854,5.57676004230264,4.54694580356802,1.68028064217531,1.77177132557092,2.33697858177906,3.63496085669346
"340","CHN1",2.38454506876084,2.58645289411341,2.5540687829364,1.69317123881638,3.169978521659,5.40289861095262,5.90137515013981,5.47321316475615,5.25768413455275,5.39439034403251
"341","CHN2",2.23704728116396,2.94901085080265,2.40681933884896,2.56495498842089,3.48780336518874,4.71940858661027,4.71206978930305,4.38140081121346,4.87820950895947,4.5318776297302
"342","CHP2",7.59414007823772,7.52851532722734,7.00171733032903,7.37235720228157,7.14447550952914,2.97379965198909,1.64044611359528,2.24767675766192,1.17107043677815,2.15725664990546
"343","CHRFAM7A",-0.723978700925922,1.21050905351164,0.708566429150687,0.683642662578796,-1.28132806748301,2.8380312241851,2.04698955201583,2.08461484367233,2.87986627766079,2.14125981041212
"344","CHRNA1",-0.839099995605823,-0.389252797031568,-0.920744841207352,-1.82499584407832,-1.28132806748301,1.38909721389951,1.92558391184212,1.10440481140551,1.24845104559995,0.643330500280261
"345","CHST11",3.50865593493783,4.12046346577091,3.52318603691142,3.62655788949472,5.49416723489793,7.92237795810143,7.92923855647317,8.2871491677099,8.29534347609216,7.95904212527759
"346","CHST15",1.74130274057354,2.15241064745732,2.39018160968488,1.73317330320499,1.67727412225746,4.64120733048753,4.48942624307592,4.40700169623227,4.85019028940788,3.59802910830314
"347","CIDEC",2.14825097670702,4.07164555410235,6.47888193697912,5.11759554559608,3.39646661878589,-5.72599267913226,1.44960697812902,-1.80666689178205,-5.37326948825696,-4.58118253925529
"348","CIITA",3.7585067451534,4.8992935261352,4.36845667868778,3.26121047667388,5.0281406749451,6.80007429532529,7.32153579150206,7.16697282472248,7.34783109814687,7.87607308981064
"349","CKB",5.09215871616556,5.67145031661258,4.92388584028622,5.93658664001316,5.57707249454303,3.06795837032898,1.73399361762094,0.213531683937025,1.27868173553164,1.73016239060962
"350","CKMT2",1.58783914891106,1.41416912146087,1.55836160330825,1.19014277320397,1.43960755051478,-0.69770477458478,-0.472243625512939,-0.321760892400362,-0.726542254830935,-1.45177786627489
"351","CLCF1",0.0818258614074456,0.839378537286024,-0.491825082860013,0.922161871150893,-1.28132806748301,1.9726507829625,1.97643472492822,2.68626260516604,2.42650867740388,2.27581201896382
"352","CLDN1",9.63047540726836,9.53473552597643,9.11619617803088,9.22271367536211,9.88532712162483,6.76758682519815,3.61739759184305,4.62912152156873,4.6488897701396,6.28895839037047
"353","CLDN10",5.62519295767345,3.75337054084244,4.74229375354276,3.11937701002327,2.35540486015265,2.51778407306533,-0.825358730133542,-1.11495486768477,-0.188798151155248,0.132142163913514
"354","CLDN3",2.39719567587751,1.60177167004325,1.75423872983421,0.6195643468878,1.30068154960454,-0.0700405137441915,-1.18160933181587,-1.41845926017938,-1.70100522865373,-2.47263341439241
"355","CLDN4",7.62775320724515,7.65424418281964,7.10960407235673,7.33049166869939,7.95047018588704,6.74827735354864,4.93179398295769,5.0540190925763,4.99623461195109,5.36449946637213
"356","CLDN8",4.82606454974535,5.11235701855996,4.1583351062484,3.98144480624833,3.58360519703619,1.18761829138416,-0.135663460697876,0.597227565003064,-0.280369837817065,0.541094543114964
"357","CLEC12A",0.892595362350087,1.44056963758055,1.46691818232435,1.06851309287759,-1.28132806748301,5.65419612380977,5.53022585010041,6.10374737760649,6.31240726181145,6.41513462042768
"358","CLEC2A",6.58239337783579,6.20076584594131,6.10416963416837,6.83857608473152,5.32787372747529,2.22514878382261,-2.04912818558736,0.692160449265678,-0.190857627779262,0.560317942406991
"359","CLEC2D",2.12514387589306,2.06607108747633,2.61074433288989,2.27081110180117,1.72919885997981,4.80931435207725,5.66681552356548,7.00670933650857,6.63292794354649,5.56330556787118
"360","CLEC4A",-0.895837253925077,1.77949705222457,-2.8301650936543,2.38025404231642,0.0332666218109612,4.44323920272475,5.35684294072775,4.99047578096142,5.59602106097276,5.01551228128968
"361","CLEC4C",1.68791849347306,1.75335305388554,2.71084096817731,1.41831488307474,2.95918309052458,4.23930524064701,4.3387171959457,3.64523171765715,4.52531891393354,5.30299640621982
"362","CLEC4D",-5.51361216002677,-1.49858003798373,-2.67424323584719,-1.24322821682247,-0.250532186262896,3.91954769988234,4.08122558055814,4.89818656702047,4.29550482799281,4.0450919605142
"363","CLEC4E",-0.250460272299751,0.387202393441076,-0.381628551186054,-0.00735043945910289,1.11859854716686,2.50459747217938,3.00967130711804,4.15124206959833,3.25795267433988,3.4162591862293
"364","CLEC5A",2.62340632293767,3.12505396892247,1.22017199470352,0.259607987140471,0.270467468396789,4.2865846628767,5.75244612639038,5.10673408986908,4.35421609295687,5.99167329447695
"365","CLEC6A",-5.51361216002677,-5.363259548745,-5.58732452148392,-4.20960489090342,-1.28132806748301,4.07536773012141,3.56318416085714,4.22022996418886,3.56519520459986,3.74253002709014
"366","CLEC7A",3.50051332174963,3.31469827766996,2.79824408723209,2.02204457904764,2.51308824877134,7.30033587858008,7.5177403939396,7.31974310065456,7.898406906065,7.00066072183523
"367","CLECL1",0.580235959399643,-0.0374074808678807,-0.537371484758679,0.455168013508008,-1.28132806748301,1.09232789517319,2.43663451129254,3.35543801817004,3.18521851344074,2.28523314677064
"368","CLSTN2",5.52511271485228,6.31671089369088,6.50702099365139,6.43015838061967,6.56872956638401,2.8184647634176,3.21666120654371,1.60097338712241,1.32140827358196,1.47429641668951
"369","CMKLR1",2.08623661809819,3.46164170750634,1.69166582856344,3.5467140124428,4.70645721702983,6.4446203909832,6.28474742365901,7.05432198636485,7.14688648637936,6.8467768775922
"370","CMPK2",2.18935532623525,2.13281060981219,2.46884871404632,1.709956295015,3.98518772404399,6.06596990602787,6.02417630556272,7.90532597839444,7.49077320617967,6.26148055226483
"371","CMYA5",5.34051891829805,5.07892078466919,5.16165669014753,4.2255757596361,1.70480106188969,1.98137402482406,2.51695619036157,2.46342793874609,1.29666386103224,2.41152382164573
"372","CNGA1",3.15391908595621,3.55766522502091,3.57143220833065,3.719571980152,1.45700917802543,1.69984141368524,0.0828731144723581,0.641737036084706,0.308061006963837,1.22128589870175
"373","CNTNAP3",4.54006820363162,4.43763884038468,5.93341439502746,4.9892482335739,3.97972333680098,1.5581180958599,0.136298814518776,-0.281713026566217,1.57747563888887,1.58539355866914
"374","CNTNAP3B",4.35624543646607,4.90585180445703,6.56791309365491,4.66414249801281,4.3216493225814,3.13433299561307,2.96376861149427,2.322928264043,2.43567014148933,2.00507518348791
"375","CNTNAP3P2",2.49782201213525,2.37313668645729,3.1772876310344,2.34182819588027,2.68341463752697,1.43042525228353,1.29082334526824,0.279127398068555,-0.717788483854444,0.198689922986419
"376","COBL",6.7364639769813,6.45041007323945,5.87688582018914,6.60575543121574,7.36254665313585,2.6955132501266,-2.4038230786351,-3.79286395437448,0.376578617412823,2.43331421662351
"377","COCH",2.75617672013381,4.59880284109781,3.70704314788809,1.82456363602806,3.41035561872901,-1.41333228418564,1.1100389319366,1.68246221057701,0.971262837294767,0.293934492435431
"378","COL17A1",8.72747410894915,8.06258673671589,8.0350867613613,8.28481988761812,7.35945933852436,6.03515072901415,4.52794924639539,3.29956633076083,4.43619463385355,5.36249316493216
"379","COL21A1",4.03633581479053,4.39567333085155,5.13917754479221,4.94986343429145,4.61072918706157,2.75975168939214,2.69273547317898,3.18789424051002,1.92327337026694,0.839055139448621
"380","COL25A1",1.61647850011074,2.34791926579079,4.45860502401432,2.81253574544098,3.11479147095493,-0.127147320178271,0.618263215441345,-0.85093640107918,-0.186244058941202,-0.4951725532792
"381","COL4A5",6.06207203903619,5.7738329185773,6.34113559964261,5.88031367876535,5.96929715560375,3.63460990996829,2.01296617856178,2.65629078492487,2.20011757694316,2.97509454599669
"382","COL4A6",4.5946642197919,4.67307173519061,4.97553005863774,3.96176198815084,5.26941755464258,2.47101873674437,1.17918964904674,1.73539311919952,1.30686593099714,2.31730129352249
"383","COL6A3",9.11287500167118,10.3179246189249,9.65518594006817,9.70240752478315,9.18742785682118,11.9746324336624,12.2609962724618,11.1344320335684,11.4104163668597,11.4408048185042
"384","CORO1A",3.25622887852902,4.04644711275332,2.37157354850027,3.39909412279097,3.37288361431714,6.17629559515501,7.14209217703971,7.91458343764385,7.68060392020989,7.00884311622436
"385","CORO7",3.60132293551605,3.75917986563393,3.88858048127194,4.29288891159283,5.29364831275256,6.39321246945831,6.56912562789937,6.90757679533814,6.94618160806904,6.2222117247148
"386","COTL1",3.62935983545202,5.67550958476222,5.40782282786025,5.73283893482274,3.85970316727749,7.46863933252065,8.2497918605418,8.23822137841571,8.78577036988445,8.25972153085214
"387","CP",3.19468055997882,4.60869632925886,4.54563132648952,4.98782297579109,5.93269696710259,8.19574061162139,6.89829317283426,8.08060407987794,8.13881357255271,8.30365582330814
"388","CPEB2",8.10025751374627,7.69053008666192,8.23169797366772,7.68487315169725,6.64143248939136,5.89493477923387,5.13126024640833,5.71028514876557,5.54204697096805,5.9330613496036
"389","CPNE5",1.01455990497527,0.0664123406562412,0.549037917960553,2.04341094205725,1.40977825379837,4.40718606968488,4.2636925995681,3.93489673341578,4.36746461791462,3.10226788499895
"390","CPNE7",0.248653474307069,-0.827944026250393,-2.60857919777647,0.0748909292807053,-1.28132806748301,3.19217094215382,2.02851900173169,3.04279979879457,3.26503637120992,1.45359397957352
"391","CPVL",3.27545524087387,4.55949159079998,3.82199369813266,4.07406617630938,4.38847691817768,7.36729493891783,7.21731781291115,7.22166574628313,7.77549273951132,7.00557205516522
"392","CPXM1",3.10596087781997,4.55884955941734,4.06474378044761,3.66494563419891,-1.28132806748301,7.14492633040999,8.13327301015448,7.24085732990136,7.02789691326583,6.71359232376882
"393","CR1",2.18303169794913,3.3827347441787,3.47239257155462,3.91509803128269,2.30765153784098,5.59428560966141,7.18702646782238,5.99763428629251,5.62980156266626,5.80510828151818
"394","CR1L",-3.37811232972183,-2.55727203595264,-3.64779195981069,0.0167357174366957,-1.28132806748301,0.296347077661724,1.49194163401626,0.691088797241417,1.63805229077514,1.19551537825741
"395","CRB3",5.12777206172223,4.80790813053266,4.13781556471964,4.3981117905101,4.71140788097351,4.16681637164189,1.0636845041389,1.10637889049179,1.21877384442992,2.46976723621549
"396","CRISP3",5.48715583646241,4.1054200378905,5.63223889734248,3.49773262407411,1.83920887258854,0.518168749000204,-1.52098854634645,-2.36644852939979,0.401962887615013,1.71881554310067
"397","CRISPLD2",3.36595806518711,2.9952663643915,3.73757828843625,4.55616428035701,6.1685738357693,6.50143668087338,6.89152408335187,6.14748595711362,6.12252417411369,6.36779056698633
"398","CRLF1",4.37380968300225,4.01359602820031,3.51899914238666,3.07595430199069,5.63334424548531,2.32212803036669,3.33496441765471,-5.11837980564277,-2.53184241661311,-4.46493276260456
"399","CROT",5.26443347618478,5.61695176352347,5.53547615102813,5.23753905140632,3.60268664342951,2.51489520020434,2.49154430833587,2.52940457539331,2.1152290125299,4.19982001896553
"400","CRTAM",-5.51361216002677,-1.19105056141288,-0.701156069044636,-0.728043402832523,1.35650152972907,1.78514418718325,2.10278361136942,2.90002308647868,3.45146158653542,2.4879456267913
"401","CRYAB",6.67911862222384,7.16149315832917,8.50376930135898,8.10300795712678,5.97077457137361,3.916923331983,3.35835224935859,1.22274654637666,2.16555622269252,2.93559461052045
"402","CSF1R",4.88112995544067,5.77289966895576,6.14513258687916,6.56924085685814,6.84560981537628,7.54699204272534,8.04923072842011,7.78469286041818,7.94664510049468,8.82521185655566
"403","CSF2RA",-0.359085885283111,2.30226354998791,2.11638854505779,1.97291565634065,3.24527116986572,4.0125958559188,4.05913868698374,4.16274159547913,4.18693484917072,4.4544751295696
"404","CSF2RB",1.92862874370938,0.453345528417271,1.20601594917586,2.15345839997701,4.10542417436274,6.60036128188211,7.13396726442861,7.80932834743363,7.61211801170907,7.36823168229641
"405","CSMD1",2.84117174727726,4.22375285255828,3.92254419093293,4.36052004787911,0.530789323796633,-0.411214058590111,2.19622939834688,-0.704445113458662,-0.954182176120842,2.09350286009288
"406","CST6",8.31878849251109,8.04308460630123,7.48231569861982,6.37107334584083,7.9964440128588,6.1123962520759,-0.0310019374897251,3.50139880074255,3.00571066338726,4.98284460209184
"407","CST7",0.468380769021431,1.24950743146796,0.999754017048786,1.12224462848144,2.55079189371089,5.49605283665222,5.76784806898933,5.42629610843483,6.31742463031738,5.46578678727959
"408","CTB-102L5.4",4.49036590233679,4.05371294239839,3.79176029206019,3.92723028199199,5.42602177470518,3.74576021519866,0.552154312013445,1.42119573060028,1.03897985581387,1.23283035685745
"409","CTB-109A12.1",-0.649231869161769,-1.48531104166679,0.466786048833175,-0.941713421424841,-1.28132806748301,1.20595965787361,1.9107071075123,2.13517283330837,1.76376960279055,1.79986364081031
"410","CTD-2192J16.22",0.943774302252759,1.15276137131177,0.832851159971041,2.50907414589968,5.1737794577293,3.92622679889401,3.04205832800825,3.95769838542656,3.91766738409233,3.15145560534852
"411","CTD-2331H12.5",1.69922921016592,0.61984626031502,0.0515903747344681,1.83311019092411,0.736003564620812,-5.72560159429656,-5.05205299086839,-5.11837980564277,-5.37326948825696,-6.21690319683074
"412","CTD-2370N5.3",0.54504757837902,1.40291163588459,0.779603166080678,1.97932678362796,-1.28132806748301,3.08598844495463,3.12110174766202,3.89682812365496,3.88602649215273,4.55306169763701
"413","CTD-2545M3.6",-3.57437107181548,-1.65330943444332,-5.58732452148392,-4.20960489090342,-1.28132806748301,1.27634129000377,0.954249432644771,1.13625693425672,0.483477778539768,2.27075330046103
"414","CTDSPL",7.99713477432757,7.87045942569538,7.606809875917,8.03278728483818,7.58561234624267,6.51211801042768,5.3691308584817,4.86835171687318,5.30596926535629,5.38155666856414
"415","CTHRC1",4.40130357668232,5.8112539368883,5.32881932703753,6.05788827528721,6.96604887766092,8.00771555543884,7.89406460766642,8.33380353056926,7.74974424101244,7.18971739037884
"416","CTNNAL1",5.91348723684258,5.86271511989044,5.43717203760202,4.5593674362184,1.68025978862424,2.81335159049439,2.74912923129469,2.84164722595449,0.952212606462599,3.22395341830568
"417","CTSB",7.25958779212823,7.66117608035354,6.75908418369845,7.13223921842494,4.5823483260693,10.7522681415546,10.7820656276078,9.84015456979945,9.97695574030384,10.7816293903412
"418","CTSC",6.21260696496425,6.96234702611418,5.5475284328873,5.60879285704104,5.10816659466805,9.85995386949352,9.22665308930294,10.6357237165905,10.7113700338219,10.37846986198
"419","CTSH",6.41437479289861,6.17904878037498,5.43111958089031,6.1600709945466,5.15254511124847,8.53337663828384,7.78655930597869,8.02904111541657,8.57399962708364,8.54975997628717
"420","CTSK",6.75502384061372,8.4025842111748,7.01391487820652,8.59695638241181,8.86446495016984,10.4075871707109,9.34416456514203,10.7739363384087,10.2652509721342,10.194229112829
"421","CTSL",2.29495384893002,3.02678256030988,1.66446170233702,3.18419146137726,4.30294034032059,5.52839167039263,5.76465386313877,6.26499018803311,6.589816907309,5.63676300223795
"422","CTSS",2.69365499761896,4.40441104759339,3.69619420711824,3.88544192436372,5.42432772631441,8.75090152223107,8.33549821415891,8.97605441815852,9.2530399024191,8.85900857838538
"423","CTSZ",5.29284610490426,5.98031134370292,5.33202644518117,6.12201117037205,6.55471556142406,9.24233241425503,8.81731741278165,8.41503374783382,9.05427518897998,9.4398152651588
"424","CTTNBP2",3.37688329262114,3.10725697567995,4.29022177572667,3.3864370144438,5.33709812682595,1.01580423263507,1.48464469063128,1.03059040878996,0.212671104988212,0.209035037620738
"425","CXCL1",-1.75422945027877,-0.675493964535708,-3.72311490512735,-0.483645663646983,-1.28132806748301,3.64772022057181,6.10959587404523,4.79464837424545,4.25335915504319,4.71121651920472
"426","CXCL11",-5.51361216002677,-5.84283320988116,-5.58732452148392,-4.20960489090342,1.0012940977482,6.23181297256357,5.80662693195462,8.56685909606799,7.8736711148871,7.43505180945257
"427","CXCL13",-5.51361216002677,-5.84312502698991,-5.58732452148392,-4.20960489090342,-1.28132806748301,3.34711320130391,4.53316514506291,3.77659160724861,3.06925979476487,5.80601218383567
"428","CXCL14",11.4155277317752,11.0789687249419,10.8876871109022,11.2640016633915,10.529652031747,8.29463762257931,8.0653368286704,7.63313030981817,7.04144955181909,7.35039059962274
"429","CXCL16",4.89384456329831,4.57232564028013,4.95404855735636,4.5006585547598,3.57302911670041,7.18202729207513,7.33958456454149,7.16637677651671,7.7096356184578,7.83931226147257
"430","CXCL3",-2.90288295730189,-1.18140595365869,-0.409660266108434,-0.637774544132966,-1.28132806748301,2.31150127472558,4.88664793205335,2.92374987593859,3.84378157000276,3.38190158019565
"431","CXCL9",-5.51348949886894,2.31529372585873,2.13725406551858,2.81269377437821,3.15335058997927,9.45344198045832,9.70186018019521,10.9513657325399,11.1321266327423,9.94387140367927
"432","CXCR2P1",-0.688276967236023,-1.30938417080347,-0.627431542260714,-0.918670381761937,-1.28132806748301,3.24076914984611,4.62107608709997,4.6284600282565,5.42415875227282,4.40428429497541
"433","CXCR3",-2.13281817111982,0.200279875955446,-2.82612438093114,-1.00201741742167,-1.28132806748301,3.62023779005692,3.55401086869277,4.04382148190885,4.57980234177548,3.28741839399591
"434","CXCR4",2.61291767227598,1.64113901038865,2.37179864061663,3.25213069822457,2.96171928621657,7.67535725809585,7.75566711906783,8.13571419539715,8.34299134995845,8.20269154496778
"435","CXCR6",1.30741998669373,0.980786910424206,2.3638080603155,1.72383117221083,-1.28132806748301,8.06015876454391,7.45930690569243,8.30000379585586,8.50734974520284,7.50081996981889
"436","CXorf21",-5.51361216002677,-0.643566041394752,-5.58732452148392,1.03146766383789,0.885558158651571,3.40073363098356,3.98319407370307,3.74459212635284,4.2396729209902,3.78849547922549
"437","CYB561D2",1.13880457302784,2.93991320663506,2.60305171979931,3.72274437414376,3.90938455060593,4.3320565056772,4.76415249359648,5.44284567298306,5.37559831002382,3.83199040394675
"438","CYBA",1.42789795140494,3.10408100504016,3.12274372504433,3.74412375334481,4.75830397710119,7.40806277738017,7.19239590196482,7.48532586177659,7.76215361877402,6.32673558447164
"439","CYBB",4.82413372766013,6.90395148468543,5.83591451522482,6.9747816673521,6.81405346974828,10.6616729648597,10.7609810925261,11.0351884464869,10.9462999208632,11.508362291595
"440","CYP24A1",0.21397852634236,0.0272382712948005,-2.35665676049651,-2.28437202844416,-1.28132806748301,2.59884495783852,1.44124938767985,2.7011276318836,2.03183801807464,1.84457588501095
"441","CYP2E1",3.47087273679403,3.54146753139479,3.07658140841613,3.96454352529536,4.7431167559202,2.30496414772362,0.622326738448875,2.13551827710261,1.61452402628951,0.769408699235249
"442","CYP2J2",4.52719389016047,3.36780921887894,3.35902692379325,3.98530207742187,2.68420909748711,1.07575032850197,-1.72255740407239,-2.61393904781186,-0.861502089325489,0.420818813512467
"443","CYP2W1",2.28181344996032,2.56487055177328,2.61900146729451,2.9399458030968,1.95868656267887,-1.77068424200471,-3.01471797133051,-0.967821205875424,-2.74795234159931,-1.30536695003859
"444","CYP39A1",0.70283522766216,0.170356953206372,1.01384606596855,0.932929327166295,4.10645250632114,-5.72599267913226,-3.35893288786813,-2.03749790824781,-3.37174403383214,-1.59371289349587
"445","CYP3A5",5.94894815557254,2.97272252163202,2.20885478517451,2.35178387553317,5.34434057721106,-1.41722226283416,-2.79595697628193,-3.21102393133065,-0.0795026994927359,-3.82298553155058
"446","CYP4F12",4.72460332997524,4.11808787214457,4.35622228872145,4.62720109894189,4.0182661409511,2.85393898922322,1.79417267804079,0.608898784585263,-1.83253072971823,0.577392707248827
"447","CYP4F22",2.4337929448147,3.92523506918008,4.39008011008968,1.65252407591229,5.57201535797899,-1.56717607072357,-2.78347409096424,-0.781496963395595,-0.157904413519679,-4.0680661326466
"448","CYP4X1",3.19555576799707,3.47613512544689,3.37618464405981,3.97607836435491,0.555202640532358,0.894398083965109,-1.51470544582981,-1.54484461674071,-0.310761801926136,0.0614134645586925
"449","CYP4Z1",0.987815442857852,1.21899268247397,2.72159481214059,1.48146220410158,1.0144151030501,-1.54557298673488,-1.418701708631,-3.24171263805307,-1.15671713799511,-2.38881190273987
"450","CYTH4",2.03753469272803,3.57488547281475,3.08395218589126,3.53771231621493,4.25235268418083,6.15297741189988,6.84282841248482,6.96833378452357,6.94276834552885,6.34959718571485
"451","CYTIP",1.68829334030914,1.91102395113568,1.76098696389198,2.40777388199581,2.52321150179571,5.76043462511259,5.75860252601173,6.26201166385546,6.29541074064629,5.56735056852953
"452","DAAM1",7.86186323925903,6.96286276489736,7.68673285972399,6.37253239371493,8.26745960176338,6.2321149413854,4.43210825729282,4.47110328492018,4.54292939543068,4.49153098333969
"453","DAPL1",1.86961205510688,1.85368522877722,1.78525691487532,3.47247147749893,5.63279687975278,-0.40059954739211,-2.85084281866926,-1.74343735589964,-0.605671888830548,-2.17539849310881
"454","DAZL",-5.51361216002677,-2.48414322705971,-4.29096924722277,-2.87795796809282,-1.28132806748301,0.903353037670048,0.877414195992561,0.752476414025711,0.15483087560006,0.481876517293555
"455","DBX2",0.557894925585313,2.00007356932179,0.503691293172509,1.81281615584454,1.93225306944083,-4.19104259604029,-2.65448317947624,-5.11837980564277,-3.8131768263724,-6.21690319683074
"456","DCD",6.304639654223,6.13326983697014,6.40688581412594,5.04485659494165,9.69764719958592,1.38445287592508,0.945090723690441,2.59625730213012,1.50625297362709,1.87478488839593
"457","DCST1",0.665063326639123,1.40353723285296,1.21407217677617,1.5850119132692,1.81132278556189,-1.31287907995837,-0.902533776221131,-1.1768370658812,-2.57358647284334,-0.0385348223739896
"458","DCST2",1.03032805192046,2.08912619695722,1.53178109813019,2.27156374297616,2.00417199362154,-1.2059318998454,-0.786547240629913,-0.376105198781607,-1.38860060050305,-1.37430078880256
"459","DCT",9.68238654061817,9.56314980815878,8.44626692893529,9.10604599176337,9.95645299813966,5.61789287343795,-2.34408571543666,3.65766113077204,2.20260756443449,4.2589912621349
"460","DDIT4",5.10758679108901,5.24004353805242,4.33299563408632,3.94739352142333,2.72295506659658,6.54645015748444,7.02780548583584,6.71112590983808,6.56319995903243,6.26157967270059
"461","DDR1",8.17815192929498,7.76444543027812,7.72222059717256,7.84403660860735,8.24754523590452,6.62156349587378,5.16841065272153,4.73973970871839,4.95396486519511,5.44835372509855
"462","DEFB103B",0.107993609454568,0.94399982674291,-1.25885561057922,1.66729944305028,1.58548171452213,4.85078003806794,4.01845880863777,3.4220023112674,4.30592701378336,3.47368473712577
"463","DEFB4A",-5.51361216002677,-3.44704182804727,-3.99843683015113,-3.44539654146775,-0.208514148433684,2.40006637976294,4.29165679246,1.33706817912302,1.86069882623265,1.11917756889273
"464","DEFB4B",-5.51361216002677,-3.45252714115013,-4.0029559982423,-3.44817866808133,-0.212064327250453,2.68562763729218,1.67888932597979,1.33037071201721,1.8539690897345,1.11244474998493
"465","DEGS1",9.79279258189625,9.53155476455106,9.27862703739299,9.22261125282069,8.11739447207889,7.61520492396969,6.38376882874786,6.4613301482667,6.68150481437444,7.05723092722617
"466","DENND2C",8.09533749281075,7.74746816210315,7.74698005668356,7.77459047956894,6.12851371730536,6.70876593401329,4.36530265797808,4.5200085570396,4.54793895955045,5.80138961165644
"467","DENND3",4.13415114010707,4.7835864601699,5.32171037542883,4.80505430191383,4.31062768244893,5.7999337511637,7.11929885802229,6.99275904687893,6.90579748281959,6.91587504486031
"468","DERL3",-1.98982790157659,-1.23956289044423,-2.63493639831834,0.678512468967278,-1.28132806748301,6.62840122642467,5.56409741750685,5.66936727617244,6.617990634895,4.10348468570279
"469","DGAT2",9.04711989900409,9.27890041418257,9.22968573299425,9.07559550843293,8.38861790230152,6.86621436600893,4.44402855373175,4.61474189805538,4.67258984299266,5.40400664862536
"470","DHCR24",8.67858790192985,7.34906336973532,7.22279045321498,7.91399361577639,6.84183277762641,4.09975515709081,5.36887462712968,3.03994662924101,4.57247780575189,6.51812128280955
"471","DHRS12",1.11752988635675,2.09946780678152,1.81424629837986,2.65899942201481,1.33898159205568,0.163258888572663,-1.86363076854835,-0.0193027239661474,-0.338466891790333,0.608716779667233
"472","DHRS3",5.37372064767642,5.7281355936666,5.58435306856176,5.94283209619817,5.52375955704925,4.19770139968831,3.57621370761794,2.7062556641247,3.39460353395819,3.39716597385485
"473","DLEU7",0.346778864222098,0.325665881602134,0.882987420635242,0.456696238898883,0.793047383801267,2.5679435822077,2.82328589913303,3.40448219792197,3.29987370912334,3.49571300070054
"474","DLG2",5.33577299961342,5.44863143790676,5.46001650044019,5.10419752047617,5.65886563615434,3.4563845438879,1.18159411005181,1.84541131629025,1.58896847556089,2.3516829301505
"475","DLG5",7.83710854468038,7.71271612510823,7.75103304232609,7.67769404014219,7.48560685503768,6.05821942761572,6.10882967760688,4.7825389926806,5.32654836603461,6.05766647276675
"476","DLGAP5",3.81953586139265,2.68842043384029,2.17165795024566,0.458660874146896,1.77047044570033,4.31635768266026,5.09269165895346,5.49118876986614,5.91842062894402,4.56494905449906
"477","DLK2",3.50546367310772,3.09936914526752,2.47869056104929,3.7464603035707,3.77064079355161,-1.1483281051908,-5.05205299086839,-1.5912237000398,-5.37326948825696,-6.21690319683074
"478","DLX3",5.9200849775761,4.95873437962643,4.98172108547724,5.1305559284173,5.81202769913295,2.21222784563258,-1.42138761203282,-0.268668363804082,0.0202986104986204,1.57038070373986
"479","DLX5",0.762835223652383,0.467732545533516,1.38689449421505,1.33994775107688,1.30867855953725,-1.59912344723551,-2.02786840507275,-5.11837980564277,-0.643597305758635,-3.2979123323255
"480","DMTN",5.22275071809714,4.43780065786811,5.23964776130667,4.73683429253667,5.07935273389392,3.03248082629351,2.75456870533717,2.05265375379435,1.89403852003682,2.72722473033412
"481","DMXL2",5.64035820973221,6.11451637874641,6.56133507947314,5.65091799233629,6.37259308820278,8.58147643142834,9.06888468528285,9.85431670701245,9.82803631298918,9.59617094984658
"482","DNAH9",2.26380155658562,3.23994269811268,2.61158741723941,2.80521622649868,2.66759938859955,-0.117491770637418,0.617730440870993,1.22827038338764,0.223850216062363,1.00296914835538
"483","DNASE1L1",3.45798538125385,4.35659222401287,3.64631030029324,3.73463492648777,5.27482488018617,5.99725904905072,5.8070606796583,6.16102755400161,5.63124006749197,6.09569568312755
"484","DNER",6.33718769259628,4.48348307813357,4.41171411574065,4.84112984322571,5.24334999614131,1.55746548595466,-0.217253959987017,0.00313979273073596,-5.12755058871018,-0.0514481229257303
"485","DOCK10",5.41344430921867,5.80173456033093,5.54363005023828,5.19392343756312,5.59496520752485,7.61223363835749,8.01114047871248,8.4646950723362,8.36358423577845,8.36046452701169
"486","DOCK2",4.02686918727456,4.94793210833058,4.20734214849923,4.28558413686926,4.99601417593414,7.81428826747039,8.03576149876552,7.91843959209139,8.33481936624777,8.08004038558679
"487","DOCK4",5.4685129220999,5.51574514651177,6.83319440194078,5.97459677063421,4.72642237608778,7.48868929771555,8.133648583904,8.20867594472499,8.24011912113142,8.48782084334087
"488","DOCK8",5.73830955923191,5.5691674305088,5.8825293650607,6.1193678517837,6.57749393748769,7.86108553995848,8.64819868869442,8.8618808142974,8.7469799515674,8.73025396562473
"489","DOK2",-2.08076747864713,1.4234322031496,-3.58809343138604,1.52986176950643,5.09471649645735,4.94630092586191,5.26588528843144,5.04310222993515,5.03782441185377,4.59228517567979
"490","DOK3",0.574426130262915,0.706636035844363,1.23197490894569,0.900356689790635,3.00559246221869,4.04772029601413,4.30620641731614,5.04843444371932,4.5946913240228,4.19249513170918
"491","DPEP2",-1.02782588438651,0.965010260472057,-0.0249662486926931,1.6820179468824,3.55419051280507,2.05830611948517,2.90393821018339,2.73381800976236,3.1781092694266,2.9928147382447
"492","DPP4",3.2707368727541,5.35182452527018,4.01118268626207,6.10463226085032,6.1367794571413,6.68754644356152,6.98848554352929,7.0157617494149,7.39880453386214,6.97302918497051
"493","DPP6",3.5625857150744,2.9948417151009,3.07870532530491,3.62934206037438,2.71763737365057,-2.62997868470207,-1.88541724224039,-0.385063798079379,-0.982889872216339,-1.72763130367063
"494","DPYD",0.68711253404912,1.0943714148345,2.31750849707514,1.3326011246202,1.63823423125687,3.0519206103314,3.65169906488869,4.51187238747114,3.98813113150184,3.82684999538344
"495","DRAM1",3.47405419061416,3.48369305731938,1.43404412129202,4.59024867304402,-1.28132806748301,7.46244450035628,7.68867256362928,8.31777156328298,8.15965487288931,7.85426005794862
"496","DSC3",12.4579538516447,12.3033708367121,12.0188682861372,12.1498887192633,12.025157817539,11.0880100685578,7.24604789304999,8.28214659190784,8.19822667337451,10.0074846472882
"497","DSEL",5.51079470565633,5.71495020934019,6.70625751895057,6.27055566392536,5.00993714696243,3.55906101070212,3.05954444707692,2.42788934468607,4.04255228736392,4.87651325117962
"498","DSG1",10.3953259873182,10.0385450519168,10.2218853189164,9.93403067691552,10.9093660526057,9.93829504882339,2.88570384639824,4.39007075838788,6.53050571137532,6.66927043929134
"499","DSP",13.6429528579031,12.7710302040885,12.9428750789834,12.9952653203476,13.2675992871314,11.4205495598266,8.01760524464181,7.79846346124968,8.44679608134515,9.56219269231906
"500","DST",12.1817751260273,11.8508003015787,12.1367953337981,11.8650389630702,11.3677040703676,10.731466676378,9.44691351389197,9.18628584942709,9.14817548743958,9.77940493576591
"501","DTHD1",0.68097624815197,-5.84312502698991,-5.58732452148392,-3.00563974986578,-0.259891229629453,0.992483573214281,2.19590429297865,2.40144892449305,1.53089683610186,2.51484621261592
"502","DTX3L",5.6553037377998,5.67986047218556,6.3456334204512,6.18643090497446,5.68574629367383,8.04955778333976,8.61831345841848,8.67832807909959,8.5600709004502,8.91862451520699
"503","DYSF",4.07688647396108,4.96797491834272,4.05973436355633,4.15277753716728,-0.243601025974459,6.47844038307493,7.77461082912527,7.22515943559843,6.83454775446541,7.7072131261604
"504","E2F3P1",-5.51361216002677,-1.22087447886654,-2.41216358225104,-4.20960489090342,-1.28132806748301,0.742874901637671,2.09394437506913,2.96516533693054,2.41598004732505,1.66176426199509
"505","EAF2",0.364458939886257,1.140686811553,0.651681339766198,0.603252728253668,0.310618356443848,3.72189609236318,3.91940795324516,3.95740220746816,4.25298322212171,3.67014852585405
"506","EBI3",-5.51361216002677,-5.84312502698991,-1.2904780290711,1.30299651990678,-1.28132806748301,1.73148815377088,0.945766011222576,1.69015697022864,2.62990771347544,2.4155836452782
"507","ECEL1",-5.51361216002677,0.305792270927261,-3.75194670494461,-0.119734817383652,-1.28132806748301,2.52326588478908,1.9781038355738,3.70997487806884,2.1038936911854,4.22713036427372
"508","EDA",3.9943684138386,4.69891467160093,4.3521506872927,4.05663089749414,4.68769813495243,2.44555051211551,1.88348834015012,0.937672999143928,0.964082039784228,1.74871041718302
"509","EDAR",2.17775476274847,2.79536074842812,1.64482827439034,2.0751181670196,2.57151288357195,1.01549883231864,-5.05205299086839,-1.20241217875799,-1.6868487999157,-0.660056413208936
"510","EDEM2",-5.51361216002677,1.63272830739362,1.12270192133479,2.83346139353172,3.10399963852837,4.56356119184475,4.52723199242266,4.62978208400873,5.22986118840295,4.81225616385243
"511","EFCAB1",2.25014210669525,2.93630609630625,3.46032963961843,2.4189692412685,3.59840772235995,-1.03310338798507,-0.157668463646878,-0.451161607953259,-2.50388038788324,-0.758719061985792
"512","EFHC2",4.25799525340958,3.4957239477883,3.69134954788074,3.99524144410608,1.79875351620897,0.564116280014412,0.0425723255719746,1.20260044345154,1.82482240515951,0.894070481950135
"513","EFHD2",5.61959291740485,5.6494237467482,5.1756281372584,5.55004932051286,6.12607412931084,7.63438524031886,7.74585924828841,7.77711461218366,8.14489676202101,7.78906800587972
"514","EFNA3",5.94794177182937,6.41818440508056,5.30818268168671,4.06837208529299,6.82818067634878,5.03391491847974,0.473606803541314,1.79594616249545,1.83032526220348,2.76648031252162
"515","EFNA4",3.33901619090315,3.74779326554909,3.72555203470273,3.38954422837305,4.32032758642844,2.5749825864449,0.846754111636848,2.78587088412397,0.194281491195057,0.876465932533813
"516","EFNA5",6.60379310323401,5.90972301568216,5.69913893484009,5.45183518344806,5.42801846888033,4.95563066848737,2.7643619509711,2.86137258318391,2.32192547945768,3.41015811526346
"517","EFNB1",4.85109924436028,5.07183743971858,5.25236135972572,6.00363607288535,6.76411742527714,3.8476671106072,3.78196152951762,1.06336135244195,1.34713903730805,3.94384309470616
"518","EFNB3",2.25052946530335,2.58680640123362,2.16165976107023,1.75914582137931,2.37254261364918,0.706969714763856,-5.05205299086839,-1.15685499225242,-1.43504879924716,-0.030038703713272
"519","EFS",6.32152229937227,6.37527105582814,5.95979931869873,6.37087411006771,5.24472905744002,4.2416884470748,3.65735535357025,1.56716627041761,2.61760761480971,3.74542461489914
"520","EGF",2.20152444898764,0.991895308519243,2.65953258551274,2.37350144955586,1.94796732927338,-0.971831720371002,-1.45639083057298,-0.846984383590294,-1.22604618635776,-1.6528613014637
"521","EGFR",10.2075045613167,9.94962657791914,10.1107630063378,10.0361073999184,9.53035797858889,7.33923108449897,6.74604543344112,6.58754850889236,5.8322140884874,7.26752919301039
"522","EGLN3",7.69061177828158,7.9419353673525,7.43047966780167,7.41242212523078,6.12304794936566,6.55454508884184,4.39142952940895,4.77868617604048,5.10456164288545,6.05687576119098
"523","EGR3",5.99025316849353,6.00382414141072,5.26535485393566,5.49013109173583,5.42662700161206,3.83473037294037,2.99251778243718,4.09444537828003,3.01862672090392,4.12647966901028
"524","EHHADH",4.35491554284128,5.78732056131419,6.03124426418999,4.64573872731801,3.35460405786932,2.34001327721336,4.07889968927454,3.00262748312144,1.67932524229036,3.07769402131856
"525","ELL3",4.99775081677263,5.64710942017722,4.67738844534883,5.25114493684056,5.50995277063727,3.0218389447828,2.17772748594174,2.29892580902723,1.6126352597037,2.76886437168077
"526","ELMOD1",7.63490787564866,7.41869437041353,6.93326576322614,7.14863871681303,6.81218232630862,6.05733744496938,0.0435029908264022,3.27015815756702,2.49504200029907,4.02794402166793
"527","ELOVL4",7.49285294859639,7.71935345288965,6.84069961404274,7.41569761919493,6.48414777028811,6.21102052716697,1.68935535340081,4.67033590163428,3.72939856438322,5.81005433343954
"528","EMBP1",-1.96351900485549,-0.109677733387958,0.706136572923601,0.567076995657867,-1.28132806748301,1.48624485444478,2.25004650872315,2.7184641472345,2.51477400494966,1.51755261065153
"529","EMILIN1",-5.51361216002677,1.81070048187191,0.581295492044507,-4.20960489090342,2.04434672588361,6.40052323634859,6.21362831221351,6.04800993750633,5.72616944970168,5.3242788480187
"530","EMILIN2",-0.500850162087129,-0.0571568604478658,-0.836932421212313,0.50905797380783,-1.28132806748301,2.14150412573695,2.04573394992225,2.63021488929953,2.45664777002891,2.09010794402976
"531","EMILIN3",3.64698407461806,2.59459366494007,3.03800567532941,1.37313811317052,1.74321629838351,1.24724846332064,0.426382084540412,-0.69147805137979,0.00111402716267795,0.580194834149596
"532","EMX2",3.50367176723785,3.82984159498888,3.4401993732283,4.12335048792504,3.43483378777677,1.04675258346838,1.62046501197415,0.705409468507374,0.799335584799255,0.628287116948823
"533","EN1",4.69212815519878,3.99869377683401,4.1767389638707,4.03322419419886,4.23028274713022,2.8717767112053,2.85214557854822,1.54171283579741,1.57892590746468,2.17349553819492
"534","ENDOU",6.87617555561674,5.76096567972341,5.78439068597823,5.06515955071821,5.13073841477227,4.66817291453234,0.907732155799163,2.82064019213819,2.61313465433103,3.7111541674214
"535","ENO1P4",3.42358130993074,2.40978919559851,3.46079020378998,2.32568794971436,4.25434118474396,0.97330683300994,0.0418973590592711,-0.322360007340349,0.647707250885378,-3.11675523880783
"536","ENTPD1",5.98542598181208,6.57252296066563,6.35937352631899,6.17331111135909,6.60422583580875,8.93386987309843,8.54968033051138,8.53844332234628,8.80807289987995,8.60999606345197
"537","ENTPD4",4.428269578196,3.51382802120909,4.27131902705822,1.80997639955386,5.9620299970057,5.33152535440224,5.86460057298836,6.15479609042886,6.16651498632955,5.89801325555219
"538","EOMES",-0.98268644195032,0.698731967781713,-0.262809694213712,-0.134594061660978,-1.28132806748301,4.07143476280889,5.12002937508776,4.94344168473024,6.00973587215905,5.17431310732118
"539","EPB41L1",4.24074309270754,5.66398852165524,5.61961286874662,5.85664549220352,5.41026008576844,3.32244678778814,3.59132154735554,1.253718798079,1.86762187025711,3.40061347744936
"540","EPB41L4B",4.94759120903723,4.54680542340702,4.98127374696784,4.40914187564701,4.61121611253136,2.6355818948501,1.78927793072109,0.662831288101316,1.78556807229136,-6.21690319683074
"541","EPCAM",5.56071341777909,4.60279471930182,4.45451409931629,4.34681455249804,3.99925946239039,1.13340927004094,0.311387033969415,1.39590641755965,0.277428438017448,0.593323596119895
"542","EPGN",2.21472277221189,0.600318352754172,1.91478684259977,-2.002101757621,0.572129850677839,6.68707028680282,2.97059331105538,4.29846216286108,5.09309711325443,4.591982929828
"543","EPHA5",2.06954164370089,2.190342080701,1.09240254011087,2.09158348761823,1.10935948698388,-5.72599267913226,-1.96693075259739,-2.55680007077247,-2.78916955069662,-6.21690319683074
"544","EPHB3",7.37892769053452,6.97103782454202,6.8908433478131,7.29618157647927,7.03809653575744,5.42197036255729,5.13489354062221,3.22043971919903,3.63941522779836,4.22892679766735
"545","EPHB6",8.55105727433616,8.42471297209324,7.69197406164946,7.84494116352204,7.51022301651499,6.05413536035541,2.35157146457035,3.24423552147684,3.34792390927814,4.24405972926382
"546","EPHX2",5.72905751021148,5.20611109395263,5.57245464225534,4.85211209968743,6.24813558545196,3.38306057889131,2.50166817346783,3.24969081364413,3.05323983713803,3.28918019563234
"547","EPN2",6.08569471055895,5.63403025846092,6.25198965248085,6.02392244196105,6.98117865102408,4.39638557996947,3.94545918946789,3.81633722827963,2.82023338824998,3.5011275526527
"548","EPPK1",8.60993084083619,8.88773977280905,8.64237221023618,8.96489449482201,10.5449809751283,7.19759768780443,4.47001910786016,3.54521760529099,2.4518338830365,5.36836356184876
"549","EPS8L2",6.03937359251731,5.75860671657149,5.66973899156594,6.00002551500578,7.24394375225847,4.99408587577123,3.42105531256985,4.11079947464285,3.02003673006891,4.03853817430168
"550","EPSTI1",1.24422793535395,1.85866919362628,2.1879452562241,2.01307280596284,3.67637490041274,6.93129639498882,6.77982246652233,7.88147472824875,7.65354946069479,7.23338070921781
"551","ERBB2",8.70910448801742,7.83490013160981,7.97829302795864,7.93887341015117,9.28616205130051,7.41774308622953,5.18652716548414,4.79240431277865,5.4324023431765,6.11071292253182
"552","ERBB3",6.5229944598714,6.17637088317702,6.11275292909001,5.82723939467685,7.66682239941188,4.91170597017075,1.50951814159122,2.88860344549395,1.16193677379864,3.50233802998604
"553","ERBB4",4.04777028168733,2.96519187451627,4.73138858582202,2.67530149732923,3.41106262788059,-1.6579502021816,0.00814326445692937,-0.206133508731322,-2.12077853757919,-2.03532935398044
"554","EREG",5.95627046219435,6.1378040159326,6.59620122108195,6.08769498197812,5.6595508914419,5.37738658412071,0.967475958131733,3.79522888030225,4.03739981939118,4.30831120257813
"555","ERMN",-1.77112347414171,-1.26360714702794,0.277149076835599,-1.10514827016087,-1.28132806748301,1.52902094981754,2.09635503953294,2.21073368604057,2.4210853909725,1.09978383142853
"556","ESPN",5.19748135208788,4.66085598598426,4.56963727899392,5.65785074009063,2.63309284487981,1.88806537939921,-1.3797420622687,0.728409472515087,1.37358185018921,1.39958863604315
"557","ESRP1",8.0830742638088,7.8738771583804,7.69976535709632,7.50323938054422,7.34813209340065,6.56765579671658,3.41660949949491,3.91520392342812,3.90377032985336,5.7540195278943
"558","ESRRG",4.28988158252125,2.68182551413964,4.98519096700784,2.34137021385785,4.04922879074017,1.9358219476185,1.38639629722432,1.35684818560131,-0.118700231008773,0.434737457693381
"559","ESYT2",6.70990411720099,6.54539421558027,6.25800953579756,7.24488504029784,5.47103263134753,3.86511524003409,3.13560455515331,3.65847377146961,3.44882144695505,3.07767767970481
"560","ESYT3",5.62762336694875,5.67038213949444,5.87718059836699,4.77718589894009,4.57400609004524,4.11777494053334,1.04040755381132,2.29210194959024,2.70806168055525,2.06548012772904
"561","EVA1B",1.6399051958396,2.77458004400823,1.54315640530008,3.7463093696525,1.82080532710688,5.20268281953983,3.87506061878361,5.6201162756161,4.96740787443685,3.6647316206106
"562","EVI2A",2.43195734263363,4.09279960081906,3.38859459445223,3.66574446673359,2.83200684003672,6.70647633069535,6.88301686215673,7.2861490124644,7.09620168051849,7.37949524522802
"563","EVI2B",-0.102643979469717,3.25563462212444,0.522841812188615,2.72600479566398,-1.28132806748301,3.99688528429602,4.49747476945207,4.9150674197324,4.69817866889565,6.00989266944839
"564","EVL",4.89620113603877,5.53622116010172,5.48282385340069,5.26044496022431,5.35388440064472,7.63953895344992,7.65436943837438,8.11346106125979,8.03632060632381,7.43753020906517
"565","EVPL",6.47313236140667,5.78971921796049,7.23109608785025,6.10469010317087,8.51651397753995,3.03530903827447,2.73536501319103,1.04948457499399,0.271439768423998,2.14077181050847
"566","EXOC6B",7.82837097094493,8.1241792022138,7.65976283180157,7.78029168314666,8.19299728398053,6.23820466973815,5.30524514135814,5.55985678057484,5.1501536690974,5.88522235218351
"567","EXPH5",10.0492140929196,10.0662924713084,9.79882827958913,9.82888406560915,8.96603179747618,6.88330971957915,4.33818321237734,4.46522688743805,4.57588618964804,6.0780012452495
"568","FABP4",6.92216211459304,8.9470538841847,10.1127729934803,9.77538886216947,8.56442678739457,1.82477734247351,6.10067102788722,4.50973528691569,3.21379123937752,1.43302489746691
"569","FAM101A",1.65246483924786,1.5586314157554,1.51590658713824,1.56676000767142,1.5837589123702,5.0458835882666,5.12929853278131,4.32103702218404,4.62313605195868,2.72099044314759
"570","FAM105A",1.44575548319715,3.86300010995438,1.6913633610591,2.64477528933495,3.39676581512733,5.11137556041384,5.39063205110716,5.72975230190409,5.97251581515608,4.89349505805719
"571","FAM159A",-1.44920094546733,-1.32079902564786,0.145429898084017,-0.498795459631451,-1.28132806748301,1.03270645788897,2.46396607815264,2.68127472851215,2.71284757464998,1.40130542452102
"572","FAM160A1",6.90282925519459,5.46458840739129,6.11351333969198,6.36880162931973,3.25028661136566,3.53128395677966,2.7512733679787,2.85153677130655,2.61421812957661,3.55259638531684
"573","FAM166B",0.487300775555921,1.59898476027166,1.4534223444668,2.56335990101958,0.473447081685432,-1.95762151715635,-0.834517389938034,-1.02438071369427,-1.72611173768605,-2.47864661220386
"574","FAM167A",6.19429409784452,5.76468360129078,5.31853568204747,3.92954798711757,4.66506217310041,4.63334539629575,2.96534217549462,0.613693702042749,1.84602278949599,1.47509762836551
"575","FAM172BP",-5.51361216002677,-4.19610598025968,-5.58732452148392,-4.20960489090342,-1.28132806748301,0.428176826540021,0.582070660415546,1.68936408939184,1.66636213696696,0.647051265344272
"576","FAM189A2",3.10446058450166,2.83029904939583,3.1159669001898,2.68435191054067,1.99390480878743,-0.038844336832351,-0.632456397372967,-1.12951917974638,-0.885635148939757,-0.89297068373421
"577","FAM20A",2.43903552575383,2.93397833028398,3.13738523242015,2.88703487204341,3.16429681167714,6.00284591930094,5.93104875570826,6.12092176900692,6.81861029044253,6.42711811146663
"578","FAM20C",3.02533037656257,2.86432973643178,2.46049818320899,3.45993397971285,2.79810000577455,5.22148117162383,5.16973138623805,4.51560553253825,4.67108541510994,4.9020719207051
"579","FAM213A",6.82752777849072,7.5239958209039,7.09783837586519,7.89724443176823,9.09669107661264,6.20997866225957,4.83862995958587,4.33478915720983,5.27211226884427,6.57333540008667
"580","FAM222A",1.93155186998383,1.91650629839698,1.54423921771903,2.24162215045325,2.40467236757549,-0.408275933066424,-0.414734764353981,-0.371437475038149,-0.789301966593403,0.244169183560856
"581","FAM26F",-0.627714102895341,1.02297111730382,-0.279191716883253,1.12049839521812,-0.17219345081208,7.74652840451814,8.02669790944003,9.61527944195031,9.33807673288421,8.79352813799711
"582","FAM46B",7.70520291579357,7.88567560235937,6.90896546929118,7.19771959876952,7.25733048257333,6.96145038365088,3.32607907142349,4.0921026632999,5.29400927848483,5.53470220824589
"583","FAM49B",3.88178490998092,3.42322916733426,3.9076226211596,3.48955324833321,3.74515357699582,6.35557658378376,6.41459957846618,6.49392950405532,6.81071005900096,6.17622342857214
"584","FAM57A",7.15035813904164,6.96203233781062,6.55112339816415,6.70233522345973,5.78175832312283,5.59034280222212,4.3019266836953,4.32236871863164,4.20872082423783,4.4880475514247
"585","FAM65B",1.54326638596189,-1.07567410583879,3.32118856036794,4.23030422208317,3.09405155254677,4.44477500325768,6.13093994819315,5.59934138265615,5.52870885097212,5.30677883917329
"586","FAM65C",1.44570152008387,1.89837396548993,2.27722901272478,1.90200154194339,1.90764989847448,3.50380072912868,3.90262115362296,4.24742358536459,4.11618874986236,3.78051792452389
"587","FAM78A",-0.524177030300227,2.47459373112257,2.29903549256803,0.749341206061143,1.33649136203067,4.71229345903695,4.63165350013089,4.00755607946036,4.47876221149999,4.73516438968393
"588","FAM83C",7.20331863827082,6.81526332820808,6.54718168314714,6.56158204515391,6.53962098717778,5.9283906616144,2.54569050707487,3.0165807758544,3.50168121492876,5.23016882068569
"589","FAM83F",8.35545656532398,8.0123787619556,8.03824606335648,8.07509001293627,7.49490534600355,5.7307694199005,3.06479391717125,3.65758685230033,3.79715264566388,5.1151979633632
"590","FAM84A",4.04228007307634,4.63777347381121,4.93204660620129,3.68612265935676,3.23117385388887,0.186293832281927,-5.05205299086839,0.31810558775153,-0.500180278848844,0.928307284064654
"591","FAM95C",1.85608637486086,2.31726453910095,2.14101714971241,1.50533652204945,2.40796657644843,-1.36574491016889,-1.16610933788972,-0.28033381110124,-0.476609184720645,-1.55793425616036
"592","FANCA",2.25641930113373,1.61217923683459,1.53034174591125,0.886465216415457,2.3822849944837,3.41683145873361,4.28989850385825,4.25515419693391,4.52212297946388,4.35919044871008
"593","FAP",2.14631179201417,2.76759509174089,3.92064712290542,4.64965653035668,5.65545905411879,7.66637740289613,7.07506773578086,7.03542010885263,6.60928249269845,5.92207663602232
"594","FAR2",0.764496531608215,1.61467331405261,2.15422623949175,1.33661054781328,1.93797466791919,2.62969647130767,3.46218767563087,4.12042248022484,4.15204702167116,3.56553106276012
"595","FAS",5.04672928069215,4.48898857608248,4.1929022568786,4.55777353093278,4.05492168147588,6.81061407536154,6.06645917023167,7.23332146013619,7.23315330507829,6.56545310007062
"596","FASN",9.5474473010007,9.63887346331471,9.76363449003227,9.45485784565231,9.70419912768963,6.8064874655288,6.9533783747952,6.70020338827614,6.56135696736099,7.00717542579708
"597","FAT2",9.83316134962949,9.93863218056771,9.8515607838432,9.62073758129743,8.83919933509939,7.57219863246383,5.50359314005073,5.80278085646385,5.69183649796672,6.91909239293963
"598","FBN2",1.06359950106402,1.38085910796061,1.16470642812959,2.01083920150191,1.95440688017055,5.17273479850796,6.77725867421788,5.92471972261175,5.0502348056539,5.52480143485835
"599","FBP1",2.46104821510626,-1.72493928514829,-0.814595061321069,-0.764175563276785,-1.28132806748301,3.70607180453273,1.9296003932095,2.93175751627108,4.08429317972783,5.12868245888094
"600","FBXL16",3.97647660523536,3.75701406535057,3.24349093382775,4.05849127922074,3.56789947940336,1.37348623251143,0.867866399336595,0.886900658633157,0.703017475703327,0.905604002481209
"601","FBXO27",5.39710586543644,5.19864845338881,5.61590269231344,5.64161255212547,3.88596674250273,1.51988658593793,-0.559692584449024,2.33096840324627,2.98664165825165,3.04064786427257
"602","FCAR",0.128276863662701,0.171597665540846,0.184838645293847,0.637209459483123,1.90293654390505,4.3150068180338,4.75264156049511,4.38781133108912,5.02062936536275,4.47326345918961
"603","FCER1A",4.28545598972004,4.51941774366385,3.72763602458426,4.88174845227009,3.49177703359971,3.67077220173024,1.11400458022128,-0.257572766065843,1.43099046592835,1.17918842431974
"604","FCER1G",0.640040017074049,2.1115247348652,2.04542882784743,2.63918897061935,0.716629321057136,6.06774064553346,6.07865634606605,6.83884908099499,6.73327311452302,6.5827303240857
"605","FCGBP",9.09259318858551,7.85300368557882,8.3384624742211,8.80741309820863,9.0507869716053,6.55740145131231,5.09899939799808,5.5893141293987,6.28107838561679,6.36999840141773
"606","FCGR1A",-5.51351783881253,1.27189198645803,0.523196581501585,-2.11866648130682,-1.28132806748301,8.15031089661354,7.91906445003198,8.8943444738347,8.91922810775783,8.13551843727065
"607","FCGR1CP",-5.51361216002677,-1.62408990633571,-1.95221790975591,-4.20960489090342,-1.28132806748301,4.64476118262439,4.58477458728248,6.07779091642919,5.78370648232128,4.83704083957028
"608","FCGR2A",3.97730097870781,5.25042037196508,4.79080954425607,5.85541023275052,5.25754387473992,9.2389122084075,9.58611758591336,9.68215200823951,9.35951166018823,9.39229315806537
"609","FCGR2B",2.86868279550575,3.65134360791741,3.5530674437966,4.80267971226983,5.96156532730828,6.46551144872047,6.18819200019278,6.90328467822924,6.98980580606126,5.78396921899168
"610","FCGR2C",4.08517327709121,4.63496048506057,4.30546264613751,3.01023483001268,4.80221853408534,7.0293954202973,7.28689768359823,8.32745532527857,8.01465975901788,6.80391849315468
"611","FCGR3A",1.67013632607837,-2.46567222139283,0.828128490610097,2.2564192477444,3.74751807145373,7.97442517200788,9.05212159002257,9.25623180923578,9.05536229687175,9.1159473671893
"612","FCGR3B",-2.00571449261344,0.19927465259927,0.18530070735276,2.99700508870309,-1.28132806748301,3.65234411355199,5.1465841561793,4.67753260752064,4.72905789741508,4.47160498362006
"613","FCMR",-0.232755428673769,0.997257681538158,0.425361691284091,0.483988005301602,-1.28132806748301,3.47758063222894,4.3910641576036,4.18029108091914,4.02916368037052,3.35062032042578
"614","FCRL1",-1.31670947816681,-5.84312502698991,-1.12488481897917,-0.0247535882077053,-1.28132806748301,0.721759335350576,1.54696195421791,3.55740429398837,1.80072449418164,1.84336089211491
"615","FCRL5",1.75037914871625,1.58474729935629,3.34186425536808,1.46531260474376,0.73138496703903,6.7123980230454,6.1097944502677,6.30816125548122,6.39246406886681,4.79670830126824
"616","FCRL6",0.0641583994586538,-0.446676871752608,0.529173611014539,0.306842192135113,0.256589981810772,3.0740051390941,4.14641448147417,3.56625384856113,4.35371401217212,3.91158330058716
"617","FER1L4",0.288511455252689,-0.624279600357002,0.0908654481428478,0.378265246067724,0.127547396453796,4.60032576400705,4.6214342991291,4.62563984112064,4.85021132051824,2.94352765332843
"618","FERMT3",1.7158032412816,3.27252756446431,1.32815200439603,2.11609977755257,4.09016168099807,6.23803257350774,6.78045927771047,6.14190796521329,6.59317500335441,6.45688549842336
"619","FES",2.73751041373797,3.80696365860936,3.20166885489602,3.38095812380566,5.13844353119215,6.05409582983034,6.20641969739404,5.50149182366273,6.08896707455536,5.46669062586876
"620","FGD2",3.06178910679113,4.16931374311831,3.27295952570291,4.42988831161736,3.55394751768388,7.07796183855964,7.32002136940224,7.57933173476604,7.48120165921142,7.47041483977224
"621","FGD3",1.60076084777066,0.59483654233554,1.75590826274937,2.94990086146249,3.95301911706326,3.8848651896723,4.89952716496916,5.18470217331116,4.89484202091119,4.87069323627492
"622","FGF22",4.26601737872476,3.40875800328737,3.45294744910635,3.33378918280483,5.43094440417311,2.91544952988749,-3.02740834759086,0.418794795740555,0.718966307035379,1.27890545408271
"623","FGFBP2",2.32305983952289,1.75926575661431,2.29696833492374,3.23546237485806,2.69287255293785,-5.72599267913226,-5.05173646729371,-5.11837980564277,-1.26226850942536,-2.3436677678625
"624","FGFR2",8.18822029869416,7.27842135206416,7.91618017087685,7.44061867520965,7.3700672619109,4.86704563973926,3.63693473553698,1.45084717874606,2.03705760837628,4.12046435100264
"625","FGFR3",6.71549131107793,5.31743361583944,6.55333910473858,6.07549993303684,7.08521502271433,4.47869573210412,0.404754227839412,2.40317418251211,2.3219191073627,2.77495694977255
"626","FGL2",7.0405570322591,7.71828697934804,7.29311055169383,8.08936801833241,6.86674701557817,9.22469372640532,9.51603263076029,10.0829531330976,10.0731166744122,10.5400873350296
"627","FGR",-1.38507978589978,-0.713866439406088,-1.37640062969866,-2.00037898118482,1.60255448503851,1.67838314201197,2.84631599727843,3.07272316468079,3.17641386166392,2.74904089705304
"628","FHAD1",0.274503524073325,-0.175051089606212,1.45050536609834,-1.0997408824818,0.449661433992441,3.84432175118608,2.1989426807015,3.92722377890533,3.34915033990764,4.0081102481176
"629","FHL1",7.88983899691589,9.6024942286715,9.78324257428157,10.2396618755814,9.25869297964045,6.21703574772339,6.33778215675776,5.02078435764876,5.14449156118907,4.92051913371876
"630","FIGN",3.51257442892747,2.90100345422955,3.48382483732476,2.97556709464597,4.69730307142198,0.195263917176286,1.49491570727018,0.157018218613928,-2.60364450326658,0.71979720920201
"631","FKBP10",4.21473717144111,5.12308307247585,4.18480154168541,4.99248133672641,5.7113587100183,6.96864517393601,7.40219529321889,6.49263355766564,6.62085033368952,6.30490964107888
"632","FKBP11",2.53631290787614,2.46023576976067,2.70049170433548,2.16412898729986,2.86123044903668,5.96610253780218,5.69913006171304,5.42288047255486,5.95104361482375,4.79270419821441
"633","FKBP1B",2.26082067238074,2.50276320626568,1.67766854655474,2.09523976682774,0.901708257576159,0.803659546129692,-0.252648086467169,-1.68356696334193,0.656244294068207,0.250787338242378
"634","FLI1",3.33391056064693,4.22337533104784,4.06886375079201,4.55777780127995,2.62857105577364,5.69391795925408,6.39493531498031,5.85955463089092,6.21087530561814,6.21435195971342
"635","FLRT3",4.48600386788477,3.91061050595698,4.08003466602511,2.85057430763065,2.62823446856701,3.24733592631451,1.63854411465661,0.564752797770124,1.19456882419217,1.87948783385846
"636","FLVCR2",2.58238969865767,2.59134050582666,2.33433902381653,2.7154115942528,0.344882749386836,5.4929085835199,4.79812503630797,5.68237194920998,6.0723215620213,5.46030654365608
"637","FMNL1",3.03577477959877,3.97057502703693,3.49468833693766,4.28485451503809,3.95007888259516,5.73178098250613,6.71658449983005,6.46733975300084,6.56459047444442,7.05492342655703
"638","FMNL3",4.04099056072436,4.76349042813094,4.87774186355169,4.40424855105974,3.56162547274995,5.92747202931983,6.66831209089228,6.86914841530464,7.18876101909097,7.3641862489341
"639","FMO1",2.73143908612474,4.05434087183766,4.47200315306121,4.36060827245716,1.96438124733157,6.91212544898419,6.79329711275994,6.78623047655319,7.2541684505959,5.75347790596107
"640","FN1",8.97188210069379,9.54623544910192,9.15677036332452,9.65759286521562,9.90624237336198,12.0326052551986,12.8713596888116,12.7903443972284,12.2728167922021,12.2084234750697
"641","FNBP1L",6.57523881774214,6.59709454582354,6.45252332531121,6.50441788247084,5.0113456405699,4.35630083030477,4.60818900516998,3.16645112708943,3.31778075626138,4.37797173601117
"642","FNDC1",1.30844090729799,1.89120967291406,2.05012730180323,4.18540743715298,3.36851465585265,5.1975375360844,7.27752167471997,5.26194722385541,4.21683899958179,6.24196453902642
"643","FOLR2",2.96988265244205,4.84423147675347,3.90813744338825,5.84585961942204,6.01329340296484,6.87847951802453,6.63493930386634,6.79718496334143,6.41841321784919,6.01860452252968
"644","FOSL1",-0.533027591704248,-0.913821265425784,-0.904375853108007,-0.848845694738211,1.4672385340028,2.6301897092876,0.730014222127438,1.22971155673407,1.89255960818247,2.12774534226785
"645","FOXA1",3.47059022203425,1.56543641860704,3.41566200402547,1.99789544461581,4.33055411875069,-0.0129982653017227,-0.736966055468622,-2.39699606201009,-1.42413980766453,-2.9937661594794
"646","FOXJ1",1.62612001209358,1.46754709909703,0.882628833779654,1.5286126464493,0.824263633477718,-0.0728714850647167,-2.27851031521142,-0.508098452442038,-2.07351465505786,0.016397073406685
"647","FOXN1",4.94790726804884,4.70332770151942,4.92467785586565,5.0955138202925,4.34311565939256,2.09243739880322,-1.61386453177103,-0.833181673182449,0.241792133895614,1.49428198818069
"648","FOXP2",5.2586027531004,4.22468508577356,5.73052653915273,5.4342584361145,4.5683721211662,3.51138335494345,1.82463593771421,1.85246991198844,2.00846970102489,2.21454199230878
"649","FOXQ1",6.38136306607402,5.69861967416195,5.82635361347047,6.25304295283144,5.10694859200593,2.22652634929006,-0.334780892070014,-0.0861506588978735,-0.280371872002665,1.60185059454036
"650","FPR1",-0.303228413875672,2.48568790959717,1.52873590718481,3.19779719290336,0.695923559000895,6.98659345169781,7.28834034381157,8.1133677404167,7.17684286991651,6.70449334249343
"651","FPR2",-1.73037130363892,0.0329888643096699,0.276465313078662,1.74977252395293,-0.0343075586750657,5.60817387431305,7.11383006438188,7.42834565490812,6.77337118953037,6.03646044419519
"652","FPR3",3.35053076829577,4.97413663126443,4.14425019433601,5.32738764124293,4.45291134884513,9.0181614699247,8.78116084516756,9.28005670009924,9.13935841476342,9.32460747351782
"653","FRG2HP",3.1036733851645,3.43122376556506,3.72458615637986,3.69648085001423,2.37254498509639,0.642154371617177,-5.05205299086839,-5.11837980564277,-2.23660242829131,-1.92710373945381
"654","FRZB",5.11572193528255,4.3926105243995,4.72920881354487,4.11552113327888,3.11108220593813,2.25752984287655,1.48160763237625,-5.11837980564277,0.556945194433164,0.871368533485036
"655","FSD1",-1.22845262892755,-4.78512587607455,-5.58732452148392,-1.33248972965196,-1.28132806748301,0.275198398374461,0.412891249819957,0.937394441419714,0.643369684821056,0.360775972925748
"656","FSTL4",3.30191509330459,4.92823908935044,3.73983197424639,3.41512369466815,4.04199820100381,1.82230589275673,1.64768107818054,2.1927223081944,1.05333613132801,1.94648645717999
"657","FTH1P22",-5.51361216002677,-2.59103567631962,-5.58732452148392,-2.57952223644647,-1.28132806748301,1.6985973840495,0.336047446277481,1.43905967596741,1.70847756916443,1.0843656258865
"658","FUOM",1.5557800705883,1.95906838187454,1.74548105400623,2.21629831482157,0.49031066411943,4.76609123003713,3.73856671103053,4.66260334515764,4.63213684147245,3.77212546255536
"659","FUT7",-2.10571755720232,-2.87020148862513,-1.88145570128551,-0.058845311558616,1.93225609285562,2.98042187045318,2.95385120232504,3.43783968827662,3.87690622076319,2.39835655392715
"660","FXYD1",1.84114502650373,2.77989186290599,2.59983644580933,3.32448596597829,4.35157096598293,-1.98913349793613,-0.811645303363902,-4.98535675670713,-5.37326948825696,-1.50323194967571
"661","FXYD3",6.76420118509132,6.33051143578706,5.98329687440696,6.40579116545218,5.70981289996193,5.59037838711104,2.36371695239975,4.09092274190682,3.69423939194771,5.06085655996105
"662","FYB",1.95224579088573,2.5907528479595,3.48236576822618,3.75950682443066,-1.28121592013511,6.95263341999037,7.51496676276697,7.24402010618873,7.80629041799641,7.76464647663196
"663","FZD10",5.06904840551501,3.86572062419584,4.06444781679653,4.72495842628793,4.17943408169999,3.60375026019717,1.31892301289416,1.90274213126009,0.999310633396949,2.55193598827557
"664","FZD2",1.4350814108185,1.22767184711813,1.47155884215733,1.36878522296787,1.29541155519497,4.23561250845403,5.10041347395898,4.23692053793298,4.74532606440812,4.94997373488884
"665","FZD4",6.81039214597439,8.6590861434623,8.99178847847515,8.68283389373861,6.87975536290183,4.57372555322016,6.51301888250078,5.31546757937155,5.00911072508211,6.32536783230135
"666","GAA",2.79177539683247,3.26204882781197,0.830064526898329,3.52285277863843,4.36537889677942,5.94725873308088,5.28461404774936,6.29061226693912,6.33832836471618,6.12220372055698
"667","GABRG3",3.86091837310692,2.10358266945238,1.05450675338644,3.34225839605776,3.13632583832077,-0.12393521467476,-0.715692178476648,-0.254021406549521,-0.847013981739039,-0.37975332920203
"668","GABRR2",0.0467126870608929,-0.576394837417381,0.773552513223543,-0.350354432176921,-0.0325864982810236,2.14280597532261,2.5931974176019,2.7648639658482,2.0132119484042,2.0375618359887
"669","GADD45G",2.2202369762927,-3.05235608558417,-5.58730371420557,-4.20960304024617,-1.28100244280916,4.57510240668066,3.69221955275816,4.2425760238686,5.46660597870241,3.59901240859297
"670","GALM",2.25544560471488,3.24351059924272,3.3879333165822,3.61080962591076,3.84587403462934,5.18318173335129,5.28611231008261,6.38903481378733,5.89107597786999,5.93938608566564
"671","GALNT16",3.48618688887981,5.64284196158951,4.94513562661574,6.06278097831555,6.31544540350141,1.30586349231041,3.25887711846736,0.871190804503697,-0.555185310115882,3.65340502688221
"672","GALNT6",4.48073674605752,3.9461007935903,3.3019060845255,3.57938691230731,5.77216005274325,6.59617435306989,5.94021940215648,5.74995291228488,6.29541445985341,6.32211165983848
"673","GALNTL6",1.37876208389928,1.65022603783021,1.40882436161471,1.06694158587088,1.29501722983677,-1.57365237469023,-2.4054316149097,-2.32217958314031,-1.70250975021066,-4.29376997729837
"674","GAMT",3.91028141866756,3.64231238986184,3.82389650261291,2.83781870059683,3.62905616049379,2.54146371114532,1.20663436762233,1.33680017821462,1.8277429138318,0.949935112322953
"675","GATA3",6.81081544683147,6.94351620415803,6.48327050796334,6.86132834103016,6.28215889449898,1.59587439044199,2.47166012223129,3.12560272598531,3.0588633413661,3.65377210773234
"676","GATM",7.04913854262662,7.61630430714991,5.80611093638446,7.44554504703826,6.26190246883552,5.47231626375163,3.23007215731436,3.36303693726044,3.9865737195814,2.95896355977538
"677","GBGT1",0.276195968842654,0.636349131283051,1.07104937326773,1.09234378543586,0.313640261425048,3.21031370606709,3.77011492094973,3.5347650785328,3.51661002521154,3.74023712405223
"678","GBP1",5.01615059166576,5.63514946166625,5.0430869199911,5.07903525862718,5.22095999661277,9.92556015438758,10.065204199886,11.9290056336577,11.4222496433031,10.9743345565611
"679","GBP1P1",-0.202528255250821,0.297823953600034,0.819249466481475,0.100963912163956,-1.28132806748301,4.46077013533817,4.69126413039387,6.39867010857394,5.89151663443554,5.24151902661169
"680","GBP2",5.16136602614748,5.11309471533289,5.23691250763277,5.83553225532739,3.91519418377279,7.15031850357294,6.87335348648758,8.16061533668611,7.99818349590083,7.92259195385319
"681","GBP3",4.72995315253868,5.15831269357272,4.54854623918718,4.72436019628881,4.0787019004051,7.88240462131727,7.75517774141423,8.39075148050182,8.02601850488796,7.11133432676981
"682","GBP4",2.32224781577774,2.94519621381968,4.08431634489567,3.23588803753037,-1.28132806748301,4.89954127188181,6.84049717362099,8.4077489629456,7.67849383243246,8.35404346080966
"683","GBP5",0.529550884849729,3.16571703643364,1.49402493631464,2.02250731542598,-1.28132661510814,8.82673081575751,9.94039479959608,11.4179352352113,11.5086236156636,10.9057735905599
"684","GCNT1",2.26862062195474,2.86405610256561,2.06062411112137,3.12569533475208,4.37260289960539,4.80326755742472,5.18668546499796,5.31404746046753,5.30919813735981,5.50688134143838
"685","GDF10",2.56815230921271,3.99370127234979,2.60991789334859,4.69171912434153,4.55863597575024,-0.0722946998862372,1.28437918068973,-0.882340701708717,-1.70738072435281,-0.816252386222744
"686","GDPD2",5.60005644256407,5.32876040028148,5.4747777396303,5.36460019681276,4.59909141975131,2.62060923695148,-0.785599664024534,0.00428304188044689,1.46535747530143,1.61977398998566
"687","GFI1",-0.676672433877862,-0.368824794340027,-0.425839786850526,-0.0329338377754146,-1.28132806748301,4.27425137998018,4.64993297356079,5.10313145993479,5.26886366072321,3.74636338118988
"688","GFRA3",2.38609231477148,1.1993681078171,0.517014816840766,0.462369404195604,2.53539597112438,-0.164821410006795,-2.24270597648702,-3.53884254238804,-5.37326948825696,-1.01396405273746
"689","GGT5",0.675086683439062,2.31844741089926,1.30729242829489,1.92616413412679,0.465751420833981,4.89971427404512,4.83513366606165,4.58891700649849,2.97134249469923,4.41315718026269
"690","GGT6",7.0110368241011,6.60344220244119,6.12722403003113,6.3305457424885,6.27060744388498,5.35841155445765,1.62636164796714,3.32258131031234,2.81822607022026,3.44015867134933
"691","GHR",4.8777662963216,4.40425437062772,5.81614411998373,4.6406836457468,3.43507077099751,1.91516405048442,2.29922459043226,2.19931993818871,1.95061635434306,2.28637606043662
"692","GIMAP1-GIMAP5",2.22068885450346,3.19732742816295,3.13277330372007,4.18400710723056,4.16175277749119,5.44397232463044,6.15325193755078,5.86471357143005,6.74898494839318,6.08083037765932
"693","GIMAP2",2.28878312729004,3.41680592718749,3.20507290984636,3.06075981801369,2.85674461603725,5.53111738541221,6.01925139443935,6.34240604960974,6.4516549605697,5.9984783337755
"694","GIMAP4",4.05711184261152,5.71097407780687,4.91744486470017,5.51662511077136,5.06075288137008,8.0505255606976,8.45574028949744,8.79938411365982,8.85851370452111,8.44012437311697
"695","GIMAP5",3.13421819526119,5.0135754326213,4.79696414599184,4.7102559290566,4.90327616359422,7.44060839618324,7.57296758004493,8.44813752508051,8.56350389514435,7.92191193141844
"696","GIMAP6",4.00132998545406,5.84688208567647,5.50134143562324,4.82043219093694,6.16476807810274,7.91586457691412,8.34350013477948,8.6303938380693,8.90041763597197,7.58451066276752
"697","GIPC2",0.898054793035781,0.572491663135861,2.30944711493888,4.30342984184779,-1.28132806748301,-5.72599267913226,-5.05205289756192,0.340192109768238,-5.37326948825696,-6.20762903254434
"698","GJA1",11.7998445688791,11.4285206661159,10.7271667097927,11.1581201204432,10.0732992635562,9.93526178987667,9.06355356225501,8.18481416654691,8.55924969060924,9.38980357049887
"699","GJB3",6.73615547038758,6.40342109616825,6.08996097310241,5.0537131549165,6.73051683007252,5.74415096187953,3.40494523104175,3.2698033227805,4.14702229858872,3.17248427723443
"700","GJB4",6.01511826032145,5.58616776108274,4.01169144600284,5.2741544582773,4.79746812860055,2.81463376421263,1.28703379759364,0.375911739125209,0.399263858049368,2.72592942982982
"701","GJC3",3.29865345430293,2.38309601823357,2.3551744239594,2.26617822301197,1.29541389854333,1.14147308695942,-1.9168151849261,-0.882340005259267,-1.5013208321878,-1.65106624732313
"702","GK",0.981642859613416,2.44161028057992,1.72112834943169,-0.148121995602491,5.65579350516938,4.38578445037151,4.99785031041933,4.30935717661962,4.70507953182864,4.49333577808625
"703","GLA",4.73716677011873,4.70362220766844,3.94110364204177,4.73452103507551,4.53051531318126,7.13914904303331,6.34560345600164,7.0262389465433,6.87355029960852,6.71980303112674
"704","GLIPR1",2.30245094227959,3.7103040998994,3.08085663858565,3.52593638212952,1.20537593489722,6.77734640445091,6.57369722604626,6.55754399101187,6.78081025577294,5.65329472409851
"705","GLIS3",2.37771147553079,2.61567744470834,3.40462513145648,2.9534280292842,1.06873811857137,4.91222975564522,5.31140340518045,4.75371423414308,4.4023492551928,4.43415323467105
"706","GLS2",1.12896052129981,1.23682362683639,0.945260250971012,0.925089554095047,2.10314280180754,0.15255042819132,-2.56684657886775,-0.707656431318057,-1.48301336632267,-0.747699739669817
"707","GLUL",8.40797440879343,9.71404035766875,8.87411772786676,9.59314388095053,9.48613641008153,11.5234752831911,11.294071793529,12.0900409896939,12.3100786584377,11.6407686260011
"708","GLYAT",2.0064986581557,3.56829127579734,4.27036728174057,4.06239085875849,1.30591224775533,-0.748542792088172,-0.711103146336468,-0.717025384922143,-0.178806855840763,-1.47918779038704
"709","GM2A",0.778913861502662,-0.0612291077879642,0.133787242602353,1.17124852538352,5.80512920684514,6.11139633572042,4.49600856431938,4.03210537174799,5.00884987329141,4.33400872121735
"710","GMFG",0.851518636245857,1.24691133644215,2.33232293496087,0.709725793660768,0.125824061964815,4.01070378486209,4.51865819169231,5.24327293283412,5.23336494874713,4.00474350559494
"711","GMIP",2.56616254600057,2.34095016962876,2.82388695779466,2.95705171583469,3.99629633820202,4.81169003631877,4.79674194158485,5.10949324089323,4.92083054857948,5.45593053958318
"712","GNAL",6.67827715898649,6.69719036718629,6.9976622073668,6.44492459021456,5.63343203487893,5.30664129832402,3.06212297647993,3.68383414526912,3.54388413696157,4.82579416858984
"713","GNLY",-0.496360551539216,0.723651745987845,0.111286192998631,1.83238982318447,0.820792430429997,4.60514077861075,6.91320454360234,7.96688779551382,8.20511439401281,5.17264741641025
"714","GOLGA2P10",4.23015674805605,2.50491789190302,3.52850954713645,4.19910523856665,1.73077841288608,2.08528688955807,1.29793426950085,1.40939436609477,0.406693967346459,0.740845845711888
"715","GOLGA5P1",-5.51361216002677,-4.19610316271801,-3.26068652405957,-2.5795210595072,-1.28132806748301,0.265571986919031,1.1761650202542,2.00871076307688,1.55535302710582,1.74082828252387
"716","GPAM",5.60184286689573,7.19168049473424,7.17391207450462,7.14702525889774,4.88287999272483,1.31440144367955,1.95345434409241,1.93435744412694,2.02265404028812,2.49275481264748
"717","GPC3",4.62866389242562,6.01515499133369,6.42429482809427,6.27502059057782,5.94910935638232,3.41342016276407,4.84814355932076,2.77046044139819,1.88768289453611,3.14645918101102
"718","GPD1",4.8341423004202,6.31527461966787,7.45645924105292,7.25781015099902,4.89125988706275,-1.92874373165698,1.90338881869897,0.0635893591800246,-1.60838557208047,-1.63755509801404
"719","GPER1",1.91893413589264,2.9240121278144,2.45483356758107,2.55239332895176,2.36223057025166,0.483480595695915,-0.258218899714075,-0.171059542807168,-0.554165326760291,1.1497958411176
"720","GPLD1",5.08730362064583,5.21029730684306,4.3461668825514,4.50187004826027,3.73340468481517,3.28538876502377,1.24920622011224,2.02427171915326,0.728935701654367,2.3812098848953
"721","GPR12",6.07007026390847,3.96929801874523,4.83556081463202,3.99337710154039,3.97791272806673,2.29460723956252,0.42332267258915,0.640651970070058,-0.044725508485147,-0.184728688621554
"722","GPR132",2.4156751422318,1.825194948008,2.70079960400362,1.85046526719804,2.7624452215272,6.08487356852422,6.00514136860076,6.71362489820365,6.69221844537873,6.21617966987995
"723","GPR141",-1.23836012974124,-0.794201711036484,0.541149437310128,-1.85446993376359,-1.28132806748301,2.54432337615957,3.04625685887458,3.24003234755236,3.27375496410074,3.18884059321409
"724","GPR143",2.90188719221407,3.53728912484008,0.974587192129902,2.75400557387407,3.6479330826826,0.817227748859846,-5.05205299086839,-1.66189118519326,-2.43534651054354,0.203636268763594
"725","GPR162",-0.443467051220582,-0.176942793792247,0.450430728703128,1.78830798543805,2.11206611242407,2.6534378250746,3.21152639106917,2.50522324527408,2.12052175561376,2.80163023631282
"726","GPR17",1.85455649879058,2.86626463429327,2.80272771134712,3.52816056718082,0.430629821839872,0.552752179653388,0.713303246725584,-0.942691291652867,-2.45328196163789,0.398731037766694
"727","GPR171",-0.3984878343438,0.540500364689894,-0.339228959560448,0.785334961948624,-1.28132806748301,5.18154673272615,5.17125763956472,6.49112402944938,6.67598511023337,5.13379295179993
"728","GPR183",2.00372229940879,3.79752014747188,2.48755585431812,3.23369491916927,2.5790622110387,6.44166520235965,5.88193104372426,6.74669961231168,6.41067575361082,6.33313042653742
"729","GPR31",-3.91451529859199,-1.36294890379853,-3.99843625562708,-4.20960489090342,-1.28132806748301,0.221883709691339,0.792175662593152,2.12654109231464,2.63925095508,2.48178919968113
"730","GPR35",1.00605538031176,-0.0501055014145476,0.802768719422876,0.0605699330470199,-0.73277183472314,2.31114771425161,3.28901417604382,3.708084462455,2.05219440034953,2.97392696151988
"731","GPR68",0.349802339448392,2.19021917748334,2.25860573791823,-0.460743490379454,-1.28132585608634,5.75746733197588,5.52042735626506,6.35991116452147,6.01784846376458,5.62729772302671
"732","GPR84",-5.51361216002677,-1.14671628994227,-2.86061724405149,-1.43071384865757,-1.28132806748301,2.48136229410847,4.8803650487505,6.03737827312543,3.4971076398575,5.23223059780579
"733","GPR85",0.0427032357227037,0.516504313805033,1.06919678602881,0.577674714557386,2.16616965426003,3.33017433906795,2.88178726051063,3.56561632672102,3.69151881808946,3.03425144548329
"734","GPR87",6.53888520028689,6.39187434215496,5.88999715969163,6.42605717108317,5.4995472178878,5.5057480332179,1.84794114627636,3.69503908755328,3.28254091422341,4.50556203081284
"735","GPRC5C",4.04520169020089,3.06745701820249,3.83452413855504,3.37573981677822,5.09590624507503,1.75469857268805,1.53441379951397,1.28975920331331,1.05756466348216,0.204634588277534
"736","GPRIN3",-3.63834669633202,2.13353827750309,2.34477072366976,0.97167244402938,-1.28121635752847,6.25745987205072,6.4712874081647,6.6764526695792,7.16153224594884,7.25702092384576
"737","GPSM2",6.14439936191949,5.94267295471139,5.00120882576249,6.50049596270298,7.61053344887577,4.41132320969493,3.64340054431399,3.33682042649324,2.97895492082364,3.47595909766836
"738","GPSM3",1.70245030828854,1.85292346358997,1.18646071080389,2.75914577641344,3.25380909813988,5.11905132831635,6.26891124919544,5.07168417784449,5.49414800114851,5.05633069433281
"739","GPT",1.71155670910545,2.11506540633885,2.3006316145316,2.29227069482267,3.44526230683851,-0.516688278611513,-0.233838024907668,-0.428744831534133,-0.659091135434691,-0.569630636315291
"740","GRAMD1B",1.36034435401322,2.28271781196092,1.99816358212838,1.81332681889785,2.7637072494296,5.4074791021224,5.92538196233526,6.51191109119635,6.21514532179543,6.13453727118951
"741","GRAP2",1.4177028613625,1.51847624514319,1.60322164927477,2.9139093033281,4.35230695698866,4.66852887824609,4.76591210428355,5.65001608329911,5.5047801705855,4.9343459111896
"742","GRB14",2.50763578135379,2.04075925983903,2.08784020942946,0.42036841143229,1.02832109671621,-3.46692264808147,-4.49724109101879,-1.09996678289077,-1.3257474088021,-2.87388950802591
"743","GREM1",2.86169478675037,3.85875251613077,4.82918196804964,3.33877622760897,5.11838343284326,8.50734027420729,8.28370132925368,9.03325381621993,8.47513910107986,8.36520847283143
"744","GRHL1",8.57614776869805,8.02353544279661,8.01225106761839,8.11529293950679,7.30288090180818,7.47233447004237,4.77867161443209,4.6657595841638,5.64079274191718,6.61709258086167
"745","GRHL2",6.00305418487334,6.53604035107174,6.49637386921715,5.12403846578459,7.56162074286433,4.30539370221509,1.96816498422065,2.77931949371729,2.41916607153022,2.6640029706056
"746","GRIA4",1.52118084016255,0.91512294063562,1.41755938701026,0.940791544475073,3.89142938139427,-0.505389361116302,-2.32911117997565,-0.480924297535413,-0.693033145198025,-1.77127711599368
"747","GRIP1",4.73860390747434,5.35160530984081,5.03291071077663,4.21734894200858,5.19942180712316,3.35554773553212,0.984020565549024,2.21659693745451,1.42310170809822,2.09237187961887
"748","GRTP1",2.21571187005173,0.464971593225963,2.01446214422785,3.78531004913827,1.85836087115311,-2.10658374019177,-0.018506466133641,-4.99524663463811,-3.08371876107955,-0.871789298630018
"749","GSAP",3.61474369348182,3.88248414699645,4.40268186029531,3.5054461240697,1.84080504007241,5.50322270708547,5.90348201148169,6.15582280173611,6.34810212330105,6.03614340512431
"750","GSDMD",3.81257244374205,4.96602706035949,4.5125832357051,3.97844819985404,4.84698632183105,7.33223113901099,6.91059485680795,7.75418043259296,7.44752422933607,6.94599312261381
"751","GSG2",1.91666970230995,0.788631140820469,1.03483973562006,1.35051536422765,1.64869026042151,3.0409871099729,3.1329996075337,4.13397320287283,4.05244398421097,2.927937599835
"752","GSN",10.4497542754207,11.125393199722,11.2303155299341,11.6730931907251,12.5818154022463,9.35736289044385,8.80080014405457,8.37256293444252,8.6175007288119,9.17352974269257
"753","GSTA3",2.27554801027096,0.154011990752767,2.02859055458666,1.76187957845014,3.2646647392759,-4.08869695173778,-5.05205299086839,-2.4992820140326,-3.73574905792883,-6.01426292723092
"754","GSTA4",2.824972148871,3.96434835475717,2.75012447662283,2.9834575520124,1.8707018914805,-0.103053886023559,0.0289233069858086,0.850134152793022,-0.0376833573952504,2.3074274595904
"755","GSTM3",7.03411579257313,6.44949652580373,6.0933964904079,6.74665155833052,6.8586166191764,5.07441482203772,4.50187720487709,3.39222345925201,2.74674519735582,1.91296641710477
"756","GSTO2",6.7953086155301,6.57966535778501,6.33701319791156,5.8935192391635,5.27647670025517,5.5514091242665,1.93097932842664,2.93843059902237,2.77809345935561,4.07805137791623
"757","GTF2IRD1",4.72023331201952,5.19848585735056,3.91351746073043,4.24999795596379,1.27578509479858,1.70150178369609,1.65462432956601,0.0990274912136623,1.58233961317681,2.81197799402635
"758","GTSF1",-1.53131597222709,-1.05553369931766,0.456812074805964,-0.578308236572875,-1.28132806748301,1.41669020571836,1.12611114962192,1.48805241433369,2.58181011664652,1.94167020802575
"759","GVINP1",2.71203738985684,4.04167977745398,3.59097379775029,3.64516476267869,2.70941885100796,6.9888862086169,7.74195740385232,8.28468415635907,8.08574420830692,7.85577298406501
"760","GYG2",3.59103920086856,6.48269993143195,6.44340289077788,7.15832383112996,4.59732657740043,-5.72599267913226,-5.05203331190444,-5.11837980564277,-2.20438309660525,-6.21690319683074
"761","GZMA",-2.15666413621019,1.76975640369148,-0.77735127401211,-4.20960489090342,-1.28132806748301,6.19842690623457,5.79630412600322,7.3318855588995,6.98898048083711,5.70122011648892
"762","GZMB",-3.55236131716725,-1.26999303709022,-0.656240732244597,1.13236719821165,0.193438773283634,4.03049225935537,5.58439808008269,5.36304846236234,7.34894561098298,5.42782974713382
"763","GZMH",-1.01832453952782,-1.89526183158616,-2.27325050725692,-4.14916569414265,0.516328276548454,2.57480538418412,3.36061880550511,4.34414513055701,4.28750813038302,2.35661938535227
"764","HAGHL",1.06161753665029,1.29958191699064,-0.0446666839624955,-0.450864833632648,1.94872842525261,3.46354152059101,3.66365037954093,2.42044045246558,2.73303646120843,1.96970474565224
"765","HAMP",0.218823794010102,-0.975468364277676,0.194477432502052,-0.915023310018974,1.11004344564026,3.20477260639033,3.26087816065485,2.66917322019062,2.4537845219662,3.17182134076983
"766","HAPLN3",1.7269762138626,2.1995108649322,2.11021272897569,1.2382743128882,4.04371879754429,5.25853883051614,6.0633886827698,6.95980822770732,6.9176075323884,6.02863234218962
"767","HAVCR2",2.71875989890924,3.37034426810342,2.73437985049718,0.328641316767117,2.46999366687543,7.14171359949348,6.98991004923349,7.81625312126038,7.74242914007109,7.12244997119181
"768","HBB",6.01481067922064,7.57804390679479,6.36564439736286,9.67543858435312,7.7152693906108,4.18468026926895,2.29902390346266,4.73213726521877,1.83885135427541,5.83413885296271
"769","HCG4P11",-0.694946204402699,0.884777534215341,0.304929677217159,0.725470284513068,2.96135108714895,3.71862095812563,4.18391622246004,4.1372262895973,4.37476191825227,3.36842506285085
"770","HCK",3.53349689773619,4.34030047756018,3.68490643022672,4.67984024501213,4.23249248736973,7.7944674057136,7.95151707439807,8.42965310517783,8.34342993207548,7.87230336512684
"771","HCLS1",1.832647967232,3.11338157948867,3.48127028111544,2.76670138304707,3.4518389677467,5.37974423957334,6.49271017509336,6.10069620381417,6.03100410653287,6.67657883653795
"772","HCST",-0.0683102128943747,1.71237388483485,-0.314683638361939,0.410935226547219,-1.28132806748301,5.42070923999045,5.54185875719594,5.72835167180056,6.09857825757121,5.82129812219269
"773","HELB",1.78067541644125,2.00466404730008,2.39867856559444,2.10409790643793,1.24909606162127,3.77259257356051,4.47937436989682,5.38841548671539,4.96768238435716,4.75135484286483
"774","HELZ2",4.49960142523655,4.66264564040697,4.92636803753176,4.7719005823962,6.05289340656069,6.62604804749904,6.77837522728777,7.41491681476844,7.00796895677554,6.88074943860123
"775","HENMT1",1.76444660076796,-0.366068013567182,-5.58732452148392,1.74388278482697,-1.28132806748301,2.97550902819252,3.14379872309282,3.56189473551139,3.96376137672371,3.0064017631221
"776","HEPACAM",1.33778088429451,3.26340289087019,4.19603856165462,4.27791253170335,3.41481195500139,-4.29304631981603,-2.48262502540757,-1.94692510908542,-0.948932123520724,-0.0738773329256405
"777","HEPHL1",4.86837057658532,2.61940568057704,1.40720092848627,1.14127502788471,3.31407406825318,6.8536416779348,7.70956739758797,4.73481470689347,5.63708577400126,5.92495438974895
"778","HERC5",2.64123610483613,3.70051085336726,2.761473912725,2.38628885892773,2.53838966841272,4.18131837898531,4.36405711353215,6.01862548277073,5.99492456072019,5.665074693289
"779","HERC6",3.25154020705315,2.26747635612542,3.30349551800717,2.22731901727147,4.93655519845081,5.24618281581151,4.17695357659853,6.05659472561765,5.46614120643793,6.08484808791208
"780","HGF",3.5852544090531,3.94564887090358,4.0112391924382,4.52671880932574,2.53812736413068,6.31810537436929,6.42151174449825,6.48966257429169,7.04820545936843,6.77668038650597
"781","HIF1A",8.27864672932949,7.4882556898946,7.81110001410111,7.3326102041712,5.55679829980009,9.53923895004525,9.5048631279791,9.70278380208814,9.71705939131277,9.79151806783473
"782","HIST1H2AB",3.40534216177428,3.12384785011072,2.72538422172946,3.15559482803054,3.738851621556,4.8169591194535,5.0872581356735,6.16731018177839,6.3131992322481,4.66571997513367
"783","HIST1H2AJ",4.68975261366728,4.61936796655624,3.57394761185904,3.75726400721818,3.63145281237113,6.18996395610756,6.25941447197973,7.40164657618342,7.61854473691555,5.66895820857523
"784","HIST1H2AL",4.35619775104072,4.17352310402728,3.11707213583344,3.78376541171412,3.97283170153825,5.38653877342451,5.62169415523512,6.75570554479559,6.83097681549246,5.37175996377781
"785","HIST1H2BF",3.32670821364319,3.21384418147317,2.412887458142,3.11359755771662,0.127545173763312,4.28201137878221,4.76035735878549,5.48126347719455,5.5804744957976,4.6003573830809
"786","HIST1H2BO",4.18564771723254,3.9394265073369,3.13296177785406,3.42562456115897,2.61246832421797,5.20329123959078,5.45026603370227,6.30942111511993,6.65511735934904,4.96349768844394
"787","HIST1H4I",2.97527276045179,3.05326607158786,2.29003056811122,2.80141671974416,3.88592182069254,4.80740111837299,5.07499255013255,5.70643958371415,6.10769121269206,4.68674911862875
"788","HIST2H2AA4",2.96795088871377,-1.66188653485212,-2.52694560814541,-2.77901119388058,0.734442289855092,5.55538085704926,3.7551094723988,5.46254608273113,5.82450397249975,4.25341106297988
"789","HIST2H3C",5.91230843799635,5.73445006417186,4.09803474365594,5.43817531177906,6.44915822083237,7.15505827661236,7.33774026387151,8.16936180453455,8.62380961416432,6.64788328096442
"790","HK3",0.70522016516733,1.79540307084966,-5.58732452148392,0.783862457174735,4.01138134337306,5.72408327628327,6.00564132038119,6.6564013230211,5.87391251535844,5.98799502676202
"791","HLA-A",9.80709411352292,9.19421013285435,9.45979535897732,9.82287198558105,9.74483494917295,12.7219695882491,12.250063087185,12.8487805056037,13.1866119730095,12.7539647504614
"792","HLA-B",9.95744090949606,10.8230311612615,10.0773820059768,9.82090075487756,10.7996661548173,13.3301241256957,12.6493671494276,13.3170189375965,13.6455897044749,12.9056197663431
"793","HLA-C",9.55430776210456,9.68446524970898,9.01413891519302,9.49388725768399,9.49453034481379,11.791156806195,11.7883503767737,12.0583283100824,12.505151210668,12.1105553103255
"794","HLA-DMA",3.91046160067721,5.48456606286554,4.37953705297338,4.64023082158349,4.98113383388364,7.30164101824554,8.03051009799094,7.85496681596388,8.42726963437544,8.18272050531593
"795","HLA-DMB",4.64322447326064,5.77245616921855,4.94446444744112,5.31491130863847,6.2062116392377,9.7491376512808,9.04203867264669,9.43654297382347,9.83952345004302,9.40844986926022
"796","HLA-DOA",4.38155543727273,5.16858605052184,3.63995360626761,4.88226687224124,4.33322339574958,9.11858572086293,8.24977186723585,8.15747837891183,9.14206987294316,9.06926530988871
"797","HLA-DPA1",6.53132244178045,7.53649114208486,6.64462331857507,7.8374016994731,6.55980527858642,10.9275036945142,10.8232987844063,11.1056763026825,11.9745524281972,11.6909090188486
"798","HLA-DPB1",5.77749813762882,6.73359550406135,5.21941084820383,7.02887949398401,7.70846959008348,9.86791864067034,9.95423975428987,9.57487914887461,9.94461793440528,9.89400743587718
"799","HLA-DQA1",7.22440578555577,7.95468169214226,6.63759561154982,8.13255100517378,7.99505366024883,12.2839842823174,11.5102587295463,11.1047855158379,11.8855243103458,12.4624191334696
"800","HLA-DQB1",6.77060050715317,7.44577122904617,6.99229030221575,6.38846709958275,5.5118095288937,9.32793071858501,9.74266464295513,8.54747092365688,11.1056076083142,9.50104252802351
"801","HLA-DRA",8.52896238308736,9.69303986078821,8.36640874876127,9.29168522523469,9.56878534940765,13.5257703424369,13.0818375382135,13.6573214372023,13.6119962991286,13.3227744263126
"802","HLA-DRB1",7.11984469835353,8.57487513764131,7.75849665636288,8.77491198373559,9.74651419267489,12.198916655816,11.6211978984748,11.4042770044238,12.2965395980521,12.4768337912773
"803","HLA-DRB3",6.55893964191239,0.667218897889319,5.53865152582788,3.96934782789436,1.87637064298669,11.298660092795,10.6906054499513,10.0582894207421,10.2059304421586,9.76238097746721
"804","HLA-F",5.17384513715922,6.7529060258639,6.01884700743422,5.92114927130168,5.59652905416684,9.36534123232205,9.15090988845055,9.78161495747176,9.71740073913749,9.01965595136377
"805","HLA-G",-2.63361468332332,-2.29153501057024,-2.51321541103241,-1.55193159239208,-1.28132806748301,0.671615833152102,2.68957927771994,0.399360058758372,0.880277244798742,0.997085229255702
"806","HLA-L",-0.683334459017645,-0.774410768376794,-0.477866435324248,0.107479452042187,0.891589702109542,2.45315127378376,1.80872821389236,3.07158281990554,2.8165055728071,2.52498750899973
"807","HLF",5.73842060549852,5.86398221000693,5.7049500619526,5.39725900601286,6.63340762143598,4.14529548639025,1.44574416149161,1.66380645028394,2.56227735405935,1.81876008019291
"808","HLX",2.22716891076636,1.84268094535022,1.95043091637468,1.80482479086063,3.0505096285297,4.39069908825074,4.5377451335294,4.0740066499375,4.45690929451115,4.029600145923
"809","HMOX1",6.31116703689004,5.71864658789134,6.24902858699046,5.97936231769428,6.09439502519989,9.47056077497187,8.78752659080038,7.69198239663456,8.8232641332132,7.42884835112619
"810","HN1",3.01419827825629,3.39930996501393,2.60713406211209,2.86013150815443,5.56301706998982,5.30714414608914,4.82823501359405,5.485050672709,5.3484871557527,5.16109025789011
"811","HNRNPA1P33",3.66322904615075,3.26597701411245,2.9169102298917,2.62131125994945,1.67349836381297,-0.836948234271927,-2.64013652910145,-0.176329419471387,-5.37326948825696,-0.184914391920489
"812","HOOK1",7.14419912211692,6.13274372943362,6.54623309507505,6.11626805251783,5.7075777733138,5.64044635527789,3.18056294675245,4.01864340838643,3.62377207229747,4.91765986657999
"813","HOPX",10.8708341997403,10.939686840106,10.6437491192956,10.6706699019076,9.98621483350156,9.31324744971827,5.50795883437403,7.587002327049,7.46007136600173,8.04723816834449
"814","HOXA7",2.17919586850986,1.61880027857612,1.57876493507034,3.09703408119462,3.1892107172523,1.09334116891105,0.420029652227845,-0.202766505949361,-0.435187846573388,-0.845859834810805
"815","HOXA9",4.55368468527047,3.96939440327171,4.59586256293805,3.92922328445419,3.8543522290081,3.32053457633558,1.84908252608905,-0.342389145598328,1.3727944110358,2.68807782715969
"816","HOXC10",4.39905739495,3.61584696142698,4.36009728521088,3.76740952536783,4.77979097439029,1.49144747629084,2.73436449614329,-1.48761256703638,1.58383456535105,2.21845144646077
"817","HOXC12",2.69234438236639,2.83747223091388,2.76283741651814,2.99664307762059,2.16913170667342,0.265571059789136,-2.76130814943033,-2.80648031779858,-1.50131773971528,-1.12966329388811
"818","HOXC13",4.10839484031092,0.871495900154325,2.17182870771616,1.30763381673007,-0.433263528915893,0.676074248363066,-2.76130851398112,-5.11837980564277,-5.37326948825696,-1.82575489152822
"819","HOXC5",0.60014560048251,1.30980016076652,1.55001576276145,1.85644911208676,0.467411662281426,-2.4703656977434,0.909064446623066,-2.92547217909491,-2.58461092136685,-0.912310906780451
"820","HPCAL1",2.17607421264394,3.80059298737077,1.0798811316197,3.40190342832064,-1.28132806748301,5.43449397936885,4.57174537423611,4.44891397295456,4.78617245583367,4.37043625754373
"821","HR",7.68650973494234,6.50539729234953,7.03482780414233,6.86025215457645,7.67009440394122,5.81969433165621,3.80019160789643,3.75023666145305,3.66078296816733,4.22543629825824
"822","HRASLS",1.50536999859757,2.3553801130579,1.55131184355487,1.85887698230705,0.623367092737926,-0.0753583864776143,-5.05205299086839,-5.11837980564277,-5.37326948825696,-3.35788278386188
"823","HRASLS5",2.08819737741996,4.37948409899168,5.19184319077612,4.2322003540267,3.37762154051635,-2.39419538377019,0.842852837425922,0.407280458340478,-1.59091039228698,-3.61781615569283
"824","HRH2",1.77052084251132,1.9516790596243,1.3884587486984,2.19106962426106,2.35409157123835,4.03376253530666,4.94278622060941,5.12461484692421,4.75376527632848,4.86688680097455
"825","HS3ST3B1",-2.03073951206984,2.19134371401306,2.60045371479151,-4.20958867997872,3.16768773745487,4.21566474177096,4.14443549845023,4.83969810456311,4.21970378982956,3.7822096755029
"826","HS3ST6",6.03198490701441,5.2005227739368,4.85250202803249,5.29034299018521,5.15214165686655,3.05796401381819,-5.05205299086839,-1.02657414503538,-0.235182004896509,0.473172923277419
"827","HS6ST3",1.3686946992129,0.638760681585265,1.24148527568239,2.66518597797181,3.06808303948258,-3.66943483113307,-2.95631309475295,-2.56966968014528,-5.37326948825696,-4.00549980678922
"828","HSD11B1",1.82430591386929,1.36073354651978,3.02816022312569,2.32313000761796,3.33641755938327,4.13699520351363,3.11544275618286,4.54815954697506,4.210042183949,4.67222884040645
"829","HSD11B2",3.78523651191402,2.8146308840373,3.17626609805716,2.20843719347128,3.42505548562962,0.720576075043232,0.917019416053808,-5.11837980564277,-2.09605636441174,-1.26277045529733
"830","HSD17B13",2.7116913766241,4.49951992736775,2.60807085199775,4.09998567805302,2.03332563691026,-1.41498613780423,0.0702287357972879,-1.20140352760565,-0.170314210118373,-1.88701722572452
"831","HSH2D",0.169583248423702,0.910074792135054,0.852435338637263,1.6725553425052,-1.28132806748301,4.56236543285735,4.89138713489872,4.9017483876975,5.50970321834893,3.93601539146057
"832","HSPA12A",1.77370743410733,3.13288679453444,2.54656490635845,2.83446746719716,3.37671995370131,0.100395617808877,-0.407196091489963,-0.617733604131589,-2.41495962631468,-0.556707729856389
"833","HSPA2",7.60238858833902,7.84382630423939,7.30407295988133,7.44272191886637,7.12635535282386,6.20666164196417,5.20000078411945,3.40089146295648,3.96371195915445,5.00600239290248
"834","HSPA4L",7.38093742662966,6.69923207037141,7.09744181519176,6.82531460398957,6.12056084594992,6.44240798390869,3.05786427193458,3.39625669751114,4.2346267865895,5.07385171948134
"835","HSPA6",3.47076369346255,3.95382104601644,3.15736171880942,3.54718479646133,4.44610416627896,5.87365481414339,6.45471238060031,6.41155849042956,6.39312933217303,5.44094880350381
"836","HSPA7",3.37437799282841,4.20222381362184,3.27274954536272,2.75797120738396,4.15730007714345,6.04519154499609,6.34151963626475,7.38357248686451,6.97854458497527,5.89945039053258
"837","HSPB1",9.00116797670385,8.50428197909742,8.62075693717543,8.6619904768574,8.19872663182116,7.79850581254372,6.20172464562672,4.475723262333,5.40368138734818,7.04620773136889
"838","HSPB3",1.32753177068176,1.21405918989909,0.251346701607605,2.23180800693976,0.826559373998275,-0.754930261003832,-0.841126017016238,-5.11837980564277,-2.59796923814739,-3.85953581011967
"839","HSPB6",1.527958260491,3.01979191168062,3.60448026789407,3.61958764268949,4.38683573757442,-0.431699515018417,1.30958353009284,0.00716465272702509,-0.513410625640264,-2.3813885006849
"840","HSPB7",4.18644961487842,5.0421239315208,6.15696446710345,5.02688070266889,4.76071144544997,1.59796555860291,0.834955388410914,-0.636492946417225,-5.37326948825696,1.0659173626055
"841","HTRA3",2.87269274439754,3.82051963649253,3.00860026367107,5.77209723946474,-1.28132806748301,5.89796820357406,5.83818749165133,7.26629029885067,5.66452270934264,6.2556473463233
"842","HTRA4",0.63666229363917,0.729751169593378,1.84740341449859,0.803862329407884,-1.28132806748301,3.13100537442365,2.87152472040552,3.78967123525969,3.39268550673201,3.8724876086589
"843","HVCN1",0.249849771214906,1.3362259568188,1.33480309989811,2.64748421587687,1.8313414614215,4.34835874045882,3.55568369058974,2.75766179309933,4.01667281047455,3.9045641297514
"844","ICAM1",0.983570157318633,-0.707905653734566,0.657135397680513,-3.84948193467358,3.85757804648648,4.06595821401948,5.60415430156295,6.27125099425714,5.38301565610977,5.21931739623301
"845","ICAM3",2.36292252871337,0.976389567263803,1.63578850817623,1.50713967224149,1.55009517557805,5.39993622071685,5.44597154762583,6.10331883365965,6.03548545835651,4.8151449629546
"846","ICAM5",-2.52442278347401,-2.65865677490195,-1.47899143266179,-2.01343962895477,2.23804261230767,1.52957314698028,1.75798932829233,1.8130762782005,2.24897028066767,1.61200228526609
"847","IDO1",-0.261305591086238,2.04634441268154,1.14945286624621,0.0259292979654125,1.3288043550519,7.48332386572402,8.41265458495475,9.75613395278333,9.58547416536577,9.90771771038874
"848","IDO2",-0.420467830155842,-0.798679830814499,0.752880850893181,0.350404995365292,0.658422595414537,1.41240715480127,2.33803513005105,3.67044671654645,4.06249669154634,4.00222776249543
"849","IFFO1",1.11475768593041,3.18383085157301,3.33543145092357,3.16598960379627,3.54322240697241,5.41324290746361,5.19048696814365,5.48152642552929,5.47054464245925,4.9865701280915
"850","IFFO2",10.2603000257699,10.3571452414437,9.27624551427919,9.23164040903866,9.67678698809729,8.7321722982778,6.64494591994128,6.21092708790662,7.15680077429115,8.27004930296278
"851","IFI27",2.62898171308974,4.5160043112014,4.38602894888654,4.70739594178683,7.40108394364459,8.69217132918588,7.06936635375475,8.13172627158747,7.87683857901203,7.58759906489286
"852","IFI30",3.91158980259612,5.16038723679734,3.53262466495427,4.14276873613677,5.4336646867933,9.13542808713747,9.01781538262608,9.54435557100894,9.1435912747244,9.04798624767639
"853","IFI35",3.13140150442336,3.67541557502497,3.90391820688147,3.24212132509738,4.30226919751129,5.42003371687052,5.41883085111907,5.37212274653672,5.89520172726956,6.22167327766591
"854","IFI44",1.84410122255141,2.86759089526238,2.85819374744086,3.25681276486877,3.87559511424134,5.93858477893038,5.75017701983029,7.0672966550835,6.39738750506165,5.99916580596738
"855","IFI44L",3.04053503970316,3.50415911487088,4.05438149807436,1.34962385814246,4.78985066274585,6.28586294224611,5.63707717751888,8.06338501869372,6.85987333623464,6.01001163609839
"856","IFI6",0.725507269315516,0.348508057046933,1.65457352992358,2.04713485174484,4.107387271955,5.49460518508788,4.5651685132583,6.51015564788596,5.80608688920627,5.86844948653345
"857","IFIT3",3.7701929439156,4.52447546395568,1.23818461759831,-4.10932749662494,-1.28132772000838,7.26559292777473,7.58796336021971,9.1503420312949,8.77161666005833,8.09694678401102
"858","IFNAR2",2.70781079514739,2.25872875146715,1.59268012472175,2.90934541554845,-1.28132806748301,5.01465286249604,5.70879229518298,5.18555716031005,5.19418303334665,5.23773332713614
"859","IGFBP6",3.7856554107095,5.42218701444945,5.63755460299253,6.05241457626423,5.55351429838291,1.58911964767373,1.50056550370545,2.53816379445676,1.93270966900686,1.46102136590958
"860","IGFL2",5.91560927076578,6.42464045078573,5.42862295132818,5.64380945602995,5.2358489611378,4.4783742154539,0.603410178965647,3.13304465096166,1.79051628260484,2.67144646438332
"861","IGFLR1",-0.238133445470601,0.750440306558165,-0.184114672011901,1.11983747569068,1.30814001855818,4.40024219424521,4.47082332204523,4.67903887578907,5.05220137017412,4.21616689579725
"862","IGHA1",2.15463001267886,-0.360539742766129,2.79343866425539,0.108683201811491,2.62977006075912,11.7838794538008,9.32279228268123,9.38782829700323,10.7596963466607,8.21498410270117
"863","IGHA2",-0.608751892517926,-1.95088168728913,1.25232894711306,-1.64801933967049,1.4883998153623,11.2375980776154,7.72279886130331,7.60890052094078,7.52189871059923,6.16202795690803
"864","IGHG1",1.70164767265969,4.62965507830262,5.68381360321828,4.73109616899126,4.95185619503612,14.0940166194596,13.9883798530639,13.020022005308,14.0657503839545,12.3586334663347
"865","IGHG2",-2.98567068559952,0.789508897299376,4.57506243977874,0.555180688284713,0.432664554379485,12.2044818429252,10.1756872616388,9.15782250010635,11.2508576725182,7.90160764653047
"866","IGHG3",-2.2956958356591,0.709001092604367,3.11564080671847,1.35906585555305,2.13609255247019,11.1536370730067,9.55227264643308,9.76583174853048,12.237996586783,8.92288340506055
"867","IGHG4",-1.24654581950122,1.01079557231098,3.35767820283493,1.53165962652364,0.668457369489757,10.6328644534104,10.3806438831403,9.3762727745469,7.95213522485809,8.369725036518
"868","IGHGP",-2.01882848188384,-0.823458078210248,1.35987775890612,-0.0856861033733564,1.41615089762055,7.82653554251629,8.92779378509756,8.2079535611078,10.5077076988479,8.08062032771612
"869","IGHM",0.0394865911220578,1.45743357964618,2.74787960170566,2.02350080938478,1.33000177102316,7.63347001631693,10.4145434461132,11.7054258484363,11.9893206532793,9.50491780521266
"870","IGHV1-18",-3.90613630289531,-2.12986681562982,-2.10171663190603,-0.244913604044731,0.135346291929822,6.93287063098312,7.17766657055958,6.65785705568007,8.01362450067681,7.2465664935956
"871","IGHV1-2",-5.51361216002677,-1.69518323189587,-1.56636888768946,-2.57952114289079,0.127549727286875,7.03751052459858,6.82042102502635,5.08294475585403,7.70043457605562,5.50136756041689
"872","IGHV1-24",-5.51361216002677,-5.84312502698991,-2.39903431960933,-4.20960489090342,-1.28132806748301,6.46507815507276,1.86366176945095,4.40265541714619,5.39848381600034,2.54181732371869
"873","IGHV1-3",-5.51361216002677,-5.84312502698991,-1.33382134952031,-4.20960489090342,-1.28132806748301,3.7628097204998,7.63588947811297,6.67764414981959,7.25647947373212,6.04894115333798
"874","IGHV1-46",-3.37940372767833,-2.24416339611237,-3.97315564668621,-1.47499443679299,-1.28132806748301,6.4013180341628,5.93383301574685,6.00021028991338,7.65458062516066,5.23278601050416
"875","IGHV1-58",-5.51361216002677,-5.84312502698991,-5.58732452148392,-4.20960489090342,-1.28132806748301,0.968180731566783,3.33304175629636,3.42082650517384,3.16318863076078,5.31814820971564
"876","IGHV1-69-2",-4.76338770550522,-1.71819243680207,-2.04771411565397,-4.20960489090342,-1.28132806748301,5.15942046050582,7.46640728608283,6.49349359692276,6.07354695163277,6.45606759268836
"877","IGHV1OR15-1",-5.51361216002677,-3.23136936108745,-3.58291069778047,-2.57952287167968,-1.28132806748301,2.70043336450381,3.11577503919541,2.49784672392361,2.88171232615721,2.06683008200553
"878","IGHV1OR16-1",-5.51361216002677,-5.84312502698991,-5.58732452148392,-4.20960489090342,-1.28132806748301,2.23710034991697,1.523590067342,0.230338153816948,4.03101451925745,1.21932476854079
"879","IGHV2-26",-5.51361216002677,-5.84312502698991,-5.58732452148392,-1.33669445778443,-1.28132806748301,2.09569029190586,5.04312758111332,3.87427944900828,4.26358718701893,4.81315908412833
"880","IGHV2-5",-5.51361216002677,-3.44704275814339,-3.26069009613888,-1.34449471198362,-1.28132806748301,6.4018601173694,5.02121857446684,4.51233758446883,4.81269964522948,4.24266888067286
"881","IGHV2-70",-3.70701426390292,-5.84312502698991,-5.58732452148392,-4.20960489090342,-1.28132806748301,5.10386018934036,4.12196509043128,4.56997053211315,3.27046940645037,2.43878629051005
"882","IGHV3-11",-5.51361216002677,-2.30128307453308,-1.66372892078727,-2.06164910391679,-1.28132806748301,5.79836008081328,6.84262361597936,5.3147545657009,6.53698543922451,4.19736498331439
"883","IGHV3-15",-5.51361216002677,-3.32037902916251,-1.14880050730978,-1.70095824316726,-1.28132806748301,6.9182427078087,5.49319688897152,5.21476419954634,6.83618449546295,4.37424947149518
"884","IGHV3-20",-5.51361216002677,-2.90652401107524,-2.40650098287082,-1.83369729154216,-1.28132806748301,5.84641285071778,2.89288269079268,5.45303337504078,5.10601889941491,3.05351384138061
"885","IGHV3-21",-5.51361216002677,-1.69616411817985,-0.291794092708917,-4.20960489090342,-1.28132806748301,7.24344483875113,7.05838908276432,7.1088133511242,8.52807227055496,5.95498203506233
"886","IGHV3-23",-5.51361216002677,-1.61678850407813,-0.192465582694829,0.231934869039588,0.354005340441617,7.45652010360894,8.65948250114653,7.75495891961222,9.0561633122544,6.50221381222209
"887","IGHV3-33",-1.75427322420692,-0.96378596629045,0.991456777358238,0.120271737899511,0.859351259363286,7.28173062491136,7.65281272480097,8.14880054771599,8.42466864636773,6.67302264866592
"888","IGHV3-43",-3.17027960858518,-5.84312502698991,-2.10698276877281,-4.20960489090342,-1.28132806748301,4.82860171271511,4.75549581984239,3.80531828839996,3.57553959002022,1.24237102198403
"889","IGHV3-48",-5.51361216002677,-3.72897335962899,-3.29283987227846,-2.08133315682149,-1.28132806748301,4.35319464164023,5.07155207876526,3.36326911383734,4.60442183772266,4.91904030149427
"890","IGHV3-49",-5.51361216002677,-5.84312502698991,-5.58732452148392,-4.20960489090342,-1.28132806748301,5.76197539081916,3.23035523275888,5.16763591828265,5.21245683753131,3.99486251015092
"891","IGHV3-53",-5.51361216002677,-3.12248464503769,-5.58732452148392,-4.20960489090342,-1.28132806748301,5.27174757762079,4.59699271459385,6.58275894822576,6.73579251081989,4.89964856777405
"892","IGHV3-64",-5.51361216002677,-5.84312502698991,-2.36140515971066,-4.20960489090342,-1.28132806748301,4.47523092568705,2.15825620682434,3.43755493498253,3.71804525110073,2.51162089440867
"893","IGHV3-7",-3.16624003936344,-1.83065829772971,0.904118355694917,-1.43034156711505,-1.28132806748301,6.5994124225875,7.45617528041499,6.91749919397946,7.33537971948941,5.82763228052569
"894","IGHV3-72",-5.51361216002677,-3.77701571577909,-3.73452198454064,-2.63462229256309,-1.28132806748301,3.0026240540271,2.61425252585859,3.0328936660375,2.57184172766268,2.60232314727084
"895","IGHV3-73",-5.51361216002677,-5.84312502698991,-1.52668289821894,-4.20960489090342,0.134360608711315,3.66171700473111,4.30908816653052,3.43745422813671,6.13440427423913,2.83473096597815
"896","IGHV3-74",-1.58139847645167,-1.73148775084973,0.0163895348978312,-0.295320581192003,0.131266103629177,7.57549173785279,7.16058574176346,7.30794619052588,8.07961751148573,7.97861700879289
"897","IGHV4-34",-5.51361216002677,-1.30116089089129,-2.29976851852787,-4.20960489090342,0.374046333204994,5.53454696634443,7.6028615814529,6.82064219488449,9.0146694561638,6.36491309516208
"898","IGHV4-59",-1.40623354604037,-0.941831860815662,1.24901721983181,-1.34449279257163,0.127546653660046,8.96842984665303,7.45883019401435,7.15489658163898,8.7846494875022,7.05156783781743
"899","IGHV4-61",-5.51361216002677,-2.63075857097102,-5.58732452148392,-4.20960489090342,-1.28132806748301,1.72527390609397,4.83501590991265,3.37609109625678,4.66863894770086,4.54752592197177
"900","IGHV5-51",-3.90426449453366,-5.84312502698991,-1.74383710675376,-4.20960489090342,-1.28132806748301,6.25523796072529,5.76101774619195,5.93293744568387,6.17860211186442,4.43156488501245
"901","IGHV6-1",-3.90726133961612,-3.43827179122971,-5.58732452148392,-2.57218839422094,-1.28132806748301,4.39873161802431,6.23197605976757,5.60945954079979,5.99873903474561,4.93915960277433
"902","IGKC",2.3466478784428,3.41122489832601,5.11465558183141,3.68381909178406,4.0067309143705,13.4649880766591,12.685955385101,12.1772583075028,13.0521272041743,11.4284741040158
"903","IGKV1-12",-5.51361216002677,-5.84312502698991,-0.648736693148776,-4.20960489090342,-1.28132806748301,5.54987006780997,5.06851307626739,5.3391269299156,7.20072251756567,4.09263512338624
"904","IGKV1-16",-5.51361216002677,-5.84312502698991,-1.6749430609484,-4.20960489090342,-1.28132806748301,5.11862976816985,6.05448326863601,4.50808976995572,6.79675600372912,2.98174707166929
"905","IGKV1-17",-3.91451311575609,-3.91457034697268,-2.23148659610977,-0.810317984526026,-1.28132806748301,6.14253178472949,5.65576177249567,6.48744990742729,7.07412214719862,6.13742299365668
"906","IGKV1-27",-5.51361216002677,-5.84312502698991,-1.67568254461641,-2.579520306704,-1.28132806748301,5.1813622874522,4.65344089293991,4.95392265055151,7.07716491053298,4.28456865026553
"907","IGKV1-33",-4.4019765555213,-4.81053193613694,-2.3269588016606,-2.77901403182011,-1.28132806748301,3.00187067521251,4.85118255317188,4.05524712507477,6.19262666046084,4.01432980749618
"908","IGKV1-39",-5.51361216002677,-5.84312502698991,0.204679022531995,-4.20960489090342,-1.28132806748301,6.8137255903676,5.32573053370402,4.76609624803252,4.44842510546662,3.22109403075839
"909","IGKV1-5",-3.17474311550056,-0.543970946145976,1.50096374814749,-0.114215339240127,-1.28132806748301,9.64908946535285,9.33985912641148,9.10645435194884,9.61488354625532,8.26907548763158
"910","IGKV1-6",-5.51361216002677,-3.7615315714007,-5.58732452148392,-4.20960489090342,-1.28132806748301,6.75394434384436,6.0672991080957,5.12641161354087,6.2195533216045,3.78162545488217
"911","IGKV1-8",-5.51361216002677,-5.84312502698991,-2.9589399113752,-4.20960489090342,-1.28132806748301,3.015352495482,1.11152403107324,2.10865314010487,3.87741034368949,1.11193210652002
"912","IGKV1-9",-5.51361216002677,-1.55684538727117,-0.950331698181512,-1.44723575804015,-1.28132806748301,7.59924572037691,6.53696708572072,6.16121364738596,7.04572769216186,4.83806900782871
"913","IGKV1D-12",-5.51361216002677,-3.71855498233271,-5.58732452148392,-2.21920337658329,0.127544195892252,4.91584719913204,5.45586498762449,6.00548910079367,7.81806821892438,4.70276916586245
"914","IGKV1D-13",-5.51361216002677,-5.84312502698991,-5.58732452148392,-4.20960489090342,-1.28132806748301,1.44383756830075,4.20449470123782,0.357461282418261,5.36124551403743,3.38199761368831
"915","IGKV1D-16",-5.51361216002677,-5.84312502698991,-5.58732452148392,-4.20960489090342,-1.28132806748301,2.0099542598507,1.58232221073454,1.37934289457517,3.64206469915133,1.43411203181923
"916","IGKV1D-33",-2.57183760293796,-1.9322921573104,-5.58732452148392,-4.20960489090342,-1.28132806748301,8.20882816457102,7.15077838986091,6.36043336298695,7.88833579985385,5.86418924233448
"917","IGKV1D-39",-2.68810610404642,-0.339808995865278,-1.59442420330675,-0.979820955761267,-1.28132806748301,9.83240369974069,8.59650229000149,8.24430165638618,7.72356203695249,7.05610879543604
"918","IGKV1D-8",-5.51361216002677,-5.84312502698991,-3.0980792318802,-4.20960489090342,-1.28132806748301,3.92421873437884,2.02273575240424,3.21242548985186,3.41219896200116,1.66136123075646
"919","IGKV2-24",-5.51361216002677,-3.44704112620424,-5.58732452148392,-2.28598283296696,-1.28132806748301,4.01099789120053,4.97595870694473,4.94922012917733,6.54704704773108,2.88968419278121
"920","IGKV2-30",-5.51361216002677,-1.79351476071264,-2.12254484364279,-2.57952409549303,0.127543018965901,5.86108288170595,5.10477843307289,5.13601971148173,7.65559472246346,3.83390761197114
"921","IGKV2D-28",-5.51361216002677,-5.84312502698991,0.526998737282989,-4.20960489090342,-1.28132806748301,7.58033660835074,6.86381547476135,6.74469924719527,7.1941859317761,5.64948315541668
"922","IGKV2D-29",-5.51361216002677,-5.84312502698991,-5.58732452148392,-4.20960489090342,-1.28132806748301,4.4063798309935,2.05950596688597,4.8691871549234,4.36641979362249,2.20426859654381
"923","IGKV3-11",-3.17474074376022,-2.00552800256641,1.00863752543824,-0.0780214376613744,-1.28132806748301,8.28680327355944,7.78432034390634,8.05537207431859,8.77707540685036,7.39670441440386
"924","IGKV3-15",-2.99423866672386,-0.145799216492587,0.135419207723634,0.179350237916877,1.17538837507219,9.3363708264308,8.3319693538404,7.88130079943669,8.49689097372696,6.55977831631629
"925","IGKV3-20",-2.43570099729738,0.147723996752108,1.66754580044206,0.996392231006063,1.59647564658863,9.78878300106311,9.66168513302134,9.10522767343046,9.32604135098424,9.28762248485698
"926","IGKV3-7",-5.51361216002677,-4.16477870809583,-5.58732452148392,-2.57952114289079,-1.28132806748301,3.22300260395646,3.1764719526146,1.95201179301153,3.8364518618326,1.46421477752284
"927","IGKV3D-11",-5.51361216002677,-1.90874025872022,-1.19806324469161,-2.19502249890233,-1.28132806748301,7.66368060237854,5.86747054887308,6.32676352092342,6.5846104483749,5.20585459253267
"928","IGKV3D-15",-5.51361216002677,-3.93426701263336,-5.58732452148392,-4.20960489090342,-1.28132806748301,3.76320783791442,3.73368733539177,3.90747205668861,4.7203503083686,2.54680936360687
"929","IGKV3D-20",-5.51361216002677,-3.17907218427347,-5.58732452148392,-4.20960489090342,0.485243573678638,5.27257072840826,4.08548649383963,3.92681620808182,4.32011146334432,2.57853447766099
"930","IGKV4-1",-2.32487121301167,0.587738035894568,1.53745907890647,0.102027677140063,1.29541215234201,10.1924342267905,10.1192277759717,9.00250419819177,9.89643231189033,7.73722127777754
"931","IGKV6-21",-3.91451541126427,-3.44703931929831,-5.58732452148392,-2.57952021336911,-1.28132806748301,5.03197705310911,2.42283618717555,4.84321388717605,5.56763353109169,2.41096022872589
"932","IGKV6D-21",-5.51361216002677,-4.19610547411406,-5.58732452148392,-4.20960489090342,-1.28132806748301,1.77030209407723,1.84487490312413,2.21124193567468,3.00223142972101,1.47030721337382
"933","IGLC1",-1.85556600942332,-0.20649926677984,1.42195799709446,0.274076343964709,-1.28132806748301,10.0708594197679,8.66574748312854,8.68863458003501,10.9296419147225,7.64985159928783
"934","IGLC2",0.195641456598229,1.69251265080874,3.64618011450452,2.6785731576863,0.826561039432188,11.6212615104576,11.999234974188,10.7354477944107,12.1335741109587,10.1516743426037
"935","IGLC3",-2.3134175247355,-0.719650839384877,1.71438339322876,-1.46765055287014,-1.28132806748301,11.3434230791336,7.49329516453418,10.0072718479188,10.4214292635956,8.45458062990109
"936","IGLL5",-1.15594534464075,1.10726008927548,2.31025570991575,1.77244926784367,-1.28132806748301,11.0337667989384,9.61781820711264,9.84900111970204,11.0977566247254,8.66781263238784
"937","IGLV1-40",-5.51361216002677,-2.84500794821867,-0.111493737666206,-2.5795199399805,0.127544604571855,6.80127640869321,5.14603157919201,5.57706385107944,6.56632593144471,5.97690963295937
"938","IGLV1-44",-1.79590636228823,-1.62908139606278,-1.16664722232195,-2.01697321415543,-1.28132806748301,8.3612677780195,6.78387309353478,6.16014927193652,7.72278826977288,6.32749773047204
"939","IGLV1-47",-5.51361216002677,-3.17675210003958,-0.862617194884953,-1.66854292223086,0.127547816434987,7.13823449518803,5.19377810772761,5.35343054278093,6.75792749972333,5.47852845559072
"940","IGLV1-51",-2.68811198927734,-1.23133491569712,-0.155313153525009,-0.979831015191561,0.826558622674076,7.52664016073999,6.65910264977081,7.20232561305208,9.40813384897455,6.81143299984477
"941","IGLV2-11",-5.51361216002677,-1.87520283936544,0.692188403977822,-0.224849656510513,0.127545275404619,8.69070171142846,7.04801403783941,7.03676743260885,8.51359350659885,6.19025786461776
"942","IGLV2-14",-1.84521269985582,-0.637533235588811,-0.392693158993327,-1.55879941932399,0.127545275404619,8.67834891875927,8.33818772171812,8.20939477433983,8.95968986254262,6.91734392979198
"943","IGLV2-18",-5.51361216002677,-5.84312502698991,-5.58732452148392,-4.20960489090342,-1.28132806748301,3.20141858702123,3.96308196371608,3.61850878432227,6.68795730477826,3.38838090374213
"944","IGLV2-23",-3.70945951455357,-0.678533853496249,0.654038664254138,-0.239933228065175,0.127547674137405,9.43762364498138,9.12135401628,8.50494390729317,9.75260196545118,6.98096972755809
"945","IGLV2-8",-5.51361216002677,-1.02375786374882,0.311158418226452,-2.23272859305544,-1.28132806748301,8.05582864748602,7.92796837437552,8.04210753079743,7.68528999142031,7.36830940728144
"946","IGLV3-1",-3.91451572538097,-1.66880562937135,-2.41216727249491,-2.57952174434631,-1.28132806748301,8.14122853248377,6.9840922115223,7.71630979979167,8.58812730558534,6.64304662305605
"947","IGLV3-10",-5.51361216002677,-5.84312502698991,-3.26068276854213,-4.20960489090342,-1.28132806748301,5.12376029896061,5.07254736467662,5.08462066732048,3.82054976653617,3.46564582064545
"948","IGLV3-19",-3.91451879331463,-1.23134031379548,-1.88145230593517,-0.979831409338208,-1.28132806748301,7.05105405618447,7.3782515568392,7.35011158047059,10.5252752659641,7.56650651793191
"949","IGLV3-21",-2.68810677989331,-0.799696945018322,1.96542314989593,-4.20960489090342,1.29541155519497,9.59738358924528,11.1815481064297,7.59761549326486,9.5003287572423,6.11557214663514
"950","IGLV3-25",-5.51361216002677,-5.84312502698991,-3.9984350315035,-4.20960489090342,0.127546652135428,8.03841188158595,4.97289925414815,5.87835086476163,6.90016295981177,4.75579067289839
"951","IGLV3-9",-5.51361216002677,-5.84312502698991,-5.58732452148392,-2.57952015869138,0.826559624439588,6.30768061223028,3.48418829717635,6.3432564212712,4.35663974768471,5.01422377419235
"952","IGLV4-60",-5.51361216002677,-5.84312502698991,-5.58732452148392,-4.20960489090342,-1.28132806748301,2.8602997249686,1.59575108489429,1.98810688872889,6.49031003843309,0.903760796764103
"953","IGLV4-69",-5.51361216002677,-5.84312502698991,-5.58732452148392,-2.57952089684088,-1.28132806748301,3.84542426360745,3.11356739785776,3.12608298737845,3.80743623951291,2.45286116686411
"954","IGLV5-45",-3.91451492643209,-5.84312502698991,-3.26068549401255,-4.20960489090342,-1.28132806748301,3.2211111026284,4.48696059785823,4.64499692025947,3.50002245913227,1.30091606831024
"955","IGLV7-43",-5.51361216002677,-4.19610803858701,-3.26068869268224,-4.20960489090342,0.826556619140965,3.98164920814509,2.57905792236659,5.78212090517006,4.70900264804695,4.72047304352953
"956","IGLV7-46",-5.51361216002677,-2.95646423386624,-2.41217108963388,-4.20960489090342,-1.28132806748301,5.80698667754326,3.58258872918651,3.33583177918129,5.02953787525044,3.55526680637527
"957","IGSF10",3.99399702823855,5.59595807928905,3.69665285565699,5.71056586513989,6.1666456057781,1.79917317040346,3.09008361608916,0.759701428393972,2.16808173535855,1.86061315364641
"958","IGSF6",0.363682457376422,-0.155649701493646,1.05813743627161,-1.0890815329162,2.60443259160185,3.41298737491061,3.05957960146441,3.00509174886292,3.27966155916177,3.10242842419503
"959","IGSF9",3.3173209960776,3.32739814423175,2.70335453253074,4.46596463872061,5.22386207518029,1.59572087793318,-0.502335323233723,-5.11837980564277,0.0107550920354799,-0.361763700563633
"960","IKZF1",0.455634453788098,2.33530833234832,3.00060318126998,1.731057857456,1.8341102436988,6.47208921403617,7.16747917649253,7.08171331324452,7.17959220611195,6.78342076216371
"961","IKZF3",2.96975269947565,3.4889046103173,3.91798166094288,3.2153510275531,3.45677323384693,7.37060474623202,8.23643833033126,8.56154788508114,8.78724543687632,8.10875597356203
"962","IL10",-4.03436874876461,0.843874911536618,-0.844608823067715,-2.52741423077864,1.4208009655325,3.26166554569603,3.26156649640896,4.05949053403976,3.85659003735654,3.43275774611023
"963","IL10RA",2.60576997353217,4.68085527502268,4.834714728703,4.73453073178455,2.92323237029234,9.09320636850844,8.84216858538858,8.73948714575544,9.43117566483755,9.12040502898772
"964","IL12RB1",-0.215989290855611,1.09573877590216,1.53397062966271,1.5607161071024,2.34695228761352,5.19815618575383,5.05532051089538,5.88531311038184,5.95361109452882,5.08303106158811
"965","IL12RB2",1.48750530381665,1.36333934984906,1.14593776462604,0.359661965374404,-1.28132656173094,4.14969167505723,3.19570517553495,4.63812236832756,4.04898519070668,4.1763181509798
"966","IL15",1.40449137630158,1.66868683138583,-0.624992936011633,-4.20960489090342,-1.1952415640433,4.78747258468203,4.20185337724265,6.22653303277249,4.98340904291061,5.95435482928433
"967","IL15RA",2.78663629900949,3.224683221974,2.92106870210479,3.72771254444415,1.03615442581847,5.1664697953957,5.52411810577782,5.81978180538306,5.97872027189852,5.63731544194389
"968","IL17D",2.93616739604484,3.48273170908591,2.43322635858125,4.02703313119793,4.58752311336551,0.760348136950826,1.07508112231449,0.154394705502419,0.504086077241458,0.989299862005764
"969","IL17RE",5.9012339556031,5.8584358023209,6.00979921983027,5.79853939159223,3.97270104714773,3.14742485427914,2.84683723526919,1.0945391171718,2.5847059717468,2.51492148401813
"970","IL18BP",1.37154258024557,1.76200396893948,2.33129581989396,1.81960615109064,3.70029607624435,4.27244606486243,4.68183408058197,5.20470238521037,5.70066813347382,5.30779944394758
"971","IL18RAP",-1.43875084973244,0.620123770644525,-5.4075907619438,-2.94122949618105,1.01600553917074,4.93486358116195,5.20869971518047,5.4385445866142,6.49184748542855,4.5649035335577
"972","IL1B",-0.844656815430269,-0.273062349892178,-3.04036833889165,1.74443440197131,2.00250464796894,4.3337953718713,8.09697225569645,6.33974547798518,6.91537486520554,5.61855135703975
"973","IL1F10",4.26309731676913,4.40892450566764,3.07069906134643,3.57263123057976,2.85097896510559,0.682754110022766,-5.05205299086839,-0.613767439825764,-1.68967639142049,-1.25837637960749
"974","IL1RL1",0.0134795833465078,1.15092471446915,0.138117640585192,0.948314277482753,2.53055152554891,2.71067448315192,2.95823106760069,4.92538074757429,2.7933324180988,2.24736017339226
"975","IL20RA",6.34434774696477,5.80994462982395,5.43647259525549,6.02563208886397,3.54020367678838,3.6398476367653,-0.879016621753487,0.0169899323086371,0.260923118634186,2.63194225166138
"976","IL20RB",6.56887476119196,5.98760719241274,6.51485981297371,6.72276507417099,7.1669026822277,4.38258770439411,0.722915804899383,1.63851606840588,1.89610728595609,3.44937789686044
"977","IL21R",-5.51361216002677,1.09505620277796,-5.58732452148392,0.0922219550605051,-1.28132806748301,4.35416301614137,4.59887421747547,3.61014494873737,5.56880207828482,4.73332813643103
"978","IL24",-3.64414274179228,-2.9437034774976,-1.86783776631057,-4.20960489090342,-1.28132806748301,3.73514532050681,5.24300480305362,5.65642852152852,5.58403081949407,5.08973617376679
"979","IL27",-5.51361216002677,-4.16696970209896,-3.96985704452349,-2.55054379044987,-1.28132806748301,0.546764290840521,1.08275514250036,2.22903545140276,1.14034708188336,1.27984021462869
"980","IL27RA",-1.60271544744757,0.514585654614927,-5.58732452148392,1.0786693488459,-1.28132806748301,2.77339882955795,3.31552581648899,3.94522121144375,3.95450324988355,4.10816369624199
"981","IL2RA",0.493191723917952,0.658118091052969,1.1561951603988,-4.20960489090342,1.40131561725721,6.08157721775382,6.39340313876758,6.63740395376487,6.93045506777001,6.92137567427497
"982","IL2RG",1.00741119230397,1.60037232046539,1.4417440542087,1.60285275539904,2.12357881674333,4.6185639702374,5.45834550197457,6.47458239994804,5.90413022411333,6.80028571865311
"983","IL31RA",-0.899395758895036,0.26052113916081,-0.321605990470068,0.574941172771319,0.879210237960847,1.01367636634308,2.33700455841624,2.95026342212106,3.04815500649131,3.37817500139268
"984","IL32",1.66716973335467,3.53433029067984,2.9571609982325,2.82792193375567,3.96206526070166,5.83689538134303,6.5704799209606,6.64097384101304,6.50332948392657,6.36915812409051
"985","IL34",5.6714093871905,6.32875695781446,5.3583638885358,5.84700481825551,6.17062204010239,4.83095618988274,2.73948665569989,2.62071087229527,3.43866768719465,2.52056086155371
"986","IL37",7.65672307296063,7.54876591196494,6.84449765633605,6.75049815620544,6.83893109087416,6.1115665059615,-2.43191101703377,2.98954502787393,1.00440574274654,2.64932756818057
"987","IL4I1",-3.41447570835456,-2.50280521077604,-5.58732452148392,-1.01727495363133,-1.28132806748301,5.38512796844523,3.92345521185371,5.25273367258576,5.69907488210682,6.52862233739593
"988","IL4R",4.00914906696947,4.68656221752983,3.81736875238374,5.32284921554956,5.47721414222569,6.77185039752847,6.38587134492643,6.36324320445968,6.5838294101451,7.04213397386053
"989","IL6",0.241173844277988,-1.74931194255154,-0.806845729039385,0.303599690011302,-1.28132806748301,6.23010753903692,6.56291789481034,5.8485437573979,6.18754414818741,5.20491060469412
"990","IL7R",2.88637680050592,3.90407856281806,3.77608707864708,3.093253337932,4.8303505867269,6.89832026172444,7.51298623783564,7.53555146475776,5.84417692544625,7.08859479659549
"991","IL9R",-2.65272361494073,-5.84312502698991,-5.58732452148392,-2.95489772161097,-1.28132806748301,2.87694107664249,0.843263300740079,0.968663015769852,1.08794624724878,2.72273399562331
"992","IMPDH1P10",-0.507651888859734,-0.0591061069730822,1.10530852340359,0.410610506852547,-1.28132806748301,2.49207445618726,2.68538046743193,4.07228577423963,3.42606609152257,2.54377688567774
"993","IMPG1",0.919905079105552,0.286803054659276,0.936814248891968,0.206851238201273,1.38769731200298,-1.81445533839578,-2.51522548006091,-3.96583110588908,-2.50337242755912,-0.639708942346706
"994","INHBA",5.06167981143656,4.16180935460723,3.46197031882175,4.29377963349783,2.35491342824681,5.53937214347215,7.42523578666392,5.56769223331182,5.77237970385551,7.40936178905994
"995","INHBB",5.46676927448869,5.31174330773545,5.87809881159661,5.40254424682456,5.20205946083397,2.37562935488661,3.30152390343919,2.08476055441491,1.4244946978979,2.29731962098821
"996","INPP5D",4.86410211816397,5.26836829581109,5.07414253339288,5.32991821937013,5.91652218115849,6.89891778107675,7.53113294694818,7.27659700163073,7.7132804287671,7.71895372860065
"997","IRAK3",5.02052148493333,5.72635694034699,5.76720150110433,5.81923983336652,-1.28118054242108,7.23978821613914,7.75762338945806,7.73097329549397,7.6656380827559,7.93543507238017
"998","IRF1",3.74651672392582,3.9839799075713,4.17584578094914,4.41524649585802,4.74725784476972,7.856113272699,8.25844653652648,9.03285792406022,9.23153641686578,8.54509648310152
"999","IRF6",8.82685860377591,8.72662036536477,8.41470235963438,8.75536093136612,8.42809030340868,7.24725646450776,5.42189817636934,4.59918888614328,5.15314761308421,6.22154378886113
"1000","IRF7",3.08221405711411,3.01128323122916,3.60499564469686,3.04272739882749,3.71649759058583,5.75337385295974,5.65317560672315,6.92280351425562,6.17248449469161,6.01764414188942
"1001","IRF8",0.411815763980862,2.25409462091084,1.51088837529317,-0.141262301427017,3.73401990039585,5.8717281633761,5.23075028468069,4.68659429903427,5.2562094588771,5.26019454808647
"1002","IRF9",3.38715209438199,3.74361639607112,3.29068518125701,3.09811842659618,1.30414085639945,5.40459524006076,5.55651304610393,5.88642172233103,5.85325337033572,5.37106827922459
"1003","IRX3",5.28369998158773,5.62271639845502,4.70306460325483,5.23951883457792,4.47817114692332,2.94374241371247,1.8016342038893,1.14715610061501,0.630004750317475,3.959858018082
"1004","IRX5",4.70462517991605,4.81253762725404,4.53799207268321,4.8646252663401,5.1816681478473,3.71082614160867,2.49096447084654,1.34362333885158,2.19712102246198,3.20619069043581
"1005","ISG15",1.9018383032349,2.77528390313875,2.16504326054885,2.24317298901568,4.62557641064591,5.93820247495655,5.9784035096538,7.60896088776945,7.54111852754318,6.18274429843161
"1006","ISG20",0.0400808006673218,-0.787569462670037,0.316872627641731,0.939872565142986,4.36291489227819,4.89414352253386,5.51764731290656,6.85315578809141,6.08820984257706,3.87363474840513
"1007","ISM1",4.00867443327475,4.66789504818264,4.40595531859398,4.33714406055301,2.81881197018536,2.72447286066092,2.99106842095209,1.34463990378354,0.486509938080608,2.13545036982372
"1008","ITGA2",7.6170202853239,7.08719684466486,7.49019199322229,7.21044158822315,6.79130184014142,5.03427845195739,5.5459631401819,4.40037660275773,4.19564915399165,5.53144015099125
"1009","ITGA4",3.56993833544525,4.79772316148559,4.31501610599613,3.94686394383836,4.6811256766329,7.39471997007193,8.37674336060689,8.38943994432021,8.37104664994144,7.8664834936979
"1010","ITGA5",5.30545379510148,6.55637328456295,6.24563834611221,6.36495431054643,5.86382287581028,7.94516230674176,8.47763827037183,8.13904033323837,7.81531622072315,8.10259452563425
"1011","ITGA7",4.03546943307638,4.50813156501922,6.02178372886006,5.76015028123963,5.51451386731142,2.94455623914159,4.03448106009701,1.68165115880104,1.28985070150833,2.13981953083151
"1012","ITGAL",-0.969197795697843,0.7164394378526,0.63733564451397,0.372246532257724,1.27325782895928,3.45926070752246,4.47560457608137,4.65762560173752,4.4122985634056,4.68666455427227
"1013","ITGAM",1.87677374375958,3.82991932441214,3.75211207816895,4.41760530109279,3.61409662820202,7.01002453145924,6.71308043625762,6.26589944916585,6.14417308296167,7.26718374067879
"1014","ITGAX",1.96580512210343,3.79012670460646,3.18513789821359,3.53685189694561,2.31762319319226,7.21682085908004,7.25251808387084,6.73769677939247,6.72918836259512,7.50398616256738
"1015","ITGB2",2.84717215375919,4.35466058585247,3.05640176713074,4.70820643188381,3.66991355405465,8.68603632305131,7.93822875325228,8.24809713449563,8.21547425840582,8.63950299876541
"1016","ITGB7",-0.114407868528304,2.11160802252078,0.856670012142478,1.75320381368962,3.57943936280476,4.40591894075912,4.33844718779061,5.2896671564984,5.33888205917217,4.61605970944819
"1017","ITGBL1",4.93710180868256,5.74924227530835,4.81532154138839,6.23716564164914,5.9922110235026,4.62731130954576,4.27375370183185,-0.235277672683331,1.46354419331524,0.673026123090854
"1018","ITK",2.17688062121728,2.0883753162995,2.82168691763434,4.10085467239404,3.37074306684472,4.88107743719045,5.14943467563086,5.97455570608309,6.34156574251981,5.35575187446328
"1019","ITM2C",4.46602911866605,4.78496105581518,5.4135325391412,4.89142131393244,6.57428759399252,7.82824256500851,7.18793474422899,6.94842442823623,7.80710709313203,6.84330623381341
"1020","JAG2",5.13100186643812,4.40406451108295,4.66630057500396,5.3382707952055,4.6507266950098,2.93510063916883,3.88026993268376,0.257474351069555,2.12865783638561,3.16777336057278
"1021","JAK3",-0.334354777295071,2.66067323458528,0.60111260455522,1.70110401827344,2.50523199141381,6.29163326261582,7.29071330964043,6.99031330827253,7.08218605140184,6.78137941273032
"1022","JAKMIP1",-3.23661668647055,-5.84312502698991,-5.58732452148392,-3.98099590900727,-1.28132806748301,2.74547866568632,3.44456071028212,3.91603770592374,4.27559881392854,3.06345085236818
"1023","JAKMIP2",-0.157370990500658,-4.99025788558038,0.88291243680404,0.960849478232836,-1.28132806748301,2.22633480760271,2.67489022725588,3.69843623836435,2.78210884859532,2.69089262192481
"1024","JAML",2.53293656135243,3.05194215877951,3.55702013385806,2.93678920936623,0.748696454502885,6.98109813933507,6.48877769710575,5.624396089654,6.62271100239295,6.49037141112025
"1025","JCHAIN",0.83349044655023,2.41263309741028,3.14662783572914,2.4404793223914,2.0214149765009,11.0562324118465,10.2784807657195,10.7346340774295,11.8232792465412,9.98366618154301
"1026","JPH2",3.19656540829327,3.95295629246072,4.46213774490934,3.69158415954282,1.32137492122711,1.18981961761836,2.65087730852239,1.27850544475902,0.498210073285623,1.58859895452135
"1027","JUP",10.5640476799587,9.93925508527518,9.78622159363443,9.84361178621866,9.20104739362988,9.05657094334784,6.46182839817998,6.74933336123821,7.18317844533834,7.69427864051859
"1028","KANK1",5.62942412710317,6.10846710788699,6.01596212648843,6.37718695494914,4.72274442204257,3.44410241571244,3.26397069278823,3.46942049769117,3.53098716325474,3.72783968162656
"1029","KBTBD8",3.10682335389096,2.4844542954686,3.12116832201879,3.46115659965674,2.36582376786738,5.16760688536695,4.65637516676682,5.34062146715003,4.94726119394598,4.70487243290765
"1030","KCNA1",1.3738152016614,1.35901687116536,1.36568026718788,2.6147061638399,0.0662084720732806,-2.23912109273809,0.877424636785814,0.706792940608177,-2.03797963412385,-2.00512341059258
"1031","KCNAB2",4.86976933383147,3.60619972685857,3.71347929903221,4.21497635969991,3.62269203258357,6.31820925210005,6.1163755625115,5.93297769387266,6.07219783040613,6.82533349921797
"1032","KCNE3",1.18817860865847,1.27408033064903,2.05483075522049,2.88955742157706,3.02031165017847,4.39444159418469,4.48470236243953,3.4243326731142,3.67269116056955,4.24471561862412
"1033","KCNG3",2.01386762242723,1.17954870257363,2.08736204441442,1.0555445918824,1.15800771128972,0.338709675898661,-3.39870141257871,-1.41466578345903,-2.11013555956835,-1.76980098348838
"1034","KCNIP2",1.28817583705597,4.19660562804327,4.47533641873991,4.63321688690458,1.9679465870335,-0.91042680153218,-0.0438439998565022,0.46572326213808,0.496142315422837,-1.5726753430245
"1035","KCNJ10",-1.44649226839633,-2.91307632261027,-5.39002593914827,-2.12411494704925,-1.28132806748301,0.471212593675033,1.65060606945081,2.8334217581489,2.39498139966719,3.21401377457045
"1036","KCNJ15",1.65212433820158,1.18106794389804,0.779515204840156,1.60295858151877,2.73555650129981,4.69967039853108,3.69136459763419,4.14592594136177,3.52482084398137,3.54572377180507
"1037","KCNK5",6.90731479682636,5.44230858695681,5.98788889004167,5.28469773305877,5.04240933513756,4.77060407340057,2.67714711806997,3.29510902132771,2.77571201605815,3.39762683645467
"1038","KCNK7",5.35697930403902,4.78557485894162,4.59693305185698,4.77324724434686,7.9367942179181,2.59847194085831,-2.94334609910768,-0.716416185374151,-5.37326948825696,-0.217202634543383
"1039","KCNMA1",3.36507694055565,4.4173422218483,3.28891458345511,3.56719129664464,2.89176264033147,6.79663982429955,6.22357113422712,6.73109129681417,6.79256764587732,6.83577219496102
"1040","KCNMB4",4.32022170978911,4.46060188818563,4.39424904392408,3.45487004187059,4.13534202609804,3.22932310489665,3.31936805349783,1.54831740755351,1.26161169072798,1.57042699661989
"1041","KCTD1",6.87838519790092,6.72066976449469,6.10352883162602,6.61728926059732,6.72309778243019,5.80571263252573,3.55711365555866,3.19121693581391,3.16127298869223,4.86194727871051
"1042","KIAA0408",3.41200500116711,4.74137170408306,5.53401784131046,5.36525995110731,0.510993610183966,1.40408450283704,-0.00638893854514116,1.14859744537577,2.31370768500739,1.59213248757054
"1043","KIAA0895",4.69727067509913,4.80662073033001,4.48019595692116,5.33603799091723,4.50131911572501,2.31468451250438,2.78767466388036,1.37603027519804,0.0258776974287348,2.02744569499633
"1044","KIAA1522",7.06058504970307,6.92527880306155,6.46527343811864,6.88546074541705,6.86940787880009,5.31512619651326,4.05502614051171,3.60165519428946,3.55529654881333,5.00438184829189
"1045","KIF21B",2.66662139889684,2.62541411487264,3.17361064159828,2.59065282393825,2.60919636420015,5.46981180982468,6.23586907931769,6.61133384690115,6.665893341605,5.89019461323685
"1046","KIR2DL4",-4.18568562989729,-2.92414041935908,-5.58732452148392,-4.20960489090342,-1.28132806748301,1.07677098873025,2.12820249132405,2.37465968966756,3.23240111072411,1.17239798492757
"1047","KLB",4.95584153297775,3.89292772287837,4.67476153948177,5.00302769823509,4.5477893783835,1.32559847954268,-5.05201364834105,1.61000938160661,1.04736251495519,1.37739241360847
"1048","KLF4",8.94959557399299,9.50973604718651,8.35610780007381,8.71595775123311,8.73599884861719,7.47761894285561,4.70542480543905,5.76822498621128,5.6820630417884,6.45514021374011
"1049","KLHDC9",1.66284959326098,1.97067192041757,1.6738297955129,0.739328019266969,1.61580290601438,-0.958093497689362,-1.98293914429319,-0.141832514308926,-0.279258943008006,-1.35718486374021
"1050","KLHL6",2.84891346392009,3.2389283605476,3.49939980691894,3.23842434513167,2.05889348788438,6.60675840633412,6.88411659670453,6.76933766093806,6.92083559835961,7.36519197603338
"1051","KLK1",3.93265622316867,3.84075607955943,3.26431059638952,3.37313211338783,3.86002895887477,-3.32912773548877,-5.05205299086839,-5.11837980564277,-2.5244584069947,-0.625282897142785
"1052","KLK11",6.81383119213982,6.50506411352581,6.01207138136632,6.38585793446269,6.93814249727609,5.51196946560597,2.54349049053133,3.40417847428787,3.1735291239028,4.00134799130927
"1053","KLRC1",0.344178040243917,0.225574498985152,0.160284148332705,-4.20960489090342,-1.28132806748301,2.18087090646944,4.20144577072617,5.46545256507422,5.64150435204462,3.76261204059479
"1054","KLRC2",-3.18917749039066,-1.31505061125237,-1.98155899053117,-1.99264842993819,-1.28132806748301,1.15079280887505,1.66136968101617,3.17306694569927,2.13549832187382,1.85109069286901
"1055","KLRC4-KLRK1",-0.128185763091433,1.22681786574037,0.938269387457768,0.597514271459061,1.41751920892243,4.97505296031282,6.18640612080475,6.9470369320415,7.34973727929017,5.55587232683254
"1056","KLRD1",1.84378678728889,4.70564767608036,3.18926381207804,4.71276947041011,1.11799462882692,7.51773551196904,8.72000785739132,9.97857681481712,9.98778661597701,7.9052882407772
"1057","KLRG1",-0.224196800621996,0.337018026132077,0.0934868965735479,0.0255189155958267,1.44591523489618,2.20303777572019,3.50746945759482,3.67215970961129,3.91279589309515,3.0961034335405
"1058","KLRG2",2.62936869784786,1.79575006758536,0.785540747076629,2.68097353200031,4.01325168751711,-0.305901225157309,-1.7182690086729,-2.07104567011864,-2.03802635789701,-6.21690319683074
"1059","KMO",0.719864216027882,-1.83757278821922,0.750542008183595,0.227080347202437,2.19578926294537,5.03813189698174,4.19537156385704,4.88370250455108,4.98030751412037,5.17009078689998
"1060","KRT10",15.5738581345053,14.3257641363223,14.5356606265479,14.3749538612449,14.3427400044409,11.4681804338416,3.66035606237462,7.13452034063074,7.29056314093936,10.9287334727209
"1061","KRT128P",2.95456165800091,1.06837526263749,3.72461041037115,2.08550008933888,2.70941735164036,-1.88961832574192,-5.05205299086839,-5.11837980564277,-5.37326948825696,-4.60234855164478
"1062","KRT15",9.97925136377325,11.1323671122239,10.0221635931288,9.88572479682508,8.83895808187667,6.29665007601163,2.47699698363176,4.80201532313105,3.53648614160349,6.96303551095935
"1063","KRT17",9.51031924229536,8.67023576900264,8.3478981367808,6.13465240145883,8.56906261897173,12.5343365926882,10.2079471595739,10.2442879446874,10.7772935865012,10.3988130165932
"1064","KRT2",15.1451435115861,14.3583303196327,14.0496341494705,14.1276683632352,14.5990014764888,10.7454714201875,-0.717268020151036,5.09788537533464,6.28685117896495,5.44565551295437
"1065","KRT23",8.31340175089504,8.21947047737261,7.98384523942689,8.15692546541701,8.44265025773172,7.60838562060536,2.65077600719313,5.91853314273404,5.15357084210219,5.8465864894616
"1066","KRT31",7.04740805571228,4.69658732702577,4.6673476973635,5.12458414972164,5.54398402144882,-0.867831629445513,-1.33084262764755,-1.42806270810105,0.566079917610442,-1.21841013864722
"1067","KRT5",13.7961320174457,13.1626298214287,13.2259941831842,13.0145173448011,13.9266391293438,12.9729955930708,10.2268035290512,10.2116742402398,10.5909406173633,11.9302701611904
"1068","KRT6C",2.93009498551333,2.27666660000858,4.08203277840018,-0.51536800683915,4.21615259881293,11.4610185085685,7.60528255561734,8.31646949000755,9.18281018900178,10.1462568660928
"1069","KRT7",5.64863050848003,4.6377857870854,4.76418551200198,4.24624874539854,2.45471008103196,3.54943276514222,3.41243027421171,0.560457618759221,-0.590809471207343,1.53595324531114
"1070","KRT72",3.67338762129127,2.35762734019991,2.89612358698997,2.79889358736818,3.06946610236495,0.238064299587388,-0.78491841505889,-2.73272964869913,-2.32949361909626,-2.57086674094502
"1071","KRT73",5.2496142395866,2.95598484878744,4.47287810306727,3.19217595533348,4.91964008864027,-0.240894899466128,-2.46955046257002,-1.45408955663643,-0.982225330384924,-0.890815424746196
"1072","KRT77",8.74111482459173,8.29050869627366,7.53926471427787,7.27639338938389,7.65017412864193,5.40716574064454,1.4654614594241,1.50153271313761,1.10774627327939,2.11369412109192
"1073","KRT80",8.87866593279666,8.77216877076396,8.15393583973492,8.31562808340558,7.81593970471559,7.71343693778969,3.52407393154517,5.31919303561818,5.57067245818371,7.00497073627481
"1074","KRT8P38",1.54080310270179,1.40823170918183,2.6993107205833,0.10202768353219,1.93225442869815,-0.670178132302195,-3.49302891054906,-3.54177129417209,-1.50131461372244,-3.00765488489652
"1075","KY",1.70413042063186,5.27544532954093,2.8752590470765,4.08216032307306,2.78596953181662,0.57228816764058,-0.798183573715817,0.970000631042916,-0.261508595217914,0.152750386089198
"1076","KYNU",-0.764981551464676,1.29957431629807,0.0515289882297187,1.28253318216292,2.68034972269474,6.88201214631547,6.6803882960605,7.33836722361135,7.15295784108992,6.85475505304306
"1077","LAIR1",3.37171317258565,5.17973141122092,5.3836721264342,5.10890070100215,5.18451013368406,7.95162377073654,8.37983627778672,8.57784828930214,8.40011993703758,8.36903945970906
"1078","LAIR2",-2.09583824049295,-4.06458183840755,0.343239108150425,-4.20960489090342,-1.28132806748301,0.108106064858096,1.89872234716296,2.14703162357812,2.28151892536871,1.61367796396643
"1079","LAMB4",7.87909441248436,7.27764014752359,7.86754911507007,7.79950007730227,7.79484018105032,3.82615291832514,0.971869756766864,3.08580798177428,2.57117889640593,3.4863659828715
"1080","LAMP3",3.33716007002194,4.15089247531022,3.36576090833827,3.83735234400378,3.53703849128248,5.24309092293034,5.76842256474073,6.14802499707285,6.4875288678557,6.96932817301206
"1081","LAMP5",-5.51361216002677,-5.84312502698991,0.436738764189584,-4.20960489090342,-1.28132806748301,2.42661939896541,1.07752336391581,1.3679947242287,0.740534851419661,1.84466033025428
"1082","LAP3",5.80690325907851,5.24072073625038,5.71532242535231,5.63901117188026,7.92261521092256,8.92854940187481,7.92473536879195,9.0201979491539,9.42949669905503,8.06056898230631
"1083","LAPTM5",4.50898154930705,4.79398409139959,4.38162907823292,4.91293439544223,1.06003092417239,7.66515749283206,7.62279458042991,9.57392120307266,9.09297648667628,9.5024507814238
"1084","LARGE2",3.93440101287976,4.68330406518685,4.82658361165961,4.94424385263898,3.9292564838691,2.77034603369882,1.88074653822131,1.21596094063884,0.632303906035469,1.63460216959671
"1085","LAT",1.28739136547537,2.35047484554641,2.54688495070522,2.72054265379961,3.43445464207673,5.50925311386605,5.94703675606085,6.22813327203627,6.40018836612006,5.49637735999977
"1086","LAT2",2.4758573638655,3.2541900641631,1.40491521107053,3.38625958987821,3.49050715209,6.0614389577564,6.46709935148227,6.88729840066741,6.93854082775879,6.75294309451724
"1087","LAX1",0.421861134912737,-1.26540188419137,0.625743313001529,2.22738621589079,2.58260872468898,4.5014996887252,4.65488142461851,3.50423956384606,5.24845999136235,3.50190827979348
"1088","LCE4A",1.82028969245422,1.68310220790801,1.23868645518233,1.21350804682007,0.82655919868933,1.11782564801488,-5.05205299086839,-3.54177122389344,-5.37326948825696,-1.78249327237744
"1089","LCE5A",6.99210585376295,6.76889587443648,6.44681704926338,6.24268866636781,6.27363688977351,3.28866048603129,-5.05205299086839,-0.738012267586187,0.371313740747039,1.72794699048591
"1090","LCK",0.0697686776866074,-1.28201896095117,0.795941796221536,0.00810899351541511,2.80024173850539,5.92956530595834,6.25632545727956,6.39450851787642,6.87848271541647,5.4921624548772
"1091","LCP1",6.06687049358294,6.41259419017167,5.76925785107663,6.47072337689762,7.68548722893968,9.1221624422699,9.20861501561818,9.81466396838155,9.97897110510906,9.81841861095272
"1092","LCP2",0.963502995535213,2.31626101700972,2.72802969629442,2.37080022936594,2.79856314144446,5.21767643255925,6.67365592624353,6.5139576998773,6.47035191082184,6.25538033938371
"1093","LDOC1",4.29357892663694,3.77709842850816,3.84599491747549,2.70990959374414,1.40702164656488,0.921921950641142,1.93752250698801,0.387912304498652,-1.41314764152934,1.82200198944312
"1094","LGALS2",-1.89500102653469,0.093888933656794,-0.35028882207183,-1.15230179624362,0.931222294418414,2.88162978661607,2.33027375070949,1.85332319303664,3.35932814374602,4.1417640153064
"1095","LGALS3BP",6.2632225477491,6.67416236753664,6.91558515567677,6.62067591053855,7.7637613010213,9.26801470435337,8.85385800241407,8.57203903664438,8.82678901689285,8.5913861194332
"1096","LGALS9",2.69642642989278,3.71156361878242,3.00676380522491,4.15470736500031,2.65953984132645,6.18270539458298,6.35908383164069,6.39302181120036,6.53041364847179,7.49040481263215
"1097","LGALSL",6.61812850004929,6.34257154002378,6.27864565769378,5.54235253145124,5.39939592842427,5.19055094012504,2.23888742706083,2.52777946276253,2.88611182899,4.25454297335687
"1098","LGI2",2.08374223338149,2.29736491175345,2.35882335520142,3.9608913555259,2.39256638612515,3.59293904230853,5.36861251105827,5.59725997006571,4.32581074365236,4.70214591192018
"1099","LGR4",6.91835126777905,7.20156953677975,7.2907960515946,7.48268333410301,4.47229969878103,3.92741515644316,4.57350408324222,4.97692781662469,3.23528113896749,4.79310254797627
"1100","LHFPL2",5.52615115733129,5.7407870337747,5.57572155377596,6.17200563891559,4.96189514266387,8.83722094001387,8.31726431908542,9.47037694458651,9.01498467263373,9.64596457640632
"1101","LILRA1",-0.810933988551377,0.317470550302725,-0.336210338553547,-0.132128715332619,0.409221344100226,2.84502895762998,3.46992723040522,4.08599615432188,3.80629952551944,3.45569608757111
"1102","LILRA2",-0.0443797472466024,0.55884185926182,0.0719138935490711,1.51843717512364,-0.596981646476979,2.99251312309367,2.74456810526225,4.05851468651551,4.11461765943756,4.00637183040155
"1103","LILRA3",-3.12539725977815,-1.35220994688604,-5.58732452148392,0.364413949076455,0.528875370551271,3.96787605643507,5.7582099691803,6.0621784333219,5.50807974471533,3.17913066234037
"1104","LILRA4",-2.62786230275158,-0.048349295791262,-1.01665723342428,-1.40570162093491,-1.28132806748301,2.56402139217243,4.07373720599164,4.34520644923223,2.90612464733203,3.98158608368489
"1105","LILRA5",-2.22234801499789,0.337135377049556,-0.506351641927402,0.73404856294596,1.64940649774106,4.34198769711991,5.31353832393295,5.20573714091806,4.29125701932432,3.50859966175945
"1106","LILRA6",2.07417733416866,1.47750172502828,2.0573232119946,2.91703452097369,2.21087127309952,5.56062262812987,6.18213535681963,6.93857896746587,6.31289428687984,6.880845940285
"1107","LILRB1",0.396556225768788,1.32288676052871,1.70262368473978,0.559248840884518,0.516930784071906,5.25321898105424,5.88287385930304,6.3077484874655,6.64032421738075,6.16286945314582
"1108","LILRB2",-0.0935292297717594,2.65466786661327,1.95500109430874,2.2453339674043,2.64336372372616,6.17377358924256,6.74815226278525,7.4514511380345,7.26906149582276,6.67553447975737
"1109","LILRB3",0.978085648891383,2.18259788412754,2.5853379015528,1.04308507425058,1.90973088703878,5.96619386667615,5.83238257015023,5.87393599658331,6.50256621898629,6.60797100817816
"1110","LILRB4",0.506232955329291,3.52498022481549,1.39677267772038,2.75601574658278,2.89605208352098,8.88421820406993,8.76747407655102,9.26805929225465,9.34877774386412,9.5344046487024
"1111","LIMD2",1.23099090652303,2.74514601975895,1.68876291513964,2.03000113088205,-1.28132806748301,5.59952469789883,5.67072171246371,6.94699677885674,6.53888684392687,5.91401754666533
"1112","LIME1",0.0142856758438675,1.32759634033629,0.0423799156116131,0.647563120302882,3.63067612669352,3.54150349924567,3.12857366278839,4.11493692312372,4.04458360972813,2.81980852019158
"1113","LIMK1",4.84037081350123,4.77543072004602,4.5844153450747,4.77922757251437,6.25145042309851,7.27522014524661,7.10676429261387,7.37090826845955,7.17338320368388,7.62190012509352
"1114","LINGO3",-2.24761373170697,-1.01828329133902,-3.60366502257873,0.33885628238785,1.37417754068033,2.75941839382305,2.60217077824476,2.70303376775121,2.66516662113912,2.09443883324785
"1115","LIPE",5.63527973973561,7.1092168780384,8.26591839807952,7.85579560502419,7.39425221597026,3.31720004435195,4.97181077450356,3.86533540929095,3.4026013486707,2.5609286035389
"1116","LIPG",2.83632588549763,1.60772360736152,3.08900536692834,1.16653895469264,0.371326033511486,4.45248870845648,5.20195403986453,4.16302471925664,4.16457444326991,4.02587263676513
"1117","LIPH",3.43544045347443,3.17101326421254,3.21375736726931,2.90572757950789,1.5366391673956,-0.239809062420668,-0.589153381891931,-1.77247737984445,-3.27658553234493,1.02834613260462
"1118","LIPK",5.07643161277284,5.46023124957058,4.67476800585984,5.13590615318593,4.51633497807955,3.69228665671375,-1.3876535073524,-0.375574401375781,-0.45531452348931,1.9717645091716
"1119","LIPM",5.66240041512423,5.37132030287909,4.91360914664986,5.38517952853617,5.23323352109706,4.44269257797615,-0.821205899660786,2.14309736633875,1.83691686559682,2.91988791746044
"1120","LITAF",6.37248183200579,5.91419882553768,6.28888868399366,6.0116963774349,6.08741682449127,8.28353196030186,8.09299503624106,8.05903996698054,8.63534507285739,8.27275412300801
"1121","LL0XNC01-131B10.2",3.63424914134548,2.97403039115235,2.60690154597087,3.12723942103203,2.19826389205614,1.42320420862766,-3.49070383622971,-1.6671149872055,-0.881380356482739,0.939906179898071
"1122","LMNB1",5.00372540747111,4.59558009783497,4.34329816736091,4.29698764046006,5.8793204188975,6.62425942534462,6.86447946961738,7.28814279516958,7.67199538666212,6.92928191961317
"1123","LMO1",2.61294826505877,1.61018757667492,2.29525077050873,2.38346443756176,2.15839426914383,-0.801710956995208,-3.05683802363359,-3.10324125746151,-2.02247943518009,0.193582869312431
"1124","LNX1",7.01457626289524,6.8166006263511,6.47566356783123,6.39097416884957,7.04139439084171,6.29930488062059,2.2759579002479,4.56139228695437,4.15647103024962,4.19861095153381
"1125","LOC100421166",1.44988388067402,1.68309858191172,3.19662514026679,1.47093212857503,0.826560924229303,-2.62314361005537,-0.231791636601872,-1.22319594721834,-2.23660066087081,-0.88845163532712
"1126","LONRF2",4.3762669699461,3.93079726386562,4.65768128463966,3.66571389964951,2.51843441285523,0.228264768627926,0.860229339370643,1.17309631617428,1.14944564060728,1.45806120109389
"1127","LPIN2",-4.62273569065645,-5.84312502698991,-5.58732452148392,0.840353713853086,5.86507645819802,4.0311672409169,3.62694068134551,4.89782546421244,4.70479027852241,4.04133525546991
"1128","LPL",2.31291795351908,4.40522854879632,5.32842885508636,4.57750974597409,6.15608523676643,2.19395122106977,1.84321217833581,0.227300810085396,0.125965551515929,-0.197079830406846
"1129","LPXN",3.22829239062808,4.21704267435155,3.49023567730812,3.25636286252155,-1.28132792188428,7.18772486515496,7.27085873905615,8.00560219214374,8.01100219780658,7.68891286905464
"1130","LRMP",3.24366488394746,3.98453715244814,3.2974925284435,3.89067807696124,3.43867627525996,5.52242962420851,5.84673141799733,6.08927057426219,6.27904148331019,5.45268605681725
"1131","LRP1B",4.07348260576264,4.42099412640899,5.8143156372808,4.49258135689582,4.09134011395163,1.90366273229876,1.79196761289113,-1.1432681703721,-0.25336326743414,-0.479956832495775
"1132","LRP4",8.05804318831554,7.66336103376959,7.92649536870701,7.77518019154027,7.58479025539372,3.96159026209738,3.09018955565531,2.13640178339239,1.90051920786641,3.43936426582218
"1133","LRP5",5.46297673302068,5.44340278336387,5.57083680984204,5.62163252020294,3.82170018878859,3.42024062925914,4.12697660616454,-0.833970800998193,2.2835091230903,3.06561762542445
"1134","LRP6",7.29618489984248,6.74787560696294,7.23498109503159,7.43903491750079,7.63611793668765,4.17951801618201,5.4061144508724,4.09013516452642,3.88548557998239,5.3590188009275
"1135","LRP8",4.16107136510661,1.50211063225046,2.10011703983029,2.4382480075738,2.76467380182507,5.18079002834241,3.77333235190867,4.89786056052224,4.82615149313842,4.20823891594562
"1136","LRRC15",7.23810075777302,4.83708370995831,3.99821879492053,4.6396088153494,6.69406121688153,8.27601680104074,8.02592381417993,7.55641366569014,7.3671607686531,8.05214572663626
"1137","LRRC25",1.27729509004076,2.55358268643847,2.40014977339857,2.90442142734375,1.9580316603574,6.00277010432321,6.42737742906676,6.33961113483555,6.59974656722836,6.53861540465735
"1138","LRRC37A11P",1.56517663642629,0.361261945135689,0.469338955726303,1.64013962957382,1.64869000544951,-4.19104357682908,-2.25116070467781,-1.66611543750586,-1.94423958027984,-1.63718402972348
"1139","LRRC8D",-0.392850577234306,1.14607180530786,0.671343804181959,-4.20960489090342,-1.28132806748301,2.62309450321494,2.61115021164081,2.68511533691792,2.62643463001989,2.34512956821137
"1140","LRRK2",4.2938567376789,4.70485397899079,3.80514780626566,3.66215047989912,-0.224206926705427,5.88171110972334,6.94152523865749,7.69443004048833,6.9451046445106,7.74819682582078
"1141","LRRN2",-1.07651347892251,-0.199733866690211,0.128681506725452,1.06639481210756,0.269285032642509,1.10750323945133,2.40214055757101,2.46074087692086,1.4030269521731,2.356688279122
"1142","LST1",1.29262672783083,3.58113827768567,2.44904398596935,2.5686264597148,1.26569875904172,5.94148635990954,5.76657794478001,5.48109326705414,6.2535907928041,5.72025266675566
"1143","LTA",-2.28693697540705,-1.62859293244456,-5.58732452148392,-2.55059090059567,-1.28132806748301,1.92664564193334,2.05898169547039,2.12006684380456,2.27447153706348,1.41977616126857
"1144","LTB",-0.246889705743368,1.18402517450286,0.325752742999096,0.522164168947711,1.87626093444192,4.73725346818239,4.42662043142132,4.09017795440892,4.03243012519363,4.18218415282951
"1145","LUM",5.56213781762779,6.16098145551307,6.39493675269607,7.27248103264927,5.25559143207277,10.3228327481572,9.68071213494749,8.30027192740804,9.59921824941588,8.00761588491218
"1146","LY6E",6.02104029543387,5.98029765135885,4.75102241274632,5.57546168570025,6.90902948997456,7.76045408509919,7.38725967961486,8.24012753250736,7.86988735211098,7.58914101653149
"1147","LY75-CD302",5.70458157184778,4.2539294181068,5.70865494240314,4.62872461573413,4.77035024164561,7.11601425123882,7.10551924716628,6.93423172744298,7.56605928193544,6.70416753550353
"1148","LY86",0.323247876953641,-0.806071429180778,-1.82812965844501,1.45983927974388,1.09656612497561,5.51275022064547,4.9259554847896,5.38642527065081,5.2648518931312,4.52422423445411
"1149","LY9",0.0493948365781765,1.05797737914101,1.23063498457761,1.14012945861204,1.52253973459029,5.81889876241389,4.87119921335319,5.65467439277134,5.81271291394567,4.38812670555955
"1150","LY96",0.259707475901953,-1.97963791078113,0.712498463426523,1.2022933829615,1.41129000361395,3.25976508677409,2.75311734675085,4.16399389580888,3.15523667579083,2.35592108897097
"1151","LYL1",-1.42818018047288,1.7768855721628,-0.0889699221216091,-0.81381718206772,-1.2813278373579,3.30473157508625,4.40245694356967,2.5811752864049,4.03873284149928,3.77610132486258
"1152","LYN",4.10467831300685,4.96163619772546,4.60750647288197,4.65676516152313,5.18016296727257,7.78179234294592,8.14957508650287,8.10652562579827,8.31590166536036,8.65173979974643
"1153","LYPD3",9.33612255150092,8.52099264816201,8.35668201751157,8.26997544934216,8.54676809887296,7.21101690558699,4.46842594037645,4.34845021265442,5.63423875691923,6.86640348340039
"1154","LYPD6B",5.57992598101183,4.52810234753433,5.6110271732549,4.31199234727264,5.55253704981146,1.65539148578953,-0.891924567621305,-0.645940005935966,0.0898015277265744,-1.45476818647683
"1155","LYSMD2",2.28152665620731,2.52778798958765,2.61410183195892,3.08249044335337,1.24761378307153,4.10644423237689,4.40381863078787,5.07585535447921,4.93317278096584,5.42892027874207
"1156","LYZ",5.54755823799899,8.06863784818822,5.40001403477646,6.31560291070088,6.11690497744582,13.4147241275969,12.509494889865,12.1841474581381,13.4190203376727,13.7618531945596
"1157","MACC1",5.31561940784161,5.29907607709047,5.42157702400451,4.66609404197427,3.97458232054246,3.13885933281832,1.25792851658657,1.51545787999721,-0.677133660301658,2.03914101143491
"1158","MACROD2",4.52998739879425,3.07113844903363,4.80791209932865,3.19076954010419,2.97827847600715,0.992989603295648,0.00510741555902777,1.3966029726001,0.781204021686487,1.02252427041932
"1159","MAGI1",7.19753073093016,7.02331947190268,7.25630159790668,6.66305532492211,6.86643774168962,5.11478380256889,4.42094511359942,3.6342926809638,3.48654593819031,4.77279827801318
"1160","MAL2",9.26726163578309,9.63559054297506,8.59573229512299,9.30621429017924,8.05555256958533,7.12187362336422,3.59969271220067,5.44605645372709,5.13094379403153,7.0122962325304
"1161","MAMDC2",3.71324820150627,5.12084584549464,4.491998696829,5.96426620213334,6.54468198785474,-0.822264942328439,-5.05205299086839,0.889035315204073,-5.37326948825696,0.260483172161127
"1162","MAN2B1",7.0057174255799,7.37410884004772,7.04449008357334,6.89303850939206,7.76406409690131,9.33322086417925,8.84933345149205,8.96275471871457,9.49200107633925,9.2541366729659
"1163","MANBA",1.56858612108835,0.814278800119051,3.20833247739931,2.19773024446494,-1.28132806748301,4.19787345356417,3.59121287031031,3.7883356559784,3.6180357096294,3.72396203703466
"1164","MANSC1",6.47315592363704,5.63581082784735,5.82057298236841,5.4638711561003,5.01331883539119,4.39805588242214,3.20417536680043,1.61501922014972,2.72613376109753,4.18666083577174
"1165","MAP2",5.26166064639054,4.74850730609442,5.52552879316907,3.36369161677503,4.7903661164613,3.29048906772018,0.614540839933752,1.32122791499574,2.16100870224054,2.75965814750153
"1166","MAP4K1",0.516849177433506,1.28008649876432,1.08075381142728,2.18548727747366,1.59694253331292,2.95779076612221,3.04252154703418,3.97531027676587,3.49405261319744,3.0995137163442
"1167","MAP6",4.23572463779441,3.63664063634901,3.7881758458784,4.0669422157963,5.50356181412954,2.20456845289477,1.44479753124996,1.66401404225557,2.03042844767343,1.09227461998176
"1168","MAP7D2",1.74409764993654,1.77680276774026,2.4369531186042,2.09200364436268,1.93182192851188,-0.258360292549299,-0.117783275386402,-1.11281285406605,-0.437437686729607,-0.176026143435288
"1169","MAPK11",0.485588096624114,2.57992106682438,0.215139878372563,2.84666742592693,-1.28132806748301,3.39152273882382,4.14285331349107,2.94426529654178,3.51603452520914,3.28112056857815
"1170","MAPK12",0.270536757436359,2.29575669717596,1.9452202866499,2.75357540228843,2.96142190853828,4.14021189795514,4.80309549691569,3.63545159464575,4.05356568259556,3.89362414101616
"1171","MAPRE3",2.75295149737139,2.73417457049006,3.49343793124023,3.36697150823102,2.37228083311065,0.168955530142695,0.354111770450549,0.484150965480755,-0.0742199667796489,0.0929085527319437
"1172","MAPT",3.69856608512785,4.38100598695539,4.29345843447298,4.01392532538511,4.6847964301272,0.387409200374042,0.726012183735596,1.64049481964317,0.561872113522159,1.74288233457288
"1173","MARC1",3.09476417506755,4.3121923610351,4.67089182578301,4.35798493521085,2.91737888725855,0.15711081175122,0.0229064809595249,0.170765957589308,-0.33957224258077,-0.606410941399779
"1174","MARCH1",5.27229039886997,5.54933676739083,5.97364182256744,5.37698685530373,3.18933585101968,8.5919753550768,8.68442212191187,9.14191552951475,9.11902132549297,9.03239870975226
"1175","MARVELD2",5.30699373989251,5.30263652021197,5.09037117702295,4.89787638167722,4.38608070900215,3.72561538581407,2.04232520939368,1.73217771472867,1.77032114602143,3.3669366166485
"1176","MAT1A",3.52906027255103,4.52416633372218,2.25727962499022,3.11342241093592,3.67951377183105,-0.460103373360483,-0.0749798429726736,-0.888713363082104,-2.75631008874255,-0.830887388754416
"1177","MATK",1.54111786018079,2.6137773857042,1.90077065785923,1.79777857265442,1.18502897160795,4.47064370770919,3.96395176750673,3.96009398480508,4.811072748598,4.3356901986676
"1178","MATN2",6.20107677006851,4.88640092140843,6.23380520440386,5.45687984321472,6.24014888988396,3.43366662643871,2.6520351260671,2.75106098056869,2.30372921043313,2.74906275118462
"1179","MCHR1",0.285458195807873,-0.414948893768048,-0.942814840081082,0.998323603738783,-1.28132806748301,2.63195155070353,2.59448290876546,2.56867530312449,2.06256081123775,2.88941093229644
"1180","MCOLN2",-1.43844612197227,-2.60711795449279,1.24478196498642,1.45286145748895,3.40246380505326,3.7533826264189,4.31492544206251,5.33045778375615,4.98234765390641,4.15917701958879
"1181","MCOLN3",3.4857936389312,4.23543423608843,3.13072601180684,3.20457126463762,1.96326266502915,0.0666617443728245,0.742587391748018,1.88944946394534,2.183442094581,1.77284806789474
"1182","MCTP1",5.14897839368816,5.91299018094963,6.38568443014506,6.05203866471853,5.53404054937204,7.33601427641867,7.73773318014916,8.03497395690618,8.03603249231714,8.25602144370871
"1183","MCUR1",6.3884753243672,6.25667043282025,5.95586150589608,5.86419851854147,6.05284498521008,4.60842789171725,3.71593808656765,3.46763908152173,2.27196994781456,4.38726891604754
"1184","MDGA2",2.2179895067516,0.992717652890926,1.3902896325466,1.81306498950331,1.43241403863408,-2.56235607486872,-0.899146836418185,-1.97621112720203,-0.648017084632446,-2.06278854260224
"1185","MDK",1.96234731741735,1.15943095359736,2.08436059938908,0.459100388040528,3.319216387411,4.87949264828478,5.22846345409457,4.25115101619644,4.11203672323106,3.57420698209369
"1186","MED12L",3.78424352405987,3.41943816467684,3.14818038176939,2.86885082114393,4.00778650851762,2.29515930544363,-0.640108432854766,0.110767530441861,-0.00763957220470177,1.517132260226
"1187","MEFV",-0.0155222016057251,-0.560305179146319,2.2520943734483,1.95038054737032,0.54007186528925,4.74437300718436,5.29379524925408,5.91465066784986,6.02309285751159,4.85899668394678
"1188","MEI1",-0.237101187084051,1.13822088891749,0.406394620462912,-0.716572763671116,1.91588538682825,4.47876445180101,4.24884304975476,4.97978128301301,5.34804962741825,4.30594095057507
"1189","MEIS3",1.75411581955963,2.26680904173441,0.80546448589605,2.12390965959823,3.40861260442711,4.39582250002426,4.35651348965326,4.13446824773657,4.21643146496828,3.33545515176466
"1190","MERTK",1.17498675375146,1.83014150175814,0.593374276680467,1.39759050253256,-1.28132806748301,2.95369902435685,3.77894846724777,3.83381932214618,3.48295819954491,4.15397042219089
"1191","MEST",5.19644160706634,5.79950154375241,7.33745538340145,6.03963502329141,5.81972708636679,2.2830841117159,3.61052437284491,3.17015350530783,3.00813260378311,3.0150206157171
"1192","METTL24",0.772646816626057,1.64599946583447,-0.473982791710766,2.43633734352855,-1.28132806748301,3.09334671952239,3.28877220761694,3.72360606735993,3.53295141044752,3.25166377378527
"1193","METTL7B",-1.71358875584687,-1.78742201850744,-1.88145096570024,-1.1304920177231,-1.28132806748301,0.373876025714391,0.470312710861781,1.18748627986526,1.74363961248916,2.26657612324262
"1194","MFAP2",2.44559770976847,2.81974401234814,2.76223233014917,2.62491849661698,0.406950247802773,5.49233221823153,5.19453917261829,4.13406601484429,4.77872635424516,4.06328482242615
"1195","MFAP3L",4.18103522004622,3.80892168856787,3.97256984352451,4.62371938724302,3.54903851811036,3.18767072965848,1.36119375534297,1.34315139339185,0.639199289483541,0.843243921386545
"1196","MFNG",0.29078859680962,0.561738003895271,1.31243429193437,2.18451727786955,4.23182054556752,3.49909794364444,3.55917908423353,4.29805833869684,4.30624922945026,3.3250410933896
"1197","MFSD4A",4.82433527791288,5.0950249374131,4.56010843306045,3.29463959175473,3.14907550362384,1.75654905906399,2.67861401897853,2.08287995483676,1.12865176233151,1.71659529658164
"1198","MGAT4A",5.81454972691688,5.68660816129443,5.51767592269069,5.82926185174354,5.81094205911161,7.60847817047809,7.85097797731461,8.522236097796,8.56319809268087,8.75593816155768
"1199","MGST1",5.84847124108653,5.46233040912056,8.01433595542461,6.73489038038532,5.2380807050976,2.68233948241307,3.44313930048247,1.62753556785635,1.29052448176679,2.95665528744145
"1200","MICB",1.32420781002676,2.15323867282124,1.44154809381642,1.50981044354899,1.23143279973457,5.39565197571539,5.61740997063879,6.52825928109514,6.23266343102904,5.25321192745928
"1201","MID1",5.49151674949931,5.15503754973535,5.80256024939901,5.55816210375217,2.13600031201803,2.99654249868257,3.39602492282068,3.06155669801478,2.7228469970677,3.37708064690903
"1202","MILR1",0.0460081224669922,0.491446201916263,0.531440174910552,1.14757300269329,1.20587357166068,3.99422877013171,4.04148071975976,3.8403199963388,4.29239301972932,5.15888289778912
"1203","MIPEP",6.13792750480326,6.61988738159828,5.97534350035726,6.47808854075497,5.25783630042686,4.1776082952808,2.75593380966199,3.01810446493132,3.80294757794914,4.55875056369468
"1204","MISP3",1.69714480792367,2.44120027066283,1.75580068080544,2.32305342685009,2.61222739892552,0.31703116170757,-0.375359592278888,-1.43218884224455,-0.375877962087252,-1.5591911077778
"1205","MLANA",7.24868827764064,6.9153913870761,6.20759232664899,6.56959684621414,6.68150432740044,4.97258119473715,2.23771089422178,4.16211343971417,2.81790478050001,4.12569622249777
"1206","MLKL",2.24955507930725,2.62074858960179,1.60389789864903,2.79240315126813,-0.239525870467598,3.61653449662118,3.80022646738261,5.18207531553183,4.69893488694878,4.64326731890422
"1207","MLXIPL",1.13467778003281,1.99226713859222,2.2280161440478,3.4195231685227,4.15723669053593,-0.395371450737116,0.0524305452442346,-0.147402816200785,0.0364330361898617,0.0158129828617643
"1208","MME",5.67050230807647,6.47346313585093,7.17303422871249,6.15406144777681,4.38187597346057,9.29584312978765,9.56881991041386,10.247779668876,9.67021701985994,9.41427236543487
"1209","MMP14",7.54721718337729,7.18593009426652,7.4973771016593,6.91641316873785,7.61811545918809,8.97581363163133,9.46984140782784,9.46904342096819,9.40518681185248,9.40691663941964
"1210","MMP2",5.94744021177671,7.34394299916344,6.81314113418707,7.47558382577754,8.0973632105128,8.80144294970152,9.00003269974433,9.77410046317688,9.32353981786798,9.9289546227711
"1211","MMP25",-3.16990031345123,-0.142534633293045,0.665662541022227,0.66224997747449,-1.28132806748301,1.89302798873696,2.8570603077231,3.35465125412001,3.02533540364582,3.13650621823632
"1212","MMP28",4.0723507094899,4.34522953092575,3.73152189694908,4.36633846819046,4.21420835537863,1.5393575616676,1.20500662326583,0.704098199961426,1.52262283611292,1.7466967914422
"1213","MMP3",2.57880146096097,2.09387443600472,1.89749922442323,2.89220836616228,1.90591178603492,6.8444040534058,10.8622667908916,11.8162657219609,12.0049859390673,11.5216383241451
"1214","MPEG1",4.543146468523,5.89185318485938,5.21966826732876,6.61380659500077,5.6971649689059,8.18369490966925,8.67293459197611,8.34155732892342,9.01344807226611,8.84957460766198
"1215","MPP1",1.52978883901724,3.29119282637837,3.06592718766742,3.90492762631617,3.55748029941928,4.34454118515984,5.43675441875864,4.72258394179005,5.60446565903378,5.71424402290443
"1216","MPP7",6.78828659876364,6.03875903107341,6.02564503324889,5.80280810535734,7.55884113986406,5.8621992182176,2.48103441785896,3.88269147332801,4.03723591363415,3.6982660172462
"1217","MRC1",4.70840420798914,7.00519584589302,6.1584282273142,7.4560495165199,7.34869179523884,8.27293272714916,8.63676851423919,8.3389456072929,8.04726538833356,8.93273453131044
"1218","MS4A1",-1.93043003179461,-1.22395102260914,-0.82928456602463,0.484737137502631,-1.28132806748301,2.69058632240441,3.35654175085538,3.91766560005312,3.27718332233235,3.22578057779364
"1219","MS4A14",-1.95677140260134,0.55639900230317,0.205336708157131,2.0604475201978,0.39479637240202,1.80116145537477,3.04726146810252,2.86804543034522,2.06657740108308,3.37167425997725
"1220","MS4A4A",1.21830435727098,3.31767447631943,3.42579226281756,3.29307357488854,0.759797123069514,4.49169419991131,5.24622414072745,6.59773811247415,5.92583504211284,6.12295477816742
"1221","MS4A6A",2.63634502361145,5.17958641269055,4.9152907786241,5.02773999091383,6.03244620349047,7.76980654009847,8.08765822421167,8.23308083310141,8.72284684510138,7.63161718433884
"1222","MS4A7",0.568788734988815,2.80619141854801,3.17968933213479,3.29278705524651,4.74532827901217,6.29372839665802,5.84366158760709,6.26028625526996,6.96828658928897,7.39320935934993
"1223","MSC",2.00549504587867,3.85011298351356,3.21555773373464,2.11429319632555,4.61990599779717,6.00064962859529,5.24501542707536,5.91869842943199,5.851310867616,5.26319102679718
"1224","MSH5-SAPCD1",4.57257108151895,4.93787355974808,4.03672325254037,4.4944318643331,3.41165257814765,1.50098024768529,1.80634623731567,1.93367341826225,1.92893295881881,0.951381806724512
"1225","MSR1",2.83066483388981,4.76916138347836,4.63215096732533,4.08086012776989,4.77201390607957,8.54853894869538,8.59212915108738,9.65782790997799,9.03591267630956,8.87917165208191
"1226","MST1R",3.70557250441218,3.59966332763411,3.87883810577086,3.81701031062679,2.90300676770855,0.259958647545012,0.0463329853246856,-1.41916810729631,0.932089596430007,1.12783507809189
"1227","MT2A",4.77987187103305,4.89853233773668,4.5045521681596,5.01188179887683,5.33721711712818,6.83623213778812,6.67969346321451,8.13665358895027,7.2830041440087,8.06232884630171
"1228","MTFP1",1.36923626702352,0.281478864233287,-0.171183238924122,-0.935704839833391,2.08433948841213,2.73246868428462,3.01386488115061,2.80787144068079,3.00173943954192,2.09810306040244
"1229","MTHFD2",5.66461872253284,4.20812285115671,4.58331975835703,3.70815248971155,4.87100325729347,7.6632490461395,7.16151130496922,7.33232354017877,7.72786036116949,6.64039308472967
"1230","MTURN",8.07352137542376,8.73407781830083,9.1119763278361,8.94357356688725,7.72722251011992,5.76939495778228,5.44567161038153,4.67820707673255,4.80178168044465,5.11288733597513
"1231","MUC1",0.950237920084383,-0.0444924298647717,0.0270125242564241,-0.314914352308258,3.37114693520216,2.86535560463689,3.24292427120292,4.1260100242718,3.95845148283573,3.32796511343448
"1232","MUC12",-0.812612764119535,2.01052746865137,0.616425178874041,-0.0148892884501502,-0.686421849010922,2.95134210802791,1.94531048896111,3.41896624867481,3.06857746950732,2.43654096714773
"1233","MUC15",7.03642106379357,7.25895052340441,6.40864991030389,6.76251999522053,5.50527419915143,4.49396106930152,-0.446677965138779,2.85844343804187,1.72951757088089,3.75165569767264
"1234","MUCL1",8.1956497773532,7.73544335497086,8.70903175177097,6.89196979963009,7.03202015827664,5.89304879059507,3.6065783477193,4.32207799035243,3.78932689180776,4.70117185047715
"1235","MVP",5.65346230996365,6.12546754102858,5.30867966027718,6.55369575033152,6.13228536177629,7.92884098530036,8.36953878356286,8.31035902940172,8.13891760076604,7.94860355677579
"1236","MX2",3.47971340440801,4.41921070283789,4.41508627721098,4.0838790861837,2.93696787849579,5.85620041487561,6.74416592283591,6.62652010515902,6.87081523183053,6.59584848940652
"1237","MYBPC3",-2.41141821975938,-0.894215585165465,-0.992859532092599,-4.20960489090342,0.498177909585391,0.81674282723557,1.99218211303532,2.72032366366779,2.14344135514058,1.85353979792426
"1238","MYEOV",2.20676499098781,3.33327741934129,1.4186190066925,3.27129354772295,2.96731274943842,0.449737149943696,-1.77337195592225,1.04247219378667,0.0982844034861247,0.258052861704032
"1239","MYH11",6.59859020428082,6.46321915040604,6.69293574374655,5.74078110846606,6.89014811534903,3.19929218576459,5.3822686282365,3.69820640277037,3.24816355479606,4.62607179130738
"1240","MYH14",8.39855045607871,7.80351765132742,7.65578056220513,7.83906065407155,7.65070465349675,3.00580775026949,1.47945219278212,1.59210200925172,1.43842795639851,3.60683745931017
"1241","MYO1F",1.03604305594265,1.42510682550772,2.0644569310966,1.82687723869456,-0.632973658821917,3.75192214132266,4.30034024167437,4.10961084554991,4.14359062802884,4.57648952208244
"1242","MYO1G",1.93834641377603,2.35941461297281,1.53771190943541,2.23327023453962,0.736380652762724,5.1239270309051,6.22205016443941,6.90632021973095,6.61092839447069,5.65208607497714
"1243","MYO5B",6.39355575741193,6.03499419812139,6.21799308020977,5.97544411186595,6.73019828311171,5.26788329478138,3.26079256766526,2.46537658765928,3.21148300275452,4.33636425677885
"1244","MYO5C",5.85724449901703,5.14261029114828,5.35848028184778,4.94595542561019,4.2691347280655,3.55919272116992,4.26096706204605,2.39530306160957,2.55241495245828,3.25172096108477
"1245","MYO7A",0.0683655976471677,3.03380193432355,2.18085230528878,2.59782689570674,3.00661385692142,4.89806881885063,5.24018590861812,4.87044862594835,5.07159661233582,4.46493203756997
"1246","MYRFL",1.73500477770232,2.30702464374314,1.75196320501885,3.33674802369921,1.25333172988247,-1.22525639992622,-4.07196066265809,-4.04571852772645,-1.20873190144581,-1.57932405260436
"1247","MYRIP",2.34225234137337,2.90068792123263,3.7401970345094,3.06981579350187,3.42093934855837,1.02736737343759,1.37979814667204,0.907804176155679,1.00496129243141,0.755626113791641
"1248","MYZAP",4.8800012614342,6.02943375857985,5.62634338471153,5.86971238821216,6.88175084531683,4.74971523318045,-0.8298351714963,2.15547400262132,2.82404681301885,2.72977157869482
"1249","MZB1",-0.161612747460015,-1.00114754180381,0.733173669775115,-1.18593134531676,-1.28132806748301,7.14465978460093,6.2123929755645,6.74886172404391,7.53862492047141,5.08118416274086
"1250","NAAA",4.38739750307493,4.67395534229036,3.43027138399145,4.63146570971101,5.71445815025719,6.33278553425446,6.39432550165567,6.86501123521784,7.05220431494063,6.21906964012896
"1251","NAALADL2",5.36627845568503,5.09177803972428,5.66139336096877,5.96608235281592,3.63354498004305,3.75240324640928,3.94319527213184,2.21877609365781,2.96817989271606,3.10893755213495
"1252","NABP1",4.18022720061443,4.83158628010625,5.37035123178637,4.79180499067942,4.31860168890655,6.55977224935677,7.11491308511651,7.56788529442644,7.58428984678007,7.62102994613181
"1253","NAGA",3.62211002970517,4.20195774360372,3.45069101913614,3.98071129244749,4.60265280584331,5.27784529100291,5.93430435010193,6.35168504147937,6.52733549229646,6.50209752066367
"1254","NAGS",1.1796553152054,1.04681438135201,0.735886439513727,1.16669690042148,0.844968084597587,2.97833655488001,2.56661304602166,3.5716099792682,3.32376003220182,2.99826930888384
"1255","NAIP",4.93568598670193,4.85515743027146,6.14713697393023,5.6147026962798,5.44991707425738,7.7475346377223,8.80679808559096,8.03129226806674,7.83387287495765,8.75104121415373
"1256","NAMPT",6.20172751900648,4.4770379910907,6.21648005869728,5.10821394469531,-0.296781777126689,8.41875925888219,8.74665255841787,8.50199434656425,8.49419608640923,7.69117863634495
"1257","NAP1L2",3.8878694727389,4.19606930322438,3.42034096383641,4.30219689395923,-1.28132806748301,0.338047120602272,-0.240858855729778,-0.219253322497592,-0.606714356496712,0.710649150018306
"1258","NAPSB",1.27610924122976,2.36542208855567,0.846352220876626,2.41675101841776,1.93225331731919,5.63927666219012,5.86868547075077,6.23576932453494,6.46514675388247,6.21677524767953
"1259","NAT8L",4.00934579520077,5.47957114684792,6.09166202066244,6.54233355964353,5.96310524133429,-0.127728754802422,1.75469806734805,-0.882339827277795,-0.551448332301884,-0.445639213975668
"1260","NCEH1",0.481920223152397,-0.268018537594574,-0.337397725389577,1.02042962100725,-1.28132806748301,3.12058306180963,2.8164559396837,3.19548014690323,3.2277597451444,2.87487674724367
"1261","NCF1",0.090420837422904,0.802897869950919,1.78113322465283,2.49709304056829,3.20392863704763,5.83202831604113,5.88627326617728,6.00706417736189,6.23397229703703,7.12238517332979
"1262","NCF1B",-1.24968757127201,1.39548171930313,0.166165028005825,1.94998203889832,1.10426787988234,5.35288645877761,4.88027126698545,5.25143735878033,6.11789090646146,5.98601267943549
"1263","NCF1C",-0.501793918981859,1.33281520714833,0.529679112079337,2.9616130081409,0.628064332732045,6.32992193199095,6.12832488502307,6.25365396885543,6.56267787005653,7.00121556491383
"1264","NCF2",1.86910919145438,1.31562050677202,2.13923091051207,1.98965532643939,-1.28132806748301,5.08652076473441,4.53342727362131,4.10504684772228,3.70034385450948,3.63425602453407
"1265","NCF4",0.324342808227092,1.7924603887483,1.6516718668763,1.2530883303785,2.02343671091132,6.26241537674658,5.79821522983183,6.00842725526079,6.23561829181303,5.09356084983401
"1266","NCKAP1L",4.55788908314969,4.9335705838066,5.14235187067615,5.39134159920777,6.50851470460259,8.37110858943848,8.64999826378281,8.91684032631361,9.08006783445795,8.79518408545238
"1267","NCR1",1.12647857135238,0.825694405318984,2.12799610896534,0.244202000385123,1.29025931900299,3.76758257317616,4.86978517575158,3.87357813048788,6.28224066204005,4.66886396241454
"1268","NCR3",-5.21939937635059,-3.06485239111322,-1.55518384108577,-0.731257270405706,-1.28132806748301,1.70579893864028,2.251918497832,1.80997211574343,2.8303342237185,0.307736145872051
"1269","NDFIP2",7.6717971594355,8.37288229201412,6.95168072702859,8.00545137539435,5.79389273189051,5.99084786900873,4.41988575847809,5.35280731324802,4.82713255403718,5.63203574770766
"1270","NDNF",2.74327458792869,3.34130897428044,3.46937312883507,3.11465595248564,3.12378354841841,1.09749732121536,0.345131387376309,0.629620644479217,-0.260137159265124,-0.486442480030249
"1271","NDRG2",7.06297104808414,6.66298898570554,6.83705933854335,6.58024172889572,6.1445887029212,4.79050003603079,4.54541246051784,3.27757420108395,3.67304219467577,4.75366158727701
"1272","NEBL",6.84449513118558,6.36033955282211,6.81707802954881,5.67503439788348,5.83233779910668,4.24412404064617,1.30649298163613,3.56902707859222,3.10221413296368,3.93892943322014
"1273","NECAB1",4.26554214698256,4.86105064116267,3.82904582322685,4.79820251785462,1.07599076558713,-2.22454514608206,0.469126564351736,2.17583220534126,1.06825249209413,2.25836867304929
"1274","NECTIN1",8.85579709887232,8.14490040660925,8.06093422611554,8.19564012858329,8.38898360619024,7.27087880946912,5.53533110906251,4.87325198714965,5.10405238893757,6.45584886965908
"1275","NECTIN2",5.43748384402406,5.00374067709489,3.78592663153078,5.30256972065132,3.47443027765805,7.12316803767229,6.88204052550072,6.63351248220996,6.79161766239282,6.53963527100685
"1276","NETO2",0.687201442736159,0.0487179117915544,-1.24390239906649,-0.161322026886273,3.12162232675947,3.36450653317932,2.86605370129981,3.50951571498282,2.63531410474379,2.85715825678587
"1277","NEURL3",-0.756342645696944,-2.58211825606196,-0.873627138140151,-0.0619000145884014,-1.28132806748301,1.33247263930831,1.57840095875692,1.81027836859864,2.14562182697178,0.946201516517248
"1278","NFAM1",2.73621956749575,2.26833236520512,2.39389165328345,2.63846085068641,-1.28132532283915,5.84535700371367,5.21903203163918,5.5662806188713,6.58174703314994,6.94563676396661
"1279","NFIA",6.19690207426371,6.84258873648561,7.0869376054183,6.05923452389398,7.82151355606061,4.14662322616609,4.23185408275633,2.10253496115063,3.16337599623777,4.16564210237401
"1280","NFIB",9.03509057608942,8.71416683752059,9.03599160916054,8.54914342370018,8.09319887199896,5.45943572615887,6.68041421231371,5.26053325894725,5.30038840381278,5.64329822942165
"1281","NFKB2",2.23133288011031,2.51272465211049,2.78590441954423,2.77887567013779,-1.28132806748301,3.92696057200496,4.84383479136134,4.87466232403299,4.51752960023551,4.67397538507333
"1282","NFKBIE",3.03889554607628,3.08089380846841,1.87316658073897,2.30338395851269,-1.27993429160475,5.3308946491185,5.3684779657305,6.19587603530621,6.10875871533676,5.96002701292922
"1283","NGEF",5.29683261639596,5.32974170621201,5.23249038047518,5.11919654786922,5.25367204412038,3.2826272866263,-0.0745725127431894,1.28785552005836,-0.114190858008323,0.143872159371422
"1284","NHLH2",3.3782673673763,1.82764948446568,2.45340618410631,2.65681656292096,2.88522841296312,0.864496071255694,-1.06166183269044,-1.10289880958632,-0.870653843948253,-2.14836229318406
"1285","NHSL1",6.71184390980337,6.62417654445814,6.51508525392815,6.39993822618033,6.32034411890092,5.12613869661919,4.82049386305708,3.54190083682599,3.82706097366146,4.74988912785134
"1286","NIPAL1",5.92195031853277,5.77040889463241,5.15768982358056,4.50782021847009,6.02986885944171,4.47782443710237,1.42997584244183,2.54135145162624,2.27624840926561,3.52940139413602
"1287","NIPAL2",7.71503232492954,7.48135578858951,7.34491421503434,6.82573767259079,6.51228114640582,5.39581630674418,4.59733747191179,4.59167915049945,5.10261355033605,5.59271892205269
"1288","NKD1",5.19787885450198,4.90299416454331,4.45797880315228,4.51341771719684,7.5690167359122,0.751984316968931,3.33905801507278,2.70004137343271,3.28164020865024,2.71599228490173
"1289","NKG7",-2.46293852163223,0.225159856394018,-1.63342225196282,-0.765512622192105,1.92711212245088,3.07346843091787,4.63979406856085,3.17169276960378,5.45009020682442,4.1909252601036
"1290","NLGN1",2.27219633269769,3.05255323541735,3.03042493878287,2.60869195210344,2.12469960785873,-0.447570861537998,0.612665447016304,-0.700381075580942,0.607397323346967,0.304833184726744
"1291","NLRC3",0.57157235311706,0.407336259505715,2.32041523953658,1.91270282753914,2.62372367521721,6.31959273089049,6.6810069348341,7.48290979971333,7.3194359240557,6.04971864291084
"1292","NLRC4",-0.00504163420909458,1.31055942749075,-0.765867969791143,0.090283122347259,-1.28132806748301,4.3620705685686,4.49225446511088,4.86084330250047,3.86578289597635,4.58745038845487
"1293","NLRC5",5.30260768963433,4.96935559953864,4.88545902445034,4.96854840610109,4.64826123879799,7.17539398491836,7.54718290399249,8.05610982085767,7.97217522418975,7.54544222938828
"1294","NLRP3",1.20164000392466,2.30309018058907,2.61855818274256,2.8230622009591,3.06015763183259,5.8629532272114,6.14975226510748,6.2957893857833,6.48114457917111,5.69656011050892
"1295","NLRP7",-2.54155383632424,-2.65146220950623,-5.58732452148392,-4.20960489090342,-1.28132806748301,0.223876441519291,1.71855285509119,1.94172651843741,3.01889819708504,0.103917636039816
"1296","NME8",-0.439094495015933,0.569372943569277,-0.0243628054532077,-1.50529943514417,-0.406082941755146,1.15984108450542,2.08491620422023,1.88228632804888,2.30888749968914,2.26036096232112
"1297","NMI",-1.1233700205731,-0.706997113934652,0.0731833374285,2.10894478008871,-1.28132806748301,5.1107830365674,4.17772578143903,3.4044605554893,3.76524299812028,3.15594608616366
"1298","NMNAT3",2.76801601166369,2.46165999330782,3.21332358550729,1.71682622258053,3.33154316422682,1.90065964689872,0.673042354575673,-0.426058295314754,-0.963918461118372,-1.27601781905082
"1299","NMRAL1P1",2.40831824066659,1.79540732352117,1.96542226988026,2.19659770570039,2.70941930733692,-0.94101824562137,-1.62811020511036,-3.54177116889276,-2.59796729200183,-0.392169423114905
"1300","NMU",5.58932200489244,5.40432642867969,5.10100995921056,4.82436426384251,5.70745325953909,3.34229776016735,-1.09482030653351,-0.475055203428644,0.070173777025745,1.22780659640867
"1301","NNMT",1.19030287031991,2.6687966974559,2.30233970291803,2.59340441306859,5.97308943398469,5.8053428667799,5.38902921049376,6.15693984547627,5.12682161370932,5.20945149388657
"1302","NOS1",5.40857258363699,4.56677917733308,5.28370812348939,3.85479439096369,6.57160412326195,1.74902397783095,0.17477393936774,1.59761747980641,1.70638353268836,1.73773646412966
"1303","NOS1AP",2.8654280199406,2.06532680658253,2.56663358800273,2.11947072099575,2.56628583145055,0.343726937917719,1.40156151779999,-0.135221333483308,-0.101769183761229,0.483353129045393
"1304","NOVA1",3.25487120294003,4.9299750707791,5.8884277968379,5.50990298068637,5.37453260887703,0.0655334496458539,2.68977182112103,-0.374919042635082,0.824168358847589,1.30422809160674
"1305","NPL",1.49468218570448,1.73256515260682,-0.498671308444832,1.90740136980982,0.922127447615115,5.49655385396684,4.75985712643468,4.01577538784969,4.87836404218924,4.52492986086687
"1306","NPR3",5.98988269330189,7.75451624243965,7.92819750651211,7.64574401507655,6.9396057344941,5.46751435631647,3.99521735081981,3.7982339192047,4.07626704802968,3.52887416656302
"1307","NPY1R",6.40613508863048,6.85035139391678,7.14108772554031,7.40234992840183,4.32189045767867,2.69056584947369,2.29521150528818,1.48816168811007,1.05897983430977,-0.552730760784749
"1308","NQO1",3.9902765540741,5.62595416520067,6.70920165735361,5.8109619510642,5.23885560227738,4.49856531751211,3.0726958783677,2.39271167963761,3.20264781946422,3.16948238636383
"1309","NR1D1",5.00491480099117,5.58117887038711,4.57450506929298,4.71274161376253,1.8480850590951,2.83807902854976,2.49013353270438,2.06102232956468,2.72327673774754,2.52284946506666
"1310","NR1H3",2.80344824557559,2.98121892477536,3.96103685298194,2.98073785461988,3.10622096379828,4.96802002301982,5.26157855195596,6.12760679707681,6.10588562428852,5.86014255836868
"1311","NR3C2",5.84802726912367,5.13704799669814,5.12625318650556,4.8915174763045,4.53551048966044,2.40758928689289,2.48089093576518,2.7600941747904,1.54989825605611,1.59376260365753
"1312","NR4A3",1.87025919630978,1.67356702875366,2.01459222256284,2.24835699048913,1.7808295507461,3.3784993766269,4.14892769391699,3.9275644089414,4.04511954725357,4.71733203695492
"1313","NRG2",3.98509155278409,3.24305833211127,3.45125782913352,3.92266610543769,2.16834037854682,0.309674067650237,1.27075781569307,-1.63670124077345,0.104012074602577,0.966053333085174
"1314","NRG4",2.663301906878,2.92377591316253,2.39290927833276,3.8245638567016,2.85098455170127,-1.13757012693959,-0.155917318345448,-2.12468831480906,-0.859087691343533,-0.11421244260473
"1315","NRIP3",2.54668666815035,2.91874817699207,2.8889294134205,2.25554130293663,2.84257353798236,4.19727185918324,5.00940437266788,4.6967238346659,5.4266685548713,4.97421150653422
"1316","NRP2",4.99900461654021,5.31534808887006,6.12351626321943,5.29586546474627,5.40272623683425,7.32838649552299,7.71848560754973,7.03395711678228,7.40690506522172,7.8672586200511
"1317","NRXN1",3.73924353278159,3.41342132841593,4.56858907835761,2.96610907666535,3.70078820334866,1.35038433766646,0.18921210429823,0.823118951534504,-0.240711460323263,1.00715750654069
"1318","NSG1",7.71273985793553,7.4666355332529,7.4538001833302,6.98131709984496,7.47642308743656,6.07616603506122,1.52246377608293,3.74067470471958,4.13031151876413,4.53796724505774
"1319","NTRK2",3.49792702330252,5.81162117697547,5.14220196866051,4.82043419228934,2.63090840795334,-0.747615837560201,-0.441144590918796,-0.390113647578988,1.07514059592804,0.350341747214268
"1320","NTRK3",1.23167304977112,2.35701211355182,2.65987437039068,2.40743102657992,2.06996096311658,-0.0100964505632926,0.901071702626195,0.161580737824178,-1.76833045369837,-2.22433824536146
"1321","NUP210",2.18261041275943,1.26779487198456,2.10016117314347,1.4811904677318,-1.28132806748301,5.63605684696238,6.00140020258743,6.15963026899882,6.12166175342552,6.02736682796096
"1322","NUSAP1",3.36640012132105,2.8596685380039,2.12261507925599,1.44077906973172,3.14150774456118,4.28483347134426,4.38180471800471,5.74285754040279,5.68883966508067,4.17746844619883
"1323","NYNRIN",6.18817772357622,5.75416116310047,4.38846992858654,6.20624741105941,6.75541588368363,-5.72559782233713,5.01707380303684,3.71605697154072,-2.41747793491359,1.19561357593365
"1324","OAS1",2.42472952518867,3.06630393658599,2.16429063936293,0.501185351514769,4.08101751010821,5.29148800000244,5.5956505963374,6.96571334707461,6.78305845516406,6.06016408193509
"1325","OAS2",1.65951399214342,2.47392554440071,1.86349806269143,2.22921526115323,3.72404967952236,6.21573195898114,6.10246215384486,7.56926030192495,7.09069313052387,6.64592185324762
"1326","OAS3",3.29660684144918,3.93068385931273,2.95144736605168,1.5975408275302,5.38592390329549,5.58097952865922,5.89422963613276,7.054638538585,6.43094627936323,6.9861601657846
"1327","OASL",-0.301687048667376,-1.45899059386725,0.549160411408255,-1.80492807337242,0.262256216062237,5.46784208034464,4.87857276025276,6.3945228864007,6.45296842438893,5.00799731181753
"1328","OCA2",3.38484912451806,2.81022347167073,1.84110109599397,1.45178280420776,4.60562420884919,-0.516865878784889,-5.05205299086839,-3.02028355200415,-5.37326948825696,-6.21690319683074
"1329","OCLN",5.93615126827869,5.39551938663697,5.65725903816822,5.11377234083405,6.36060800053309,4.5808356975342,3.59859148517329,1.93347897336877,2.67287998993756,3.47922766631331
"1330","ODF3B",2.43800375551379,2.79167817555126,2.74069332417021,2.58325629553012,3.77599779136319,5.55035303727024,5.99316074144497,6.13000446450744,6.27067734954841,5.28360006167531
"1331","OLFM2",6.19049027561614,6.39408057253699,5.58793623371329,5.76303168155706,6.53502951806359,4.94891470912731,1.56757530755938,2.915824346923,2.73475777124693,3.11545428266884
"1332","OLFML2B",4.60030543379702,4.89584509121148,4.16437637693743,4.91006238827244,4.62076876734178,7.31024745922568,7.9667676296479,7.36489640562244,7.4488841163528,7.24751388088381
"1333","OLR1",-0.666645950718536,1.63419829533576,-0.317607918652868,-1.61949077338351,-0.489678480118663,5.1884690712394,5.43730083728747,5.90806769547294,4.88257971645593,6.02547042339819
"1334","OR2I1P",-5.51361216002677,-5.84312502698991,-5.58732452148392,-2.06527533499121,-1.28132806748301,2.20794873581109,2.19856767351251,2.14544243213227,2.51247932497709,0.88826792083572
"1335","OR7E47P",1.09504375773472,0.162509694661554,0.811784572808049,0.848589875993314,1.57423031917739,-1.13049693529217,-1.66949985975205,-2.57441395580087,-2.85728690812866,-3.1174279509014
"1336","ORAI2",4.3227631972723,4.43940576375579,4.65622408602409,3.00410817007327,4.65646567279776,6.73153906921075,7.080476592559,6.55460277728504,6.75906652398338,6.6023737160864
"1337","OSBPL7",-0.993992093638542,-0.182717962101282,0.146477886412611,1.09236406895745,1.36240950369437,1.26385883963354,3.03925467928559,2.85305917715196,2.64051135103559,2.41155473832672
"1338","OSCAR",-0.250731378547721,0.391327827473727,0.418611618762451,0.591370394930553,2.63980814546914,4.21519881946961,3.99348497650037,4.67679684791655,4.79017403149098,4.03862237874212
"1339","OSM",-2.11094252858516,-0.198645493605202,-5.58732452148392,2.18635662682902,-1.28132806748301,3.42022681640875,6.36351581765021,5.42743398703608,5.14013852997739,4.66119118508458
"1340","OSR2",2.69778651106266,4.3581672380361,3.44161483084515,3.99516635481484,4.80774763559464,2.07320172500295,2.53805423182922,1.87638675165374,0.168588787071294,1.41032827585815
"1341","OTX1",3.09512476757242,1.41402600890654,2.7183927463824,2.31341341765684,0.841371742563363,0.141376062603233,-0.918696001068931,-3.13278007941834,-1.74756038381462,-1.6522224041025
"1342","OVCH2",2.09164469303092,1.3045031254951,2.39943720349998,2.32078945341236,3.41031618841421,-1.72002029263624,-2.18569459498173,-5.11837980564277,-5.37326948825696,-2.6422819914306
"1343","OVOL2",2.89573062874022,3.11582127014219,1.93065092148037,2.70019975715328,0.327188496033872,2.01762542022999,-1.53522361201353,-1.06705259184931,-1.48243647364512,-1.60152741561981
"1344","P2RX5",-0.375186534656358,-2.07535651263384,0.434421863648463,-1.82323664636904,-1.28132806748301,2.96595798677459,4.24177766765932,4.58925792844674,4.63462686936894,3.3154991212797
"1345","P2RY10",-2.45215710962515,-0.457501246472662,-0.0833430481539165,2.33129616903281,2.67786711995558,4.82448556660122,4.97210778892385,5.2042763108786,5.86096383813387,5.03894815929235
"1346","P2RY14",1.18767298411756,3.40432123871119,1.86372259099832,-0.999119715421428,2.91815628499414,5.9331362502914,5.40964542562909,5.72078313776126,5.9520219226172,5.27799197124355
"1347","P2RY6",-1.30385217010415,1.21099471098551,1.74088175979416,2.41179037181105,-1.28132806748301,5.57928767266059,6.27407358430609,5.7448764639194,6.21746959401013,6.11498953345193
"1348","PACSIN1",-0.620538092862897,-0.478008001961184,-1.26964204556501,-2.01289428615022,-1.28132806748301,0.803143497770434,1.63865213528223,2.75606301020443,2.95558236617796,3.36033868773581
"1349","PAIP2B",7.16037150030179,7.47960082076731,6.80733450974326,7.5988039992996,6.88896167937428,3.83433726234919,2.02047304691318,2.11025202492853,2.47517344717969,2.92979987811248
"1350","PAK2",-2.64916180464705,-0.791027769153442,0.771299038707632,-1.28797183682215,2.20580586171526,2.45755194117515,2.32064242506444,2.32821544265595,2.89994531178544,2.60762737169751
"1351","PAK6",5.6759904519961,5.83434289656189,5.77005922745067,5.18018046819542,4.9975701682808,4.36458243953334,2.23740394997748,2.53748337773667,3.39935415671194,3.08711893138109
"1352","PALM",4.69099785722676,6.18650394907547,6.28733187010023,6.69497029799789,6.6682066729187,3.53182383214597,3.74349690237803,2.49307008251089,2.64631720035769,3.2997536361509
"1353","PALMD",7.68460212076541,8.283851594777,8.02249323402224,8.26930850108485,6.38647053064195,5.29942122664714,5.30537752150666,4.54570736086675,4.3517211875969,5.47319175926001
"1354","PAMR1",3.93969875172778,3.6855967531977,4.33970356006929,5.45251035439205,7.22613002924679,-2.42933260295131,-5.0520529287094,-5.10974723000237,0.115300219656454,-1.10904432307365
"1355","PANK1",4.82243037293282,4.31077786991205,4.48915262875621,3.70271759967683,5.38102688930604,2.94660032127264,1.37049027596569,2.27216414829187,2.0680415618238,2.31315386516456
"1356","PANX1",1.54847018107438,4.08186446655462,2.62982319517123,3.32890979671309,-1.28132806748301,6.6205245459334,6.14409246927216,6.4497839737373,6.36400930352081,5.55835176477072
"1357","PAQR7",3.00790041544735,2.35288316058314,2.9130415205421,2.68392076800394,1.8051708453127,0.70732585411508,-0.0804315974846384,0.538037460076803,-0.00131593548127124,0.466615095247068
"1358","PARD3",7.09329678557718,6.93477910723126,7.09541242209924,7.05552966076983,6.76000865807744,5.45005289467708,3.20504218045162,2.98581878560895,3.33548510897323,4.31838122376041
"1359","PARD3B",6.18397620037209,6.29630128044716,7.00603475246646,6.078103978364,5.86661274340967,4.37047544291638,4.73248841605479,3.07591620037164,3.33262838101264,3.98059683714563
"1360","PARD6B",4.73062586725711,4.64615387776473,4.49314924067127,4.57141745238848,4.08068244301551,0.32614934019978,2.94594997556306,2.26842940709612,2.54960908077927,3.07700962775649
"1361","PARK2",3.24040923525916,3.74182238832895,3.33767219092788,2.24265220747345,1.65503943997684,1.55288673581347,1.65673248655094,0.183890045189897,-0.980388514730489,1.31760643600519
"1362","PARP10",3.14458273949155,3.30452882142959,3.57393496648691,3.94956976353244,4.14612720892038,5.49285391494981,5.21828155217147,6.17724914489941,5.95667058288705,5.75377946994827
"1363","PARP11",2.42744544132406,2.7633524469414,3.39968019858055,3.06675949916975,1.5409039634729,4.75685171053727,4.72792751637932,5.40829946725965,5.18387854246683,5.52029480662152
"1364","PARP12",4.48904246542331,4.56040388917068,4.49311876414672,4.16397122800742,4.65643351217278,6.66252184505118,6.61869485640459,7.61043693074876,7.24175803483749,7.15184393181755
"1365","PARP14",6.13206980405235,6.83878815907996,6.96695129985522,7.1635827700037,6.06864849060503,9.0807152189885,9.90509897348059,10.7711417203939,10.141988806887,10.2957121133918
"1366","PARP9",3.44390066574691,4.28629147293251,3.39436640111859,3.0282349683017,4.82928780951002,6.32531008203258,6.46483682927565,7.15321021989935,6.67735426618062,6.14384364214976
"1367","PARVG",0.765548652192283,2.59999999080651,0.373392121258959,3.62621855426551,3.71906684593166,6.25626612427229,6.51619860238169,6.463313927279,7.10102353856142,6.3621086577347
"1368","PATJ",8.00623319311191,7.34117065335725,8.05244874051779,7.53219967131846,6.69886255655099,6.06239391175836,5.31158266663261,5.54581070115534,4.90611476057198,5.75095366201063
"1369","PAX5",-0.517969573028481,-2.73642584641061,-1.24661513695581,-1.62750578888198,-1.28132806748301,1.74246516225803,3.15952123482767,3.19350792367047,2.66839403461431,3.25745293138765
"1370","PCDH11X",2.17638467306609,2.41697195220964,1.97005377845358,0.821765468433162,0.315893211752808,-0.862609322952044,-0.917601770446243,-1.15320827678247,-1.29417685118491,0.222097705399382
"1371","PCDH19",2.90805957803005,4.65408748261108,3.49611900648602,4.26139216112112,3.58467979176788,-0.243199426438905,1.00306369414869,-1.25282449562719,-0.719569228283749,1.23695063121918
"1372","PCDH20",2.47362258002173,2.72321079359662,3.10364026636084,1.5714720130201,2.85231814727177,1.78001110693937,0.267383848964033,-2.3217768334868,-0.885524102594355,-0.763239483767644
"1373","PCDH9",4.75142134681849,6.36284449913496,8.43241375884663,7.07230092875461,4.24849381661878,2.92042819429661,4.20777895094648,3.75259714242513,2.57070319318636,3.98066711645476
"1374","PCDHB9",1.58053174126187,1.67515849724752,2.07306704331725,1.29510034646978,2.6088918881529,-1.00320834508916,-0.988189288238751,-2.37801977573504,-1.24472344297783,-0.466227930922957
"1375","PCDHGA2",2.72758235885148,2.64499948817381,1.61231949388609,2.6801166425571,3.11061827700918,0.52333434086034,0.0153134700403898,-1.08797575148188,-0.196020578707424,0.122211714034999
"1376","PCDHGA7",2.06422253547244,2.54103458980485,2.89453535876372,1.2280686649192,2.15472282575853,-0.183385239563187,0.46960448752764,-0.752599197629665,-1.85238507877114,0.07272209214965
"1377","PCDHGB1",1.25441665954226,1.41995303651611,1.95142969249106,1.31757685217664,2.70941895082994,0.0837527720864211,-0.47877036844246,-1.67035224136567,-1.33048569077793,-0.414731890512614
"1378","PCDHGB4",4.64560229310002,4.98442957314453,4.30510793254632,3.55356230262926,3.54687276006298,0.252148812846792,1.18985414825784,0.0701138285620126,0.973378080899774,1.73740336612785
"1379","PCDHGB5",4.05423613479134,3.90921864140917,4.33150569351981,4.33116505848443,3.46668335727699,1.26005654035007,2.01780252646913,0.510516643557475,1.12840119410432,2.21260351836914
"1380","PCED1A",1.78800020214307,3.73271535434249,2.16839010039905,4.31947978295837,2.20195913287583,4.86169507194471,5.44968712448758,5.61499523996289,4.34117447607172,4.57188502775883
"1381","PCK1",0.915553787705957,2.6843331825565,4.14856556186555,4.61606461431653,4.1269801690909,-5.72599267913226,-1.98246507996471,-2.21594395937776,-2.59884842880829,-4.46680616554969
"1382","PCLO",5.37915509414763,5.51186402482975,6.8454116674413,5.50055116647146,3.49100996019046,2.20007239804589,1.74871145071974,0.690913327601668,0.433488146160722,2.06515655079529
"1383","PCOLCE2",4.34661938123347,6.47157013426789,6.19588156476522,7.65413567473171,7.08483174214,2.37881551115072,2.44400582676938,1.96156813580366,-0.0399050482695383,1.8837512417023
"1384","PCSK2",4.87299501550466,4.61378982523806,4.72655250023805,4.56331587221619,4.6396724707399,1.92980068121674,-3.68554912619473,-0.616313861735734,-1.25853479844657,0.878725764795683
"1385","PCYOX1",7.86833240850314,8.15117894874203,8.38923771762776,7.52069202881539,8.79334822159877,5.9361524333362,6.60848740767167,4.84336302257771,5.55798097166116,6.46078944555477
"1386","PDCD1",-1.05694199544192,-5.84312502698991,-2.65577620980205,-4.20960489090342,-0.813346861947964,1.81955839248893,3.0224063175638,3.63353970906776,2.79631451947568,2.64854768033501
"1387","PDCD1LG2",0.479732320466168,2.95248692168951,2.10063069141585,2.60983066142088,-1.28132806748301,6.31856594423847,6.71570800186425,7.09504494773819,7.5686677178203,7.51573356147362
"1388","PDE11A",3.61978777129049,4.3653196203311,5.05154740890794,5.16465153292376,3.41521966752427,0.658448690031017,0.643025495122231,1.4609141182861,0.456764349678295,0.697288651892363
"1389","PDE4B",6.49283906877054,5.05619883621327,6.4491911484673,5.08240710672269,5.75723012848952,7.18555179230664,8.3117903116356,7.96870549142032,8.17353785202063,7.91509484317754
"1390","PDE8B",3.72435743218196,4.65297059179753,6.16683351675312,5.16536080829805,4.27153509435793,1.31872517379571,1.24316513879632,0.769333247356667,1.68256372959332,2.19531754977781
"1391","PDE9A",3.59953763794628,3.54354199386704,3.48202376709408,2.6366851395622,1.62419883460681,1.82379986057269,1.80742106045452,-0.463283739660443,1.29179337387838,0.9339550178451
"1392","PDPN",4.04089485221755,3.46710452454028,3.39049191437612,3.56424020686118,4.04189843949878,7.17091917867033,6.71550814201391,6.90712333068075,6.45010592905988,6.58327224727635
"1393","PDZD2",7.94834264017567,7.92466724098608,8.23704561052444,7.81103008134622,7.74306263927926,4.24269244622049,5.11829132052139,4.55493787498195,4.05833904680641,4.85460038355983
"1394","PEG10",3.96316093607196,4.69231531159635,4.59608235184613,4.84879060406257,1.4388057576207,1.63838880405151,2.62862882142965,1.98265593138743,1.93035546778147,2.02582634957284
"1395","PEG3",3.88831616237637,4.22525494078293,4.5232798204075,4.11388518592448,4.26323819687424,2.52256109929656,2.97534097813596,-0.526414407965414,-0.0765190262879139,0.958930533611725
"1396","PERP",12.6821669049499,12.7296348123724,11.9026601822611,12.4750257004477,11.6390516756083,10.9763775647978,7.31071145275501,9.08926334780007,8.96977135264232,10.0486636982215
"1397","PFKFB4",2.30486104866063,1.96776672059541,2.34516121315319,0.342673953624486,2.74410117378766,3.23545455650278,4.83152556016142,4.23280345012886,4.31647465670708,4.01123194462601
"1398","PGAP1",7.09741352389641,6.44990133810552,7.39910321449434,6.67191538686571,4.65559016594877,3.71737535159616,3.97385473973051,4.44879371194167,4.46920578309655,4.96654072252397
"1399","PGF",4.00058162356079,3.5451305603805,3.34363752308158,-0.0562852446888355,4.56296124807571,5.68508940658879,5.44500676486625,5.71718032173694,5.07343651654443,5.17310254299602
"1400","PGGHG",1.54239179746527,3.62226522673272,1.9988122975013,2.214831322551,4.18812789693032,4.78583938703626,5.686506681526,6.24220014700892,5.90924932584115,4.55397789285138
"1401","PGRMC2",8.4840136219251,7.77347627108432,7.96716929289382,7.92873724364238,7.94718120467346,5.86737327297088,5.39514137210013,4.55786354429359,4.68763025221337,6.2242781038707
"1402","PHF2P2",2.50037736623286,1.70992237530849,1.37252051637643,0.513779437963479,0.826560089008108,-3.45549348941132,-2.75806749567592,-1.67035249941387,-2.59240483532878,-1.77373026822803
"1403","PHLDA3",4.24773245251792,4.54378698441,4.55338848042128,4.51175326123449,6.74570882159217,3.20954482728705,1.29370702822686,2.85825932304333,2.3441898823461,2.83566922388637
"1404","PHLPP1",5.33910030287415,4.71644617086175,4.76321342311195,4.4849279647625,5.21896551601468,3.35849834770844,2.12744672824928,2.74252782994034,2.17606146632144,2.87533311431728
"1405","PHOSPHO1",0.135623457567989,-0.596147978492629,-0.591163492397927,1.94069710028353,-1.28132806748301,1.82385945016129,2.78965667308621,2.55693405312737,2.6785880896576,2.93663970543442
"1406","PHTF1",2.29116871751913,2.36068305059924,2.87754195905744,2.45153584398178,-0.11265179187098,4.51756995376154,4.75409796025524,4.77675089592692,5.16690068815153,4.25313307435032
"1407","PHYHD1",1.78402094860681,2.85237263001416,2.02152793349476,2.9720409899102,4.35616644260439,1.31919350331725,0.823794979321115,0.288640853274557,-0.947488149221248,0.692441156755036
"1408","PHYHIP",3.89470158724491,3.21972670655977,2.24526371332467,4.13526072466334,4.10765531751657,-0.459695758635209,-0.161759310528338,-5.11837980564277,-5.37326948825696,-3.08529082360726
"1409","PIFO",2.48876922489531,2.36170543944166,1.89574265136088,2.76940232251816,2.82316450282001,-1.31534202838263,-0.262021687554945,0.922843983097653,0.716659781377683,0.706972673056975
"1410","PIK3AP1",4.13838620672212,4.95975216020861,4.62501032605644,4.57377455696111,6.29438090903889,8.7528476132732,9.3098604825939,9.22367912355646,9.68522930344317,9.08657141673496
"1411","PIK3C2G",6.67790076909852,5.71554808765792,6.77225682614163,5.9630900503381,5.17741819919455,2.84122287226294,-0.0812266229158727,1.96990400796318,1.93117097940649,4.01332190615974
"1412","PIK3CD",3.25217664832698,3.57094573495001,2.58227261558243,2.20316240744598,-1.28132806748301,5.42485285461898,6.18019329669068,5.50089096538509,5.90703143981429,5.81006984613447
"1413","PIK3CG",4.03128684476786,4.79318822756056,4.5076729011922,4.99810825312014,4.76465128335597,7.56979925621286,7.76904126995528,8.16009968628628,8.26843417796829,7.81126875241503
"1414","PIK3R5",1.60870594037292,2.46236836241872,2.92955043234325,3.32074203416829,3.1211536248766,5.88497076440023,6.22277437532535,6.38592945500856,6.38806177247301,6.23377809708213
"1415","PILRA",-0.227802911416119,1.18488695836659,0.865819813869895,1.26292032059006,0.286422238156186,4.52989678216883,4.59204444884291,5.03916737005688,5.01354952125869,5.57828101068222
"1416","PIM2",1.9853612032518,1.52233906348558,1.78476545210941,1.9434082945541,1.61574133316822,6.88059162189916,6.66165888279051,6.81461830983892,7.45059995340481,5.75705853847486
"1417","PIR",3.73001588147811,3.9351687062909,3.02621017100921,2.68043940968881,4.0115032742033,0.14447757225658,1.55219386125589,-0.145526558295285,0.247295528673773,2.29300522801967
"1418","PITPNC1",2.83119637262207,3.03132277997896,3.41997691392292,3.67566443314393,2.83121415371669,5.09723709139972,5.32065049293772,5.67962322107905,5.79743866546399,5.73567669729088
"1419","PITPNM1",3.8475056050321,3.99956414849425,4.3890120052837,3.48402421729093,3.90595060352871,6.62535900722957,6.75126998750461,6.66328694080053,6.54868252220054,6.46246283956411
"1420","PITPNM3",6.7797997878309,6.25233993445095,4.48101808831652,4.81235935810056,6.23099090336168,1.27321207200275,1.96204862029804,-0.0360816480373927,2.38204773998635,3.04948600692355
"1421","PKD2L1",-5.51361216002677,-4.06615294601977,-4.62026375234453,-4.20960489090342,-1.28132806748301,1.99746438709754,2.84472976725201,1.52388148841826,2.15493294586909,1.00187347237548
"1422","PKDREJ",2.29534447831841,2.51079290945667,2.50068762543367,1.96513403761505,1.2954152086453,-0.245436688139908,-0.334782781586043,0.361204505682887,-0.765364529486603,0.426729532326652
"1423","PKHD1",3.07137583055694,2.19307091930598,3.34146617497656,2.37553222705974,3.01169992539668,-0.727725210830506,-0.176884177902868,0.870762330986562,-0.973453975506273,-0.831045384434411
"1424","PKNOX2",2.92639991325892,3.5776271881202,3.20978829899462,3.6543158505063,5.36111504484927,1.87528625583745,2.2358175996677,-0.342771768844395,0.0858098598892649,1.71511801187563
"1425","PKP1",11.1870417729087,10.342026786056,10.8800697692132,10.1431542566761,9.83502137311869,7.97500611191984,5.73931250435962,6.43207681818678,5.91850522786168,7.02800398166862
"1426","PLA2G4E",3.49223892568968,3.58948450619478,3.51620591023153,3.61523278907074,3.0087749399799,3.06925752867452,0.0330335388258093,0.561275919836549,0.59695054699097,1.75994891903718
"1427","PLA2G7",3.40489501676008,4.37973185112283,2.5596841712842,3.07529253488469,-1.28131700738125,7.67252263850571,7.02787048280525,6.39471259320464,6.86135772009371,8.04383812196946
"1428","PLA2R1",8.42884581004332,7.55962045806829,8.38943048101756,7.74195325500321,6.44275555595067,6.23769612124211,5.49108599404414,4.5915665002544,4.85843094877183,4.13586531814358
"1429","PLAC8",-0.594934685145966,-2.95970136073849,1.33223175043624,-4.20960489090342,-1.28132806748301,3.02621510667992,3.774704008364,4.92550161062309,4.12811007515192,6.49951704080227
"1430","PLAC9",4.6259906514985,5.65916205712636,5.20437742558889,6.07153455247767,6.22896585617554,2.84594070193857,3.0353017421963,3.12252648670415,3.02854502259332,2.60340691544893
"1431","PLAU",4.18451803781656,4.55076753420218,5.06830161238375,5.23736630609808,4.0505939944167,7.26253864529053,7.89434018604103,7.52838958685211,7.3983508646333,7.30785834749036
"1432","PLAUR",2.11405583766893,3.50538725410165,2.25363123004062,3.50214055432998,4.64842236662689,7.58531761288751,8.01517152152476,8.30683809905583,7.90639178416834,7.92497868170675
"1433","PLCB2",2.26304167270787,2.00777847314991,2.82125988732044,2.67476474436953,3.82713637792057,4.02638817432692,5.54198872707248,5.38688193014468,5.06241267980064,5.30036022818777
"1434","PLCL2",0.884969273110009,2.30969542687234,1.38663942097057,4.18590868055617,4.01364366317827,4.12108272939388,5.07253950868613,5.26090490446579,5.71044657597628,3.97283672068512
"1435","PLD4",-0.27316188325194,-0.668627113414153,-0.463229341012415,-1.7359999623381,0.887353454022892,1.59817261443325,1.8676413245292,0.776348296235209,1.21128019411314,2.05186092620584
"1436","PLEK",0.0209100736358098,3.85608219860171,3.15123696526413,1.53989198134263,-1.28131601693677,7.21621741473704,8.32063045265754,8.59665340448798,8.4649315675289,7.4353762757158
"1437","PLEKHA1",8.25229805967478,8.25509336526825,7.99674514762703,8.47879356838667,8.28593588733791,6.22224412786204,5.36868125191481,5.48302364435262,4.82658123429304,5.87289389863526
"1438","PLEKHA6",2.53707944618533,1.75329204685732,1.25073599881531,3.12167825915434,5.5596410287512,-5.72599267913226,-3.66506973431624,0.853470725189693,-5.37326948825696,-0.327202602051831
"1439","PLEKHH1",5.0147751889376,3.86462443676645,5.17488612971113,4.17444328272116,4.08376302280756,2.10717213676761,2.82155410022581,2.21074188161757,2.22655972282625,2.09642737698698
"1440","PLEKHH2",5.19005633860055,4.9032439794311,5.81998540227773,4.87540456121867,5.24024353207711,2.69571574354897,2.98707833319925,2.91043262282065,2.88189198923387,2.16804424393454
"1441","PLEKHO1",1.83710866566836,2.65151857417093,3.10398883777643,2.51904817640561,4.31796962950278,4.7801218762459,5.95367114490987,5.88528816477994,5.71239953201269,5.9297811263285
"1442","PLEKHO2",4.7760858010843,5.88873213043813,5.84504985772436,5.79084642863758,5.94783038968831,8.56876098736496,8.48614832259642,8.56103551794503,8.83031491115086,8.59051854522061
"1443","PLP1",4.72010709698613,4.54598291786383,3.62248883220116,4.41426593576873,5.44506839028339,2.65154651898365,-5.05205299086839,-0.748262701112294,-1.5699556257972,-0.505069494681606
"1444","PLS1",3.41944375957731,3.05005928579482,2.89092538312608,3.16729984244803,3.27289944998809,1.8123172707364,-1.45590352642234,-0.971764255372365,1.14272036043011,0.0636193032515805
"1445","PLSCR1",3.66217016414243,3.90347548634358,3.99906926355839,4.27302123740906,5.19935873138799,6.69330294416301,6.75012701267797,7.70427268277701,7.33327728090222,7.16325396970759
"1446","PLXNA2",4.96860876185683,4.14084017230867,4.81394961511922,4.84020402509753,5.13735968481465,2.97813226570476,3.50056270853722,3.01871257767302,1.81456535184597,1.79657567645309
"1447","PLXNC1",6.94220769661472,7.38218202965628,6.43488016923587,6.77085011111273,5.31486352220703,8.75932340131211,8.60478535759405,8.75974457036592,8.92094945200436,9.34155493380849
"1448","PMEL",8.03648721556674,8.01478624971105,6.58628753320992,6.62734646341058,8.9880095959354,6.35597036857512,1.41947577557231,4.5421565598315,3.53764692793544,4.62097829355309
"1449","PNOC",-5.51361216002677,-3.67837873797978,-5.58732452148392,-4.20960489090342,-1.28132806748301,2.30194083934724,1.81411136215797,1.55087071242597,2.13716988932007,1.20643459647534
"1450","PNP",2.38208541457961,2.58165070770254,2.57319482763868,-0.470781727496152,4.39374243405881,4.59051770944436,3.83741057955888,4.50103450407741,4.05653638772741,3.91330611570182
"1451","PNPLA1",5.43144332702346,5.5605745219607,5.29203165957202,5.76422706401232,5.71213750168121,4.15411897568287,0.583739199611848,2.79012567343341,2.36124642023113,3.31929241173683
"1452","PNPLA3",3.3804398152499,3.6406132209584,3.05232666558525,3.3484274206368,4.60270545678361,-5.72599267913226,-4.26673974513366,0.337230280687124,-0.120776751126295,0.627639424572875
"1453","POF1B",10.9320183608091,10.6615745424871,10.3831450346113,10.363981908205,9.30506940557118,8.60368973556677,1.14929130679208,5.62289885646427,5.69452237258017,7.23040892401851
"1454","POLD1",-1.70319729546919,0.709108767422802,0.947031755559151,-1.24913996399943,2.39982671566232,2.49030182469984,2.76195919852184,3.45900772807955,3.48222005009244,2.0081910235243
"1455","POPDC3",-1.78179900776693,-5.84312502698991,-1.81308482390872,-1.10129175439464,-1.28132806748301,0.952513942265571,1.36622829406778,2.13483577822329,1.36168292313442,1.36221113094586
"1456","POU2AF1",-0.464137444054318,0.0189356801357775,1.77607437437032,-1.20228430615355,3.76966578557121,5.50552489858017,5.67264123861712,5.61529976754968,5.86635003488271,4.40142424723576
"1457","POU2F2",1.67249658545189,1.9393587547525,2.17147093378051,2.30081421637403,1.90349308664812,3.77450083308637,4.55626571810623,4.60635345888817,4.15454191439826,4.44272428534354
"1458","POU2F3",5.94030945599798,5.19853280930296,5.52087343693807,6.03974026680732,5.22527489845324,3.7214429892908,0.089454321064878,1.7646259276846,1.66175835530345,3.43220327914494
"1459","POU3F1",6.95174054928264,5.99313753595261,5.78197486067026,6.48944073216375,6.73605616707446,4.41874335888777,-0.334780363373759,1.73954404178664,2.31054305932443,3.1240334202385
"1460","PPFIA3",5.97846875004263,5.95189132270878,5.26020124574388,5.74930920137861,6.34954308511994,4.31478455790802,3.65479960313319,2.76796439218329,2.91743607788605,3.04610529378645
"1461","PPL",10.0480432979714,9.85660451496909,9.53770872666429,9.41719886614913,10.2085125534244,7.96700465160885,5.92434189354454,5.05571841500425,5.75686765075267,7.62064543583144
"1462","PPP1R13L",6.31885565721434,6.12228840268097,5.80242479311491,6.1127646239475,5.33547055314076,3.78968502607658,2.82149400446611,3.00241816666322,3.14773877436022,3.6266352598467
"1463","PPP1R14A",1.36645877370703,1.41991438432625,2.03141172355654,1.01378238265169,1.39351715464222,-1.75717364815978,1.04566361354918,-2.45357921941873,-1.80776946697656,-0.487199822410594
"1464","PPP1R14C",7.72066484678761,7.66452483471196,7.19345584488242,7.34588305888599,7.077966187985,5.33795401635509,2.35848248342294,2.98896105361979,2.70720970685634,4.2308017127279
"1465","PPP1R16B",4.24485814079365,2.39023912024671,4.41721576330587,1.94962811218545,-1.28132806748301,5.98218891464954,5.43398343020938,6.74060087338303,7.07320720453902,6.34869136517775
"1466","PPP1R18",5.87325304967788,6.11793056398412,5.79336655148204,6.22837420377822,6.15575764497112,8.29210223539033,8.44389120271504,8.62448840312015,8.7887531772215,8.39062800229493
"1467","PPP1R1A",2.90797794431223,5.0733727933176,5.63757919746577,5.20054522845594,3.23245687949436,-0.469919513506771,1.40881690472272,1.17974162317988,-2.38487530686055,-0.000166974945241868
"1468","PPP1R1B",6.21095688801032,5.32695570022605,5.83241186484925,5.62252202269056,5.52641171727664,2.91756441029307,1.67532651555496,1.49736881912902,1.72286810982705,1.00421005047101
"1469","PPP1R3C",6.55286940917866,5.92755905061055,5.42703794708661,6.21353500873925,5.18838289964514,5.27547672844138,4.18895598509413,1.67687182477028,3.47163979693977,2.92546489378294
"1470","PPP3CC",3.46460761017496,3.03040267500431,3.14962881599033,3.26612261714182,2.3518469113564,5.6356885203855,4.76513419211872,5.80596506956053,5.98989984644243,4.7147337220499
"1471","PPP6R1",1.99341583196169,1.50635869038975,1.8581919245417,0.243870460600982,3.64837561234978,3.20267605817214,3.9010970770266,4.24975610458575,3.56787732336855,3.67490967666244
"1472","PQBP1",4.08294880865934,3.94991147818489,3.73705156068584,4.45020487527013,3.09881852424176,-1.05390768976161,3.11074275220064,-1.81009258829218,-0.354402469769332,2.9775861590709
"1473","PRAM1",-0.664548384951581,0.527157181861642,1.20192626364077,0.413473190113946,-0.892171477611109,2.42385838709155,3.11529855984508,2.92897682612509,2.80754396587544,2.96072261536753
"1474","PREX1",5.4137319013988,5.9276681845586,5.5546330053432,5.24375890939121,5.42228965476337,8.54483350081301,8.88337367939914,9.05330649554955,9.32244044177114,8.81234045614748
"1475","PRKAA2",3.97556066717341,4.44442981304824,4.50480963457497,3.6398582492933,2.87014516977069,1.20692120611031,1.69518726391618,0.130024185246041,-5.37326948825696,-1.55506130894386
"1476","PROB1",1.27552929585233,1.32514334114416,1.36102633465585,1.52869643303588,3.10158435410275,4.14531046416336,4.03563924705684,4.01629614856363,4.00506243034825,3.2886749900065
"1477","PRODH",5.80438950155948,5.35446945242681,5.81310143405233,6.18126713782914,3.60509592194372,0.538511071562784,0.917145992774953,1.14180086132677,1.00212317696343,1.42703153239405
"1478","PROM2",5.60989073804825,5.45956107086857,4.71643668962452,5.15956042889625,6.52070368925275,4.86846379859838,3.08238461282842,2.52877186782443,2.12885772583709,3.31268643029551
"1479","PRR15L",4.26842827938195,3.67692165191502,3.11197081944354,3.2835902168971,3.43908173792514,2.05055217265377,-5.05205299086839,0.144697986122194,-1.83477081391342,-2.7258955222702
"1480","PRR16",0.247553792879912,1.36280261426648,0.70755582487476,1.23732897995915,1.13633924761965,2.70568702568589,3.29455556998291,2.51628721795854,3.19804431304385,2.78997747006834
"1481","PRR5L",1.2069103011111,1.03645926798357,1.33743527377618,0.454328503434865,2.43245652921168,3.85470761856846,3.89466121114863,3.40717384743709,4.21261016172501,3.80746655782963
"1482","PRRT4",0.987504298283355,2.57565094694973,1.62806749335246,1.73388088751291,1.08103767003422,-1.92373190234532,-1.26415841291224,-1.66912487905457,-1.47106432787285,-2.76621832420117
"1483","PRSS12",6.02404970883337,5.52444519697743,5.20710162655465,6.01343440625922,3.13340353847683,3.98158924370205,1.11222294374286,2.12570503973339,1.78738169993726,3.1492004501678
"1484","PRSS23",4.8046222333212,4.36265081143179,4.9393578900592,3.21632627865144,2.48238514965159,7.10153482534779,7.34825574229021,6.85375911844069,6.15566053733384,5.98291899607703
"1485","PRSS27",1.38851199198137,0.749613847160274,1.2975677622507,0.267879801349847,0.335142675132845,4.82162142855181,2.93204718538635,2.55761808320606,3.08634809214718,4.18828918012631
"1486","PSAPL1",8.95507312061901,8.65019635688192,8.42144442649838,8.04520810594415,8.61469736202306,6.51603286109927,0.0392774151836022,3.7425416009345,3.185548147963,5.83533003804346
"1487","PSG7",2.83705405151736,2.91819667423213,1.65316032246276,2.07518425460738,-1.28132806748301,-0.240586579079198,-2.97504054584683,-5.11837669723036,0.650842010152391,-1.25135339288438
"1488","PSMB10",4.05445751276543,4.64582871182002,4.42263930131001,4.2866980844764,5.91395108262786,8.20736908637324,7.69537619081799,8.58847763006167,8.71127722913923,7.73539996768048
"1489","PSMB8",6.08802434764554,6.38424179633745,5.82273607014115,6.21789987222524,5.2688195338658,8.3099076868597,8.03696144475291,8.75570258981761,8.88449726727878,8.30727917399025
"1490","PSMB9",3.78825683508883,4.11295432009821,3.92486865806994,4.43735444925506,1.41357324774918,6.50847710851942,7.49423314992656,7.05637146297985,6.68430673198482,7.90368654782492
"1491","PSME2",4.41961126241136,4.1394976485121,4.3232657839984,4.20347155792685,4.36247288046497,7.02000533933505,7.01063250936103,7.42324195802777,7.69823476790334,7.33237966414993
"1492","PSORS1C2",5.73038261626388,4.28447991920418,3.96816164040386,3.9515592567258,3.96060113152407,2.98772196154152,-3.52348598710088,-0.484211304212656,-2.27849936659421,2.42468809776874
"1493","PSTPIP1",1.68933196068043,2.50107890049082,2.30098478316017,2.98418427447103,4.09926948574261,5.02069800822616,5.7225450280236,5.93548045833904,5.94100535121961,5.58648244946214
"1494","PTAFR",4.31595576371162,3.73467604132034,-0.725422368147908,3.41120816626713,-1.28132806748301,7.33329083011795,7.32234834092591,6.75866721257981,6.23260828362015,6.3201977224008
"1495","PTGER2",1.63407568390295,3.13209384056425,1.7064185383552,2.92104792111773,3.32753725650225,4.35205245722869,4.42634349478438,5.42375192003888,5.23768839512756,4.8684176741061
"1496","PTGER3",8.18084993583629,8.23528340205332,8.34897158058023,8.25511313019923,6.83236168357946,6.5175237069044,5.91690183485124,5.20477533186282,5.18155069261196,5.93864942371303
"1497","PTGER4",3.77458778847636,4.53094137362006,4.23949593859028,4.61824651447627,3.14775763121618,7.08570427213407,7.04165064533416,7.81310011237028,7.73701656366704,6.73220724074611
"1498","PTGIR",-0.0410718688895634,0.545841555761778,0.970811388428623,0.0790331772244428,2.57006004630449,3.06207526149785,3.23002823470168,2.99608507536445,2.7590550314381,2.29479846937883
"1499","PTK2B",4.14565979863282,4.61668074444368,4.2714860162892,3.46588823430838,4.24370843220963,6.02323173275073,6.34685036093697,7.19406242969505,6.55056739319412,6.47916214779689
"1500","PTPN13",9.88725313234677,9.20762849367649,9.58697471786953,9.40386457745324,7.60183152179588,7.6759079532643,6.76303277855458,6.71456579641246,6.92698848599732,6.78899532152474
"1501","PTPN14",8.24901489497099,8.55507493279047,8.3394995114321,8.66849033225408,8.20676756490444,6.15860418023356,5.71283042790043,4.97380479695444,5.61805683332338,5.97252282253724
"1502","PTPN21",7.34405785443785,6.89830381183449,6.77925827612283,6.78160755018638,6.93723099278582,3.95967276228842,4.01620388335857,2.58429970190377,2.13547068159276,3.71407140367853
"1503","PTPN22",2.43416235200667,2.70673653169169,3.78617839842187,2.62124926716466,2.30074752175226,6.1578611138389,6.49562960483098,6.98527853980637,7.12920491901948,6.13921268793789
"1504","PTPN7",0.625031851989063,1.56309882236531,1.99830591711085,2.40011416574098,1.62367929647933,6.21174128017253,6.19436633931831,6.55959246814915,6.8207756720665,5.71143305088702
"1505","PTPRC",5.70717446353627,6.69711950786734,6.31248544719083,6.84564674814048,5.88272029781448,10.2749660904894,10.7285534904819,11.4584841458204,11.3517221603001,10.9028111117711
"1506","PTPRCAP",-5.51361216002677,1.25608698139966,-1.17344819361924,1.04638556183007,2.64968913570585,6.49526623033307,6.42701286035282,7.41281864115637,7.37301093081529,6.20296137385905
"1507","PTPRE",5.1722076767082,5.34783023828201,4.8118954743973,5.1402488386281,4.65995566740094,7.54324021311031,7.35364634620231,7.83163700628025,7.69270450965132,7.65066957361884
"1508","PTPRF",8.69203933469756,8.81033141290154,8.90368316132593,8.45809322727201,9.62186361317007,6.57183948859827,5.46478656219564,4.12088693344864,4.50150035258455,6.11689859047712
"1509","PTPRJ",5.88675755827742,6.48812669815548,6.45023314673508,6.33398377566211,4.6465248800828,8.45754523572757,8.90421973283915,9.55931511916842,9.52381003494132,9.31821743201105
"1510","PTPRO",1.83215549972127,1.04247860156001,0.503034402686356,2.2616931618113,-0.115996489617828,4.45940510372877,4.62989069132596,5.02166598943787,5.14311994859209,4.95081794484529
"1511","PTPRT",3.10320754384647,3.00897985566929,2.9706334167826,2.21946567209942,3.59903896552912,0.048634457553258,0.559816269401056,-0.305514517794691,-0.264847678886085,0.237137915351357
"1512","PTPRZ1",6.78447746727989,6.68404635801861,6.8603658978996,6.53234679005906,5.37421219423617,4.67034718940274,1.81159436942264,-0.114877004597176,2.19972444338607,3.49235042889628
"1513","PVRIG",-2.89365211341495,-5.84312502698991,-5.58732452148392,-4.20960489090342,-1.28132806748301,3.88139098069481,4.30076404765813,4.71709962960791,4.85548058989687,3.51469737935147
"1514","PXMP4",5.557341806325,5.37479551783179,5.45294642174919,5.71484298358377,6.27296775923477,-0.160245533481223,3.74988585983951,-1.50984586465863,3.01546590140558,4.51963143477952
"1515","PYHIN1",0.361508349170818,1.93960191936108,1.46542054362804,1.57626016594405,-1.28132806748301,4.65661408343433,5.6791741428305,6.29108048936194,6.11942016275957,5.54863598831896
"1516","RAB27A",3.67640870822759,2.28297012150845,3.08909536395754,0.481756716807963,2.72525500015863,4.03080159193531,5.02877575059129,4.40980909823374,4.64753587316792,4.89027643911387
"1517","RAB31",4.02073036167653,4.68133045218981,4.48287346616923,2.52911568074858,4.47613071011762,6.85433835308055,6.95326669898406,7.19471923811434,6.50963117611056,6.31566389541931
"1518","RAB33A",-4.70231727203673,-1.181817205746,-5.58732452148392,-4.20960489090342,-1.28132806748301,1.63725007502357,1.76446791402051,2.60193438549412,2.92943886793402,2.06895512129999
"1519","RAB37",1.4038772351762,1.50615597188737,1.77085481732468,2.1524917302823,2.44324016191762,2.71961292353571,4.1349927280488,4.25481461697844,4.90791872498954,3.35383230087458
"1520","RAB39A",-1.42853565675227,-0.773390676604451,-0.036406058464117,-0.459031932068042,-1.28132806748301,3.35530746547621,3.51831176533929,4.30556853756115,4.06430770959643,3.8684017932779
"1521","RAB40C",6.40014879805352,5.80348681888294,5.69720525948544,5.19230792488651,6.59590621169531,4.28108014916029,1.91529916505069,2.18661136369941,1.75252175650825,3.36779763347917
"1522","RAB42",2.15786552999294,2.29853151336556,2.87023069853487,2.55757032117904,2.17922606543221,5.0651749052408,4.63260000007504,3.83602402097409,4.38214867201376,4.42520905227982
"1523","RAB4B",1.67094644322227,2.00233287322465,2.08847544388167,1.31338144130415,3.63579892439892,3.36432658003323,4.02115654222463,4.47513426491074,4.4359425403969,4.42314173070753
"1524","RAB8B",2.84352878973795,2.94807237394407,3.07397820280257,1.84978619264346,-0.744559496525688,5.29779928632672,5.46299258653879,4.53099429731704,5.64272244090638,4.72574027052457
"1525","RAC2",1.57201058129378,1.51760179327181,0.809553265639925,1.33998174158502,3.15429609255666,4.94445315601048,5.55012535466737,5.51773314299395,5.7312272269599,5.23758230150997
"1526","RAD51L3-RFFL",-2.18809005117808,-0.806469449942813,-5.58732452148392,-0.896918986277039,-1.28132802622273,2.34100821357658,2.35893128425473,0.344070833691848,1.47258995332481,1.92268938713667
"1527","RAI2",3.14215778452064,3.73359318095131,2.96395907048644,4.74625338677479,4.00939927005837,1.37324979356395,0.440542256447215,1.32176539941734,-1.30302527708732,2.10261905614445
"1528","RAPGEF4",6.73845593230887,6.74474647894945,6.74199963858247,6.28833708983259,6.43129484649829,5.3286858395516,3.54583903031598,4.04125078087346,3.7575628938129,4.04098070539466
"1529","RAPGEFL1",7.04738828850075,7.44031755532268,7.16039865611958,7.02484063522931,7.0511005540293,4.87052503598788,2.02972102525717,2.56238952301396,2.12081621419286,4.09960802402175
"1530","RARRES1",0.270156145778598,-0.472729623029617,-5.58732452148392,-1.59572692471141,3.11519148215248,3.69156174180432,2.83425068512351,4.75754213196935,3.48575143171042,2.81560457019727
"1531","RARRES3",1.61945886629968,3.11533608874542,2.39910956809041,3.04677544928027,4.40120226108837,7.38067774617792,7.06704518291266,8.43864670557596,8.41528218346247,7.45677094915514
"1532","RASA3",3.16504794037231,4.75890123964665,3.76182483858366,3.74576991372299,4.83701828363007,5.99127182503587,6.73847176439545,6.09060085244569,6.63596262260426,6.55254642913244
"1533","RASAL3",0.585430104022391,1.11949688643401,1.38621678996166,1.06277356004011,2.34035666090581,4.47053215530752,4.27144260361398,5.46217412087753,5.37709350329155,5.03842538761927
"1534","RASGRF1",-1.38203792083038,0.826148104667358,0.116187650059909,-0.65701049991761,-0.509975865644662,2.29682800406719,1.69541331738668,2.49885447096128,2.88296690817336,2.55451835704603
"1535","RASSF10",5.55533367849587,4.71755013969231,5.13709051097668,4.95810088694756,5.21670295677255,3.7472475837135,1.21314351758571,1.43905891152764,1.88412613559344,2.57199070472684
"1536","RASSF2",1.66265560007767,3.60117596876069,1.83233122947341,4.21392700720449,-1.28132806748301,6.42435606617861,5.63162791967263,5.37322016108902,6.34928610056894,5.51107361580816
"1537","RASSF4",3.06931734862728,4.19949211512577,4.67750459702884,3.96187631481148,3.84182175176803,7.08587578320231,7.68461335344803,7.76276822914632,7.91148939044115,7.54614642137644
"1538","RASSF9",2.77354020662073,4.92201423968624,3.94585838118346,4.50423785878897,4.89564738455672,-2.74314916973633,-5.05204168805329,1.45280520665635,0.630805293524645,0.862387805152338
"1539","RBBP8NL",3.16212270884465,1.18438205435231,1.91015103081585,2.59841037186471,1.93225329986297,1.09379422446855,-1.62810916988098,-1.67035190314722,-1.50131759922108,-0.501163124071127
"1540","RCSD1",3.94174179628597,4.31914020589625,4.38805594527267,4.09391020670774,3.51997580388129,6.40768267299393,7.04860958062289,6.53868753716813,6.81628761329675,7.0904000134224
"1541","RELB",2.99066468096961,3.08768736788663,3.2533655884876,3.69516707468994,3.06103621211139,5.50674172642835,5.47236370694295,5.65494425219209,5.95106117804606,5.72062347730659
"1542","RELT",1.00586609284184,1.16327882368979,2.06158761884923,3.02366842543289,-1.28132806748301,3.36901831523676,4.85505677424593,5.30191459681972,4.85184625361224,4.65725974396479
"1543","RERGL",2.7970079997529,4.07938153279989,3.20260286211161,3.42399457329083,1.7002557944035,-1.83946616951701,-0.860363324481397,-1.58773945568067,-1.77513425869924,-1.22798014917079
"1544","RFX5",2.3661925693823,4.07225949643631,2.74318243300123,2.38433476240852,4.16604619682942,5.07138606044316,5.32518385279705,5.62181075632175,5.97460245880804,5.18033043957909
"1545","RGMB",3.13346847275427,2.90522743803911,2.54177321334629,1.80965856493321,4.28684882934606,1.08716721140851,-0.797395060315146,1.4747419962532,0.416624560658414,0.645111232992748
"1546","RGS1",1.08651186663936,1.79735554381428,1.75195730838814,1.54786906444368,0.403082988303001,6.2529935170971,5.40457167408976,6.74221565935545,6.53030062796956,6.62413704023415
"1547","RGS16",2.52219608263672,-2.04823528205202,-2.39670437932408,-4.20960489090342,-1.28132806748301,5.2743161839556,5.1580065320099,5.59756837299779,4.88138556292811,3.34884081153667
"1548","RGS18",2.89060200685248,2.46922844602406,2.50913014784356,3.55067677543055,-0.0842589391960439,4.47045663940261,5.31170637664622,4.87342478249487,5.26918582939998,5.34882168326877
"1549","RGS19",1.96986696125043,2.19985070745382,2.67467629393102,3.28861433263002,4.13843538193554,5.5385529082476,5.39850697686132,5.35699809681184,5.70310082035166,3.89688777832482
"1550","RGS3",4.75679449615393,5.27034230099476,4.40284564231456,5.32855743890758,5.6212371686815,7.56506577344318,7.52753112930504,7.57222996258649,7.45030004564574,6.50275316486197
"1551","RGS4",1.02410337109199,0.616165987879515,0.412938275882057,0.993491544027659,-0.323748030960659,5.86567592821159,4.67073641017832,3.34362453358379,3.13755721626428,2.64946395763231
"1552","RGS6",1.86822125637452,2.07154216981116,2.87836532858488,2.5233835480716,2.67322318267601,-1.27168284145658,0.0458035645891037,0.0097694452780674,-0.741707711357907,-0.517108107767943
"1553","RHBDL2",5.02737238443052,4.83407762505687,2.87514775969631,5.54973552658753,5.39744925195795,3.00348127060046,-0.506774112104989,1.03484132062262,1.33141995093993,-0.335205465788763
"1554","RHOF",2.74145053773871,3.40862585456253,3.38836141966618,3.31029432268668,2.86069854460827,5.02038107148761,5.32507863887588,5.30572817089462,5.754904794729,5.13397760664518
"1555","RHOH",1.37507433999986,1.20784081402797,1.3718522821475,1.68592466212798,0.917173051743205,4.67831548643449,5.87374675841067,5.71304574217602,5.74033636858715,5.36452253975912
"1556","RHOV",6.65346506213447,5.7763178871246,6.01296666489808,5.69054175635775,6.72444425524027,5.01990886910063,1.64219164035999,2.40051124837826,1.68414113167087,3.4678117472501
"1557","RHPN2",5.95616281090194,4.48580334387666,5.37425480813976,3.93841817423892,3.87456165034197,3.28052211019398,3.6571774255628,2.44859773030786,1.67608382787639,2.29394857522106
"1558","RIC3",4.23188514730227,4.16774478712512,4.80644634992556,4.55728057847608,2.89450052606739,2.16162816375494,1.61688760269869,2.48261224698671,1.76278823357496,2.31563825335302
"1559","RILPL2",-5.51361216002677,0.0202216395308396,-5.58732452148392,2.32851050661778,-1.28132806748301,2.95901456006034,2.4457326240388,1.78481248873096,3.34119674413932,3.62074289432752
"1560","RIMBP3",-0.777705674419614,-5.84312502698991,0.994173392024971,1.40375486697026,-1.28132806748301,3.01246889286218,3.45653054867732,3.11551398749084,2.22426878794631,3.46735754454813
"1561","RIMS1",5.73713111302285,4.84254126490902,5.04340822161386,4.67482739428336,2.30288877660117,0.979258022435077,0.268612858886438,0.48833681022837,-0.448162351493766,-1.04211629334946
"1562","RINL",2.76178718246388,3.30827338846504,2.6556380909062,3.59282028020675,4.27093647146845,5.27510266608618,4.95295714128677,5.2845541697803,5.43879816611696,4.6632874384443
"1563","RIPK3",0.057360725560805,0.947084913747195,2.06080760646531,2.36092304826652,2.00521146628735,2.20551271877357,3.91001720813101,3.80783918108796,3.23515681368713,3.81141299271941
"1564","RNASET2",3.99896507654545,3.82394316122,3.59407922163156,4.48484812237248,4.89688509743328,6.94462686128106,6.2981370742206,6.80962766436543,6.84995689937505,6.70825241091331
"1565","RND2",2.6356526733601,2.13465355863112,3.20801421245385,1.37038887611423,1.45043083438598,0.301571100871256,-0.79764288075336,-0.763092848362503,-1.0291725107349,0.12112241484777
"1566","RNF150",4.56088691025198,5.35528607374221,5.77661762183893,6.16338295119857,4.87070143667916,4.09750082002187,4.16223616585307,3.42644894277392,0.644852325055928,2.82562682078131
"1567","RNF157",0.551529941998991,1.68691422645823,1.78103511168719,1.48289890371137,3.65186278429431,2.85761946687202,4.83897108622405,4.15562784448755,4.47701044801584,2.88322650531514
"1568","RNF166",1.13087180413269,2.8407968537922,3.35195189558902,2.38336784840913,3.37123839164608,5.4069594753855,4.91456748442689,5.16130907459297,5.66237686581134,4.72648353250928
"1569","RNF180",5.63844131046724,5.48905857997896,5.3538524647997,5.77980542199944,3.97963611935312,2.60208451845883,3.22277519437883,2.2360233305317,1.95951002457542,2.65698699407778
"1570","RNF213",8.2761749049895,8.51725537372814,8.66701280764199,8.54948062552254,8.16345228687919,10.248761270705,11.2909063142493,11.4520401031643,11.5460346650741,11.4036446943759
"1571","RNF39",5.3810624013925,4.69347822142297,4.42718822771935,4.98853934227642,5.27990265446871,3.84465886676951,1.32194875727313,1.5346060530562,2.05436245983423,2.50213360450145
"1572","RNF43",5.57765386086325,5.81046572409846,5.72639954419212,5.58726475909977,5.69444278497328,0.814201345973331,-0.336226535407171,1.94837519557994,1.74495662376234,2.0953673439565
"1573","ROBO2",4.65758541047657,4.66430138103841,4.53012558351032,4.31334335337951,5.56988590314666,3.6486941778348,0.150509625230353,0.695453922066283,-0.220183153821096,1.17334951857657
"1574","ROPN1",3.31571717548636,0.993148660161483,1.25370057790073,0.952120719232463,0.639987632076333,0.274476822269774,-1.88286565820616,-1.60326555226036,-2.817065120852,-1.59120527682033
"1575","ROPN1B",4.14924423379807,2.86961172749734,3.23315059853098,2.1388742210384,2.08453001621913,0.552716042068369,-1.4472893873202,-0.353689933428519,-1.4018247642182,-0.898098336752869
"1576","RORA",10.897593287051,10.7775109429737,10.6917849076653,10.6350001189418,10.4750440531332,9.9722220802288,7.75485882486754,8.38703464607602,8.50313444200989,7.67887421222225
"1577","RP1-20N18.10",5.0418257871039,4.90982128813659,4.85005419426359,4.35323217697927,3.40962500897043,0.389212642684205,-3.49302875663897,0.70218047897294,0.204744077109134,2.9538887115418
"1578","RP11-1094M14.8",-2.27664346627646,-3.87257983015564,-2.06495830440528,-0.914945460497581,-1.28132806748301,1.71740074197042,1.71652800307162,3.27971386744073,2.6750437279915,2.32629023405663
"1579","RP11-10L12.2",0.00457389141856654,-1.10848763453167,1.13274669172571,-1.83369846535287,-1.28132806748301,1.23233833623459,1.85169605508657,1.84102438983722,1.95888239680066,1.96543206847443
"1580","RP11-1263C18.1",3.41137732840293,3.03342346536685,3.19662601781367,3.56460310888365,3.31407069664631,-1.2735745181497,-5.05205299086839,-5.11837980564277,-3.08123446952216,-3.85953893303394
"1581","RP11-1275J23.3",3.04297387924057,2.91146845979765,3.24328591057561,2.68060810366218,2.49264699792267,1.038086810651,0.899310756104972,-1.90870476446613,-5.37326948825696,0.486476319842202
"1582","RP11-153M7.3",-0.73835344066741,-1.23133100956439,-1.1894042522418,-0.96659345620236,-1.28132806748301,2.27035460904861,2.78750845934171,3.51718301151774,2.86225648812948,1.72042326595432
"1583","RP11-162P23.2",-5.51361216002677,1.99426566322463,-5.58732452148392,-2.22396355949083,2.30997130652326,5.24548873651468,3.91831219527219,3.91089321940446,4.69368096693356,3.32197282898363
"1584","RP11-163O19.8",1.99483396967412,1.51595566978938,1.37055644196528,1.70253209691932,1.29541316568189,0.457603240577002,-1.26418001424816,-1.12336508341832,-1.01661566459578,-1.21994301451397
"1585","RP11-229P13.27",-2.22408842673566,-5.84312502698991,-5.58732452148392,-4.20960489090342,-1.28132806748301,0.928412164649362,1.13688645358871,1.48179803845732,1.51246308374348,0.402670634535751
"1586","RP11-255H23.2",5.63589379499613,5.3541422274722,4.53398509082824,4.86987045172771,4.53038830902007,2.99619813790181,0.418819770901032,1.3455386860038,0.554997081151471,1.99424891457681
"1587","RP11-294C11.4",-5.51361216002677,-3.23136936108745,-3.58291069778047,-2.57952287167968,-1.28132806748301,2.70043336450381,3.11577503919541,2.49784672392361,2.88171232615721,2.06683008200553
"1588","RP11-294C11.5",-5.51361216002677,-5.84312502698991,-5.58732452148392,-2.31457925239469,-1.28132806748301,1.27663245558721,1.08071123530072,1.92395592653795,2.89816740204586,0.691686315949207
"1589","RP11-367G6.3",-2.03494088311463,-0.32682259478673,-0.224029957504181,-0.0588427770547285,-1.28132806748301,0.738316913207224,1.24919910292957,1.34494612745078,1.46405389431509,1.82144612365045
"1590","RP11-444D3.1",3.47144589404593,3.16796990470956,3.72811043388413,2.88932875595551,2.49664572793884,-0.00116877353034901,1.11829411744831,0.937399946167235,0.0819121490579445,0.440182511490293
"1591","RP11-495P10.10",0.297591425902923,0.534788782576054,0.865793119103321,-0.862915523068136,-1.28132806748301,1.86000054510424,2.84018841090599,2.91426911666978,2.69742415592982,2.20963619184217
"1592","RP11-497H16.7",-5.51361216002677,-2.20268459237286,-5.58732452148392,-4.20960489090342,0.612092039198605,1.20606685388476,0.833858866087992,1.85844812966902,1.88119388834553,1.5294231666177
"1593","RP11-561C5.4",2.39749553163152,2.16033991451003,1.26190463565508,2.64126362413943,1.17170179575629,0.195677384098872,-1.70971938666825,0.0864918537458945,0.255988352824948,0.182602095311929
"1594","RP11-613M10.8",-0.698804123799967,-2.40124734774736,-1.08519884986886,-4.20960489090342,-1.28132806748301,2.42930546325633,1.06635453449254,1.84673683727047,2.1552588090128,0.237009269719812
"1595","RP11-64D22.1",4.5783467855103,4.33802591980917,4.17103339496319,3.74129164012254,1.09163452884387,2.47942073480415,-1.59424188129406,0.968891104401263,-1.16232155415432,-0.820346753658442
"1596","RP11-705C15.2",1.4498816760221,1.73230576576402,1.88613409769291,1.47092858116158,1.29541181757779,3.44400212659697,3.61976280081692,4.25495313420448,4.0050607233751,3.14234150569965
"1597","RP11-756A22.7",-3.92717692076017,-1.78650446868114,-0.664832560263028,-4.20960489090342,1.25816672000052,1.08290006133512,0.244781605869984,2.11934148985296,1.98855468136023,1.76888469377039
"1598","RP11-75L1.2",-1.74313550735072,-2.35670837805003,-5.58732452148392,-4.20960489090342,-1.28132806748301,2.37719849123916,3.49049598911308,3.05342141261404,3.97133960707566,2.02163794531888
"1599","RP11-763B22.3",-0.969817472458344,-0.433200919837026,0.0331516073790668,-0.979826685403696,-1.28132806748301,1.31782151873379,1.82261231441885,2.01951806699512,2.0577105865203,1.242844532829
"1600","RP11-797H7.1",2.29534349490435,2.07514576033909,3.05154101502522,2.29974619045099,0.127547535905454,-1.88961549627131,-0.565854235093102,-0.00128728315668693,-2.23660002566307,0.0554990527197679
"1601","RP11-81M19.3",1.11224106653289,1.00509145369706,0.202541199302058,0.528885664990165,1.29541352758882,0.346983396777626,-2.94955971436544,-5.11837980564277,-5.37326948825696,-5.09110817065645
"1602","RP11-848G14.2",-5.51361216002677,-2.20268459237286,-5.58732452148392,-4.20960489090342,0.612092039198605,1.20606685388476,0.833858866087992,1.85844812966902,1.88119388834553,1.5294231666177
"1603","RP11-848G14.5",2.24605039638929,1.97165355076292,2.00672539965469,2.27323647384524,3.57972810736908,4.07224933943529,3.3954992776045,5.17962018404541,5.34002713980303,4.62430526964627
"1604","RP11-903H12.5",6.00921218885145,6.52412616925084,6.38881049952978,7.01041701147425,6.14080600327758,4.1537804325083,4.37840351738016,3.85268052379419,4.40508040586179,3.74920294240221
"1605","RP11-96C23.11",2.50328263590541,3.24324063810515,3.35469944745824,3.51798760590983,3.25104881587251,0.85450484842618,1.44844887488172,0.670221059989669,-0.119405245760292,-0.4309580636556
"1606","RP11-96O20.4",2.56175341745812,3.15931032989411,0.00166757402806988,3.28239385141635,0.707883340826457,5.55675330672495,4.60779561417352,5.85206277928419,5.66938344732092,5.15932447976455
"1607","RP11-989E6.13",1.28413492091203,0.695452441296583,0.896532486984603,2.01318976921177,2.30150995703739,-0.183055735430781,-0.283966498720128,-0.760296300104274,-2.28353207341682,-0.732991270350325
"1608","RP11-98L5.5",2.17878282072425,2.01964628353237,1.70741634212271,1.46294803510674,2.05765943015235,-3.02782667048722,-2.38263703610728,-5.11837980564277,-5.37326948825696,-6.21690319683074
"1609","RP13-93L13.2",-0.840785593431129,-1.82353410484098,-0.054952630079752,-0.95122953812075,-1.28132806748301,0.506559717210508,1.54508245353134,2.07671475241466,1.79735272961179,1.27041742777279
"1610","RP4-576H24.2",-5.51361216002677,-5.84312502698991,-2.27799477969086,-1.83369844823479,-1.28132806748301,0.483499573406823,0.738892577520894,1.38872514613779,1.12744954551013,0.927969787412202
"1611","RP4-802A10.1",7.68106794302505,6.83542454843407,8.9061204409046,6.51631074712088,6.19253593045252,4.6473644303292,5.91439601786852,5.58839739760147,4.76139005177619,5.70864767823249
"1612","RP5-1009E24.9",-5.50419501942522,0.365337647136694,-5.58730362167431,-4.20960489090342,2.27278310374742,2.56651282662147,1.82835163971058,2.74110088319394,1.93183478341116,2.22098739876187
"1613","RPL21",6.76434769848039,7.85022112103781,6.57107755763911,8.12075770060386,9.67643145654627,4.18020012540256,3.66495460903909,4.08278347896847,4.08974872774053,4.56149502465737
"1614","RPS10",-0.183468560118275,0.951047523231267,1.14562883096822,1.96852839161335,-1.26145876299976,6.48561605617584,6.92885888573722,5.95757565373109,4.8694890051625,5.38916220497639
"1615","RPS6KA6",3.27987476529029,3.88666307208769,3.43198224341783,3.25091574507727,5.4769439639616,-1.87231050847121,-0.933004523690965,1.27733895276154,-1.19172495820474,0.675078442949526
"1616","RRN3P2",-0.0157166514266951,1.62283133430978,1.92069614968046,1.11102351644298,2.58084550590007,3.05686409331565,3.86877376408954,4.26522914066184,3.49242439143643,3.6204674513237
"1617","RSAD2",0.654005477419666,2.3721655661404,-0.483897416510892,2.03410897150688,3.48552882761172,5.46057447635594,6.91897515824014,8.90047928638161,8.26994384671725,7.32655602106185
"1618","RTN4RL1",4.32927658212103,4.2503835374144,3.86355418952905,4.16568901949942,4.00633989168812,-5.72594993147999,0.119353948213117,-0.375693596867489,-0.124387419078021,1.0462342049864
"1619","RUBCNL",1.61818038163885,2.34602927184863,2.2323760160824,1.20380783554821,0.335625880396051,5.52728687199692,5.81306316606401,5.37531156075156,5.684338078891,6.22830087287831
"1620","RUFY4",-5.51361216002677,-3.50574478518168,-1.05608331891819,-4.20960489090342,-1.28132806748301,2.8669206100274,3.4493939067507,3.14288087728063,3.40198137417994,3.14205780995866
"1621","RXRG",1.04738264651598,1.92566379878418,0.652515751848889,0.604539121193273,1.23546883781224,-0.549427124851775,-0.845213086270533,-0.0795967843077215,-1.0249111850658,-1.69191207920994
"1622","S100A7A",-5.51361216002677,-1.36671419914633,-0.916843510912455,-2.56542564249699,-1.28132806748301,6.33760570325342,3.52354636438534,5.33550855251904,4.0755969200695,7.22812253754683
"1623","S1PR4",-0.292413666781297,1.40027476647576,1.15565969667823,0.629147388836035,0.760152876780662,5.21330518159888,5.30870478191341,6.27683542681003,6.0392765577383,5.02386380783776
"1624","SALL2",3.19483297056791,3.18304656797296,3.25793717750214,2.86628075029444,3.59636133861121,0.933392473100801,2.41079237721736,0.481000717858397,0.303363189638972,1.0212495270363
"1625","SAMD3",1.57688592593405,1.44491611011087,3.01013119996608,2.99435826010098,-0.604836450776572,4.82316309821164,5.74692093544656,5.52794370719727,6.23358713194793,4.97360789170093
"1626","SAMD9",5.14623684240446,5.6015849537955,5.51044769665224,5.22264226892175,4.85734430543154,7.86511906804302,7.85572224514874,8.8950629549834,8.62957132983868,8.34132662079145
"1627","SAMD9L",3.85792614358461,5.1251356244225,4.70024886731437,5.1154064854643,5.00470572223723,7.57751014728358,8.41652389122722,9.62170803277256,8.93237839683143,8.81974941817194
"1628","SAMHD1",0.140759749349638,2.05076344128787,0.654585240778127,-0.424427268777744,-1.28132806748301,3.06196047352706,4.28864390563764,4.76193478454214,3.87502600432281,4.57358619267174
"1629","SAMSN1",1.13873706028223,3.01855168362033,2.48129434229693,3.94005604198528,-1.28132806748301,7.24065753742811,7.4199930220729,8.26654292190023,8.05178154680801,7.55717302897047
"1630","SAPCD1",4.10398273839213,5.12173768684487,4.78344239362331,4.5755224130755,3.23312993807461,-0.632970171480769,-0.159805849609424,0.728102851974556,1.23875257807189,0.115940827127702
"1631","SAR1A",1.62372609161901,1.89156176221197,2.01342055579445,0.674323093041374,1.98350993122691,5.0294955158474,5.05617008047842,4.23267619970129,5.01289665985149,2.69674620729964
"1632","SASH3",-5.51361216002677,-4.39983184995115,-5.05860044121085,0.791252518456761,-1.28132806748301,4.64520717775506,4.38862430711541,4.13908461034848,5.9759446482282,4.41069923415371
"1633","SAT1",7.7349685383234,7.17031765146898,7.31131808549196,7.47899742284274,4.54179084635083,9.31923722965425,9.84918979406256,10.4001946010517,10.3872607646646,9.97873471388676
"1634","SBNO2",6.27030853457194,6.15863647586718,6.50367067950674,5.88001678340263,5.21015291270714,8.25115172158082,8.139849361466,8.45099026677668,8.40644444993631,7.97480834149326
"1635","SBSN",10.6500658252509,9.85872300285864,10.2895348584478,9.58785693578782,9.96861956163606,8.09292690909543,5.48084727385454,5.22465703113237,6.18024094622179,8.6378031567057
"1636","SCARA5",6.53012402238874,7.89476863020567,6.28434449347504,8.62780276665715,9.7405875951428,4.39752285736,5.17999717416626,4.35203129480399,3.93328953340236,4.71146323225813
"1637","SCARF1",-1.53190475487535,0.092937088498776,0.730740250317766,-1.10121876829041,2.36946899046083,4.04972972671984,5.2150077577038,4.60060378562099,3.73343278857091,2.86777351354349
"1638","SCD",10.5413164866383,12.601557992178,8.85868594642056,11.9233770900921,10.4930355465676,7.46282258369527,6.98878913876311,7.15996816157304,7.64725456202962,8.57055110081788
"1639","SCEL",10.7780118371973,10.6780261190064,10.2293166423355,10.3783116109678,9.22760442776359,6.84926386323636,3.31456297050613,5.11988146280179,4.2832014875538,6.31100153480948
"1640","SCG5",-2.33896389037553,-1.9303167442221,-3.24347429530268,-4.20960489090342,-1.28132806748301,0.445826761887089,2.4724913298889,3.9008998595892,2.25950267159315,1.13601568468902
"1641","SCGB1D2",6.38030282652018,4.07297120734412,5.41166774614322,4.22714635194766,5.7012151902771,1.89218524886922,0.835348712994796,-0.0098369543038769,-5.37326948825696,-0.331905304485334
"1642","SCGB2A2",9.27685846122951,7.73703879932051,8.1799061812569,8.01023452986635,6.44174680036914,5.285539582707,2.52925201076372,2.61660223372838,3.17454058396597,3.00349689422713
"1643","SCIMP",1.82368035949116,2.38500816505485,2.63502131625234,2.39858248121595,-0.0151926602893399,5.20153882379033,5.51824347124635,5.35205543270785,5.42218976489236,5.68084321800564
"1644","SCIN",3.79644694487959,3.45982064486778,4.6416228902613,3.90750046967804,5.45410611869513,1.89691221903876,2.25622698042764,1.75221420050852,1.86964620046028,1.82854249250073
"1645","SCML4",1.62009113335606,0.704747268457048,3.20645200780377,1.36076328344752,0.625535765895774,5.19382007725434,5.78288356516045,5.53249599128646,5.43021357553579,4.62204549840032
"1646","SCN1B",1.94368287268822,3.25006045379905,2.72158833804783,4.01114237778085,1.76955139677351,5.05595597734726,5.21154537188137,5.32182896802219,4.98030640449235,4.49711094489304
"1647","SCN7A",4.5120104810877,4.04080927063372,4.91738673939847,4.39306850367123,3.94402948138111,-1.72545490228904,-5.05204824311058,0.644951220678141,0.54459363104146,1.72430740024084
"1648","SCNN1B",3.92788204566173,3.34014880773989,3.16903502284035,3.14395582940828,1.44860518857899,0.605358536203513,0.267106947838453,-0.671546246279472,-0.396769623739387,-0.418521532708033
"1649","SDC3",5.72269332213272,5.73980183096071,5.78421669818554,5.6114966681734,4.79993455959778,8.37374267801824,8.28490459398527,8.49180219806748,8.6653937047313,8.89083491397514
"1650","SDS",-1.74871864886616,-2.52666020281104,-0.21995647327358,-1.29277484590472,-1.28132806748301,0.752548074789432,2.05098251914259,0.49544973435811,2.68056882983664,1.71155445968316
"1651","SECTM1",0.862338908115843,0.945089998570707,1.40030908469467,1.10405927330373,2.42923798422747,4.72778406533967,5.00266623966838,5.41322776265811,5.21458120825688,5.05617391085116
"1652","SEL1L3",3.79018443701391,4.01519155893762,4.07310679984075,3.91910520192592,3.63969124022092,7.49615500431619,7.05680449365757,7.57205719055072,7.58227680306691,7.20158017878517
"1653","SELE",2.39770968326353,1.19816694524103,1.55448667079126,1.34189733971177,3.21583251725602,3.73564393058168,5.09636858414031,5.37434988584129,4.87914775207603,6.18686756572655
"1654","SELENBP1",5.52962640068232,6.26931929618938,6.63989676021026,6.55790759980899,5.55560196934826,3.40638032240641,3.96117243546997,3.82571797100974,3.93544036163585,3.65326645051384
"1655","SELL",-1.59396258586203,0.522429250822257,0.434531442329232,-0.825191183327612,1.39713559895888,3.9388602333235,4.66522562375868,5.00234793949865,5.36410358871726,3.3930108953027
"1656","SELPLG",2.35948106968612,3.92191021504412,1.85945133019671,4.02092427331484,3.6399165222544,7.06634496916968,7.27961778876496,7.30053424510973,7.76365711002506,7.28325414001798
"1657","SEMA3A",2.01371988081102,3.75075595492081,3.39235493532029,3.37367770969498,4.04586533777623,2.03802122328712,0.834031755212845,-1.02771439346699,-0.723215694982869,0.30369640527985
"1658","SEMA3B",2.28532424185922,4.07159738711413,4.68651807670529,5.40483488777345,3.68572477830043,1.45767659135263,0.681625521969328,0.526334441541408,-0.255118438776565,-0.429328631741184
"1659","SEMA3D",4.62640210609798,5.39202248500333,5.54249207115501,5.60027335697218,5.63638198366954,3.51106984383499,3.91396512751049,2.60488721893655,2.76119584029383,1.66368455934048
"1660","SEMA3G",3.7223773535699,4.55650416243943,5.11416581805271,3.98476624891557,3.72558292003503,0.698238762950409,1.72859006565378,2.0216875715343,1.05428341052416,0.792014924638652
"1661","SEMA4A",5.42886510963945,5.27683690316797,5.01792388001993,5.09729174366705,5.31810039853862,7.26092559149955,6.66129031174606,7.58339307322243,7.47925411455045,7.27803860241152
"1662","SEMA4G",4.22144638130908,4.33072459100539,4.02313231617615,3.65660252378803,4.70783348410878,2.03745122270297,1.01133417108311,2.20366270484883,1.61580520863058,1.86049654332067
"1663","SEMA5A",4.90552581511313,4.03619734773443,4.93492767645601,4.6335292418681,3.30949957440247,3.15425864086842,2.90122343521188,-4.48276259229213,-5.30734148228169,0.918414984021622
"1664","SEPT1",1.51590818003624,2.14951227326466,2.13196701403257,2.25247320408653,3.22428837875252,5.26802039023255,5.79109848106095,6.29767685752676,6.24985062735382,5.58916983005546
"1665","SEPT5",6.98165740335132,6.69594478041923,6.85442883693593,6.61901775846761,7.53675616850947,5.24120150883254,4.64876646352517,2.64566302394235,3.45294644981704,3.47027399583695
"1666","SEPT6",3.03528274339292,2.5888901366733,3.07043227864944,3.13241163412992,2.6339467272789,5.35882638370119,5.66673229014621,5.36037683733315,6.15179782742493,5.64845770252824
"1667","SERHL2",5.83310431652403,2.88202639878702,3.30063004790345,2.28022889875942,2.38941484546235,0.175499970771336,1.39017418527705,1.18872204986101,1.17716486016134,-0.526475721533818
"1668","SERPINA1",2.74053297268765,3.12424000586379,2.10904777764687,0.801060148664289,1.48721771899383,7.79754877199593,7.93540342802414,8.16915202580298,8.34894138935183,8.83779757249984
"1669","SERPINA12",8.66479304087477,8.41081883365958,8.40921209714866,8.68078533506835,7.00201073994903,5.57556152191087,-5.05205299086839,3.24262787486107,3.6386008207084,3.23493002571857
"1670","SERPINB1",3.16512167126111,3.03313170176635,2.48305884568626,3.86767737372445,3.71543325180069,6.4737943217652,6.33088315241434,5.9805160024925,6.49676443383175,6.49633085282629
"1671","SERPINB3",5.82433058635204,6.44615437182698,2.13365154708715,2.89062670526538,4.11037013474786,9.98887460312984,6.70040644331994,7.38173147687075,7.4643620175233,8.9342991949221
"1672","SERPINB4",-5.51361216002677,-3.08514466843009,-1.73543193905129,-2.66144469261422,-1.28132806748301,5.55405217939341,3.67658570700296,2.6744662980259,2.58621481653763,2.30372045497221
"1673","SERPINB7",9.02142403577405,8.33861868120924,8.38144334751582,8.43073751751225,6.9576247491631,7.27908021540685,3.32804710257472,4.21505162317297,4.20266722969996,5.68993867544181
"1674","SERPINB9",3.61702456223671,3.64732747509122,3.75460921334949,2.80919618799942,-1.28121665287157,5.72120917201346,6.41579077251226,7.82353526397517,7.47449881755191,7.11579045069191
"1675","SERPINE1",2.14341417335487,4.20492970345423,1.51795980800636,2.15599169766863,1.53067788026898,8.06053309850721,7.68735664875325,7.43208524698889,6.00229275689321,7.28801504406673
"1676","SERPINE2",1.86767743007092,1.8469087442284,2.44587091711592,1.23408482478186,2.81444214694038,5.24399440839808,5.28529684139681,5.42825933335786,4.77961838200297,3.98041573977624
"1677","SERPING1",1.33761928739217,2.9924752673023,2.84615274534054,1.44533221276196,6.54903702165503,4.69359304249785,4.78716392572796,6.59955523060993,6.18225652393429,6.27151510749808
"1678","SFMBT2",3.16881856643139,2.53924113336789,3.78896618739401,3.37391631698155,-1.28132806748301,6.05797254228909,6.44388631792553,6.95671425782066,6.56359355904832,7.10945907884187
"1679","SFRP5",0.983035928879882,1.16711381778468,1.07671368995798,0.610014206260752,1.29541247082034,-5.72599267913226,-2.76130730911023,-1.42952593022459,-1.01661076993663,-1.41946322556896
"1680","SGCG",1.41426758184418,3.02240329201926,2.88159561284443,3.55685647710436,3.33729356177348,-5.72599267913226,-3.96549729095291,-5.11837980564277,-5.37326948825696,-6.21690319683074
"1681","SGPP2",7.53123821764996,6.90490101588814,6.86716531410863,7.08041424094309,6.79950774814652,6.42896632564642,4.05774399988338,4.57518128444212,4.4874295241139,5.40756949782283
"1682","SH2B2",-2.22355642494582,-0.17050002234564,-1.64416640686051,0.129509174189898,0.670103837074587,0.916017438401701,1.84046070953984,1.64276922757732,1.24152582160937,0.856089441062852
"1683","SH2B3",4.42744702799552,5.07816152076224,4.81007407023824,5.07505205629336,2.93187104791172,6.85477141143957,7.41689256375466,7.26062210021517,7.38744207689161,7.3204943364446
"1684","SH2D1A",-2.41533415958767,-2.34905413398532,-3.12431240336076,-1.04267766251504,0.430929018038628,2.01662192912267,2.07926349957566,3.01469604789189,3.8586777789598,2.28656724284399
"1685","SH2D1B",-0.0098490779274005,-5.84312502698991,-0.931747407486442,-0.864458497612184,-1.28132806748301,1.77663708585877,3.15698972598704,3.1785769553108,4.370495052958,2.72354009992179
"1686","SH2D2A",-1.62889623442679,-1.86269323206182,-5.58732452148392,-2.5649630153035,-1.28132806748301,3.00716964910547,3.53372295104328,3.49076750937278,3.60161794615608,3.25543489245062
"1687","SH2D4A",5.53905391693991,4.52398251999841,4.90361992121339,4.62394741918594,3.69413246152039,3.40379206927766,2.88272576975727,1.77612241508763,2.33324415634672,3.29019975274017
"1688","SH2D5",-0.990587517681831,-2.3002758269421,-5.58731324426253,-4.20960489090342,-1.28132806748301,2.60610248665209,1.80629228926975,1.42634541678783,0.530588426499193,1.07738338405437
"1689","SH3BGR",1.88890763001717,0.851353210260424,1.27997952231153,1.43622542670539,2.09397638141219,-2.98358180419859,-0.407274108009896,-1.06200676541652,0.207041810624832,-1.11587505909702
"1690","SH3D19",7.14782176011334,7.62589709477823,7.77388863641864,7.94675585663277,5.69766083303401,4.52177945099825,5.20881061882505,4.39273128535126,4.08752467582414,5.51176031657603
"1691","SH3KBP1",3.20507712638928,3.53602646166212,2.02372337153095,3.59303150864805,-1.28132799087551,5.2766822749019,4.76528793276944,5.62847367322981,5.95925811286163,4.98611513650697
"1692","SH3RF2",6.96588998314237,6.9597149741849,6.88552376986874,6.53431519702627,5.70376671445808,6.16402243410823,2.00374919328665,3.13113053235372,3.67184105070694,4.83607904598573
"1693","SH3TC1",2.32894740896939,3.0814825523201,3.19067635509623,2.93212858797703,5.46400751030259,4.8539335878211,5.36725670165784,6.04539988860384,5.25154994052559,5.25649031844943
"1694","SHROOM3",6.0180581073555,5.78765196807215,6.75316160179945,4.43990387912709,4.53969404145373,3.48304985115025,2.67859379635153,3.44935487592502,2.46326268192038,3.36910625540618
"1695","SIDT1",0.523300166638935,-0.566175787471054,1.25486755815054,0.100533879557323,1.94243543646386,1.80549431637279,3.14697874060677,3.82462985566701,2.91435731706156,2.13017876555411
"1696","SIGLEC1",-0.176287576765529,2.03756838921046,1.97552595162583,3.93060118139248,4.13404406297757,4.22080421605252,5.22365242614164,5.52203043852019,6.15016783319309,5.58280214627204
"1697","SIGLEC10",2.70919998686178,1.09057600864866,2.02393786595663,1.87229219545964,1.84125975037412,5.86645975739879,7.19836982334522,7.04911543819631,7.24381726365829,7.38352134807178
"1698","SIGLEC14",1.65530141370197,2.51861359801151,3.15494665163204,2.10627928395723,3.02426182895528,5.90208272883433,5.14164499615551,6.76381016962198,5.70827094323229,6.29114395012556
"1699","SIGLEC22P",-2.68811016526118,-0.305132555540863,-1.49432125854914,-1.3444927751499,0.127547043962228,1.65313737848126,-0.0143287701955386,1.91344885534783,1.71099067341782,1.8876056600299
"1700","SIGLEC7",-5.51361216002677,-0.439973368740572,-2.66445141687661,-0.705025100845086,-1.28132806748301,3.38596699243964,3.21695629038114,2.09020048604435,3.26052355816193,3.26031819713717
"1701","SIGLEC8",-3.03801402960558,-2.06474547632829,-1.47824619855828,1.32490162969767,-1.28132806748301,3.73914695233363,1.79996304155476,1.14901283258653,3.33598814935514,1.71758773600864
"1702","SIGLEC9",-3.73131689111053,0.00285281775074077,-0.38139128984378,-4.20960489090342,-1.28132806748301,4.1795242736382,3.41519039612597,4.79815161891737,3.9315160784529,4.17750688014105
"1703","SIRPA",3.32222587409403,1.19143395330575,-1.00866982269341,-4.20788370287753,0.413455647597508,6.06953427504581,4.63364429001523,5.30624584812948,3.4468287284273,5.6716024183196
"1704","SIRPB1",1.33170619829629,0.863596213119664,0.996982642696372,-2.33000426622177,3.39019562069038,4.35695540180716,3.84609134715744,4.84003163596044,5.30843010564456,4.6103605704938
"1705","SIRPB2",0.327048482217126,1.68274772351462,1.4048976014122,1.85618235628257,1.71812561507053,3.41063065776685,4.67766886601151,5.03704343169166,5.38841704693722,4.80570008706935
"1706","SIRPD",-5.51361216002677,-2.26317779052256,-2.99227900607669,-1.56324583211382,-1.28132806748301,1.23849275217905,0.846350943149976,0.682744769048605,1.45372086540206,0.866511754188163
"1707","SIRPG",-3.55082652417076,-1.56734134225667,-2.71253530230163,1.46708036255328,-1.28132806748301,2.95739319850798,2.93195055535437,4.30889607359239,4.06873543329698,3.4610976555415
"1708","SKAP1",-0.0929427256058137,1.16800450928363,-0.167724982313662,0.529867498984439,1.75458505032035,2.14275717290031,3.08831291929026,4.0487537181771,4.01273892536476,3.4432228669817
"1709","SLA",3.86171612339987,4.21908860406446,4.70083885507002,4.64946091945644,5.07008630962385,8.25597837234268,8.29785468638982,8.84962051117135,8.82882819990435,8.14636298074907
"1710","SLA2",-5.51361216002677,-5.84312502698991,-1.41907980753641,0.650564010856754,-1.2813280220185,5.38035428097949,3.96560598962104,5.37048288560267,6.26530838106989,5.25187723835436
"1711","SLAMF1",-5.51361216002677,-0.248878493326935,-1.55039150333365,-2.17355928762934,-1.28132806748301,2.37794787128706,2.22165232055227,3.10667795000289,3.07320584185905,2.66611475608204
"1712","SLAMF6",-2.90453201302815,-0.108236515458898,-0.461778186955814,1.34168516114231,0.864611050082943,5.25262957103339,5.61304273238881,6.23506153150114,6.15534989379929,5.81278016264055
"1713","SLAMF7",1.91831401824301,2.2463685709054,2.55513897949933,2.16965602036146,-0.505632623160929,7.01113263316901,7.97392362200603,8.34736187392132,8.59283152706745,8.40756796665373
"1714","SLAMF8",-0.577691127666684,1.00153007896154,-1.96662434134758,-0.777432476931305,0.263008946144778,6.1116358412427,5.38531628000822,5.69293649188205,6.49284245241261,6.0799539384354
"1715","SLC11A1",0.743162105288884,2.42560657428823,1.4057456522531,2.80586625312027,3.44683206065135,5.59274402417635,6.61552769986052,7.39016187892706,6.71775686298464,6.5497883844284
"1716","SLC12A2",10.6108540811639,9.0740129475807,9.91616504909559,8.71165336051,8.94467979490294,7.29530183940949,6.46910556547896,6.39210640894438,6.38478949209015,6.3630596603669
"1717","SLC15A3",2.30088923417554,4.06545059911571,3.53670164197405,4.0236794841551,3.028086737311,7.29026354592173,6.96933848992475,7.59468314271057,7.51471939628114,7.47043017957209
"1718","SLC16A10",6.6489959387818,7.40341115029347,6.4477933036716,7.43129937898029,5.80337070563124,4.28519401870293,4.9765707710005,3.79423370966508,3.57856096493271,4.26968600076827
"1719","SLC16A3",-1.06062613835633,3.13976504108048,1.13224418309918,3.79618350657482,3.72443220881759,6.71574588564522,7.13564496120363,7.44879502354646,7.05402804167125,7.1464631319794
"1720","SLC17A9",-1.56745049830687,-0.236057728734515,0.896643159632362,1.2409433573896,0.994988712682961,3.14967453825673,3.25673659724069,3.29695283378504,1.94909595863249,2.4299755124777
"1721","SLC1A3",4.17358268069057,3.03867937607381,3.85046435705781,3.78858447061668,5.91477022673056,6.78210151986532,5.88020485726141,6.55017450362686,5.90060747475296,6.1610912248577
"1722","SLC1A6",4.70115615559052,3.71977678201119,4.36188883241668,3.82086507562006,5.91427897698083,2.8477279457815,1.70390489301524,2.15235242775893,1.85529116780646,2.47586758704422
"1723","SLC20A1",4.61334841796756,4.51494969113511,3.96638654514463,4.47252951454411,4.10474663587575,6.6163052442773,6.7936145709582,7.30003439101819,6.84169784142646,7.27901030130828
"1724","SLC22A5",4.03502102525018,3.59029415659367,4.85626326946511,4.33832509884963,3.56828481834371,0.589986166761339,2.27429077804874,2.17565645159307,1.12799426084007,2.9270896594652
"1725","SLC25A19",2.30470850415965,2.60072205522202,1.66170785886155,3.44130512738594,3.22621818871588,4.568425056164,4.9417955654465,5.71974568704703,4.92807526829737,5.4755920119853
"1726","SLC25A27",1.99593585994651,1.81612825988759,2.54095403377415,2.1843531759249,2.5397313426994,0.266933291051409,0.341996761473814,-0.613341558679377,-0.74937437554415,-0.536473996301112
"1727","SLC27A2",2.42380336205153,0.746596813885793,1.76232334636368,1.433952521378,2.03841315660476,3.54190817092317,4.16666556133233,5.68082397509413,5.83393176921798,4.64036797813166
"1728","SLC29A3",0.707404793343034,0.69140029740612,0.478731208627234,1.98601688926331,-1.28132475861046,3.91636530025252,4.02305290342105,3.92505031330277,3.73828728275535,4.59595179594132
"1729","SLC29A4",1.39379015613257,4.07546704853058,3.67887793360548,4.55971011824262,2.73440618480828,2.37333043647933,-5.05179508324416,-2.00422854743424,-5.06526574680934,-6.21674269698917
"1730","SLC2A3",1.71843700899094,1.75218863843973,1.87862228222614,1.33743525995839,1.37818162785153,6.00001846491338,7.11854850377688,6.75852142667825,6.48985164935567,5.58434897344283
"1731","SLC2A5",1.51628987800848,1.76136946720955,0.50900925793536,2.10086194118387,1.64633346356693,5.93211428970348,4.29157454932547,5.60543293848721,4.89529616892066,4.55112778337705
"1732","SLC2A6",0.318546189151823,0.521334913241141,-0.0906966655111942,1.91464018929216,-1.28132806748301,3.52058689476323,4.98482494075028,5.14868126820847,4.86060316137446,5.10220744063766
"1733","SLC35D2",1.72271684902997,3.56400590901452,1.16989940957778,2.97116184620005,0.733059299119384,4.77725006731196,4.30841340945682,4.70889223170715,5.06178295881275,4.13576784499435
"1734","SLC39A14",-0.985706839470662,-0.745616817492893,0.144390512467054,-0.358843941400111,-1.27987759617442,2.03683653364446,2.50814839930242,2.75806623647435,2.02459051105626,1.16363212919856
"1735","SLC39A2",1.73145955048093,2.41893161995702,1.88252514515538,2.85458415398644,4.41677894801476,-0.0144776288274183,-2.3035289878626,-1.72484745722621,-2.05285716377233,-0.935894750554965
"1736","SLC39A8",3.36399934125357,2.18588623184263,2.30051788912399,2.10569586213975,2.99199093723454,4.9372116567702,5.37758024554358,6.71894658734149,6.06029297041938,5.02718682871896
"1737","SLC43A2",4.00155026842024,3.95211817410907,4.08176950405472,4.1573903654963,3.10428698602814,6.58214787323425,7.14612711383931,7.9330336155915,7.65303210359805,7.33401482855095
"1738","SLC45A2",2.46887406651632,2.04381559498782,0.443854136402879,1.92154530787785,3.55299941686384,0.0948129844162789,-2.20324944745297,-0.485969882083571,-5.37326948825696,-2.88304701615804
"1739","SLC46A3",1.35138604985584,3.04966741051554,2.31263707183199,2.46236832999504,0.695558101631452,4.72932831192418,3.84504769476762,4.04626108176414,5.05799489843537,4.28524248832646
"1740","SLC4A1",2.76460108437837,2.016713300832,2.19315673979445,2.80156418942711,1.07821814064223,-1.6246549103224,-0.869076473571632,0.686239138685458,-0.567589534857647,0.867685761757046
"1741","SLC4A8",0.00501303953328648,1.63076643682449,3.5124168299574,1.96956578217638,1.655762496951,3.43689862571886,4.20746729337223,4.41396899247631,5.17253770888177,3.82980091543755
"1742","SLC5A9",2.62278166783925,1.51639603895921,2.23582035221743,1.69284802715668,2.86671706461494,0.167592628281669,1.12419915423242,-1.33935204159049,-1.69515935116493,-0.067077949416845
"1743","SLC6A17",4.57906633748949,3.89999771157407,3.35796927461653,3.91337961635036,-0.992963039835498,1.43725899168809,-0.707385481301384,0.827496355758563,-0.929556212098587,-3.46507617532861
"1744","SLC6A2",2.37018189850511,2.37039986890396,3.12242030900824,1.52773521405441,3.31899577119424,-2.82823108801812,-3.51901894554727,-1.41325421706527,-4.74844501088502,-0.350962980067916
"1745","SLC6A9",5.93181623387517,5.77017486452171,5.30648156185736,5.49343219462117,5.61178433969285,3.14125523827073,1.64942463708728,1.40845393320399,1.57149239780768,1.74283615722622
"1746","SLC7A7",1.88247206546167,3.37698877987609,2.39465347082139,2.86960158081567,4.42590553412922,6.67624480822176,6.3820632179169,7.03938431223048,6.86544869290552,7.27690715731844
"1747","SLC8A1",5.90892823692733,5.98721480694576,4.97799483596963,6.2745723200401,5.20619569456433,7.05745074547198,7.72219490689017,8.26392767551158,8.40462962845667,8.4330359841663
"1748","SLC9A2",3.21490365226021,3.07158762921359,2.62371338806132,2.32383498499605,2.82350190633923,-5.72599267913226,-2.30102604525868,-5.11837980564277,-5.37326948825696,-0.667338101115674
"1749","SLC9A4",2.57941992101524,2.71089266695105,2.64245601719288,2.14129599563705,1.1260810712593,0.733478583233875,-0.222569729551861,0.258383554923527,0.219454606335465,0.691238437362491
"1750","SLC9A7P1",-0.73835508757743,0.587736611937394,0.527000557095814,-1.83369769911521,0.12754592590882,2.44306704923505,2.27903078323068,1.9671966020665,1.40977763691691,2.5195338767283
"1751","SLC9C1",2.4475219353275,2.05166013502129,3.88102146457121,1.69226555892244,-1.04065207055169,-2.34467003488861,0.0618308266215199,-3.96308480952645,-0.588477393022306,0.37364653599106
"1752","SLCO2B1",1.64673456271372,2.42959796391355,3.79906746780418,4.01615431082167,3.69864582255065,6.7441681271547,6.91387768262958,5.15558103952268,6.00741118123811,6.3258129517397
"1753","SLCO5A1",-2.75725134927697,-1.37345922537773,-0.417782346711942,-1.3430478196058,1.72282843131853,1.13787476550013,2.04792561349099,2.03691780916502,1.85479586462595,1.68453510835936
"1754","SLFN11",2.05115466437795,4.0142499291476,2.85759663234886,4.28865787123688,2.5263944271143,5.88836196147645,5.90113941650432,5.82387653414958,6.06218916748456,5.68787263777658
"1755","SLFN13",2.98637520180071,3.12077945331034,3.39832314115259,3.33501873816901,1.55151292317002,4.98517493321707,5.58460008373693,5.88062517044847,5.48572533747658,5.28149293127647
"1756","SLFN5",2.71735958450637,3.09652438944182,2.63968916855949,3.08571105667527,4.14361500777323,5.560477748269,5.40474228667632,6.78371086408418,6.13142164349792,5.36033679563212
"1757","SLIT3",7.79137281230664,9.0357413837703,8.42291550756508,9.00764750627362,9.21274226627381,6.66650417954487,7.61582265412422,4.82713576146196,5.77518875698085,5.94597303428193
"1758","SMAP2",4.67098890807937,5.22929567286527,4.58977446827247,4.27419671168579,4.38588601664345,7.1741264042801,6.61099174179978,6.95833928424261,6.88967828036465,7.29092000288035
"1759","SMCO4",0.709067585635617,0.590051195985339,-0.796265791875344,0.131623043386767,1.38313548683006,2.11319666414867,2.03692019340613,2.97570516946995,2.92301787402916,2.42576411847858
"1760","SMIM10L2A",3.59206866584344,3.17843904934221,3.4779277307517,3.20100777714105,3.40961717862991,-0.594973944033556,1.01800852267799,0.869082303259234,1.00671005915667,-2.90993211524827
"1761","SNAI3",-3.26455967031715,-2.08904435359152,-5.58732452148392,-4.20960489090342,-0.701202658072693,3.23210951312053,3.17343302973643,2.72134775771194,2.83178364357169,2.64679142127143
"1762","SNCA",5.24741679963788,4.7594978825563,4.40213897928818,5.29515544009712,3.89087317640182,3.53141717698694,2.65583741635276,1.44640505586349,2.40700131474001,3.2724684919866
"1763","SNCG",2.14060600935565,4.20070030769354,2.91695021366873,4.4089690903436,4.50470614214688,0.751412728055269,1.35574479168745,-0.161849560488347,0.052855883036438,-1.34727333655408
"1764","SNRPD3",5.17454577852264,5.10058635606076,5.143412354264,4.37482859260447,5.20438321740978,1.28174693070127,1.94200517799422,1.71340611895532,1.77825349509618,1.8098958266387
"1765","SNX10",2.29248438156299,4.80523110821853,4.95303225902627,3.81049455715666,2.62572962617621,7.8507051153134,8.20851996278411,9.69411017060351,9.20764176943839,9.50267786111497
"1766","SNX18P3",0.865239405230246,0.921648735022735,1.71704801974683,0.809636172061997,1.64868862010084,-1.88961339788582,-2.27813475792053,-2.32177502331631,-1.70737747200404,-1.49451677501051
"1767","SOAT1",3.52888368198905,2.64611248608375,1.77612013849474,1.75460812898461,-1.28132806748301,5.06008038811388,5.14485512253235,5.59954346724652,5.35004618252271,5.5361353582413
"1768","SOCS1",-2.10583453334776,0.669788780352703,-5.58732452148392,-0.170844364278364,1.8736518419323,3.23269393589893,3.72025631304086,4.97575676464569,4.82455430467255,4.21816017838013
"1769","SOCS3",1.34421782474563,3.19816545746878,-5.58731003694493,2.43446940552375,4.41307905839255,6.35247193042345,6.88572284514555,7.15082337456765,6.75587961373019,6.05118612805235
"1770","SOD2",6.94174298981829,6.87327372142604,7.52084997677885,6.98250010092676,7.72423394767286,11.4565238588568,11.6104775976771,12.0908608512425,12.2069014587084,11.6001277818977
"1771","SORBS1",5.06813567922937,5.87283986752718,6.84758293813138,6.54718329255451,5.02394670755329,2.36170874182677,3.62265725818106,0.882794276899375,1.40076745494553,0.179604732252185
"1772","SORBS2",4.32088226598737,3.93649087086457,4.62286341018072,4.15154249420267,2.45402983755657,2.40723798323736,3.61389327866426,1.47017051298482,1.69886746227184,1.37994953973803
"1773","SOSTDC1",5.90847127085105,5.53920694543803,5.84791861189547,5.34199957219624,4.75412065780189,2.13853117353811,-1.22161355090456,0.20293706444616,0.229938419024947,1.3984879468257
"1774","SOWAHB",3.93586963041947,3.89092832276902,3.4656738098912,3.30839877339163,2.16913185035942,2.65387221590049,0.119387554385975,0.70218015966917,1.24785013605079,1.4343682672089
"1775","SOWAHD",-1.14951778936284,-1.03543784531554,-1.18940011594205,-1.47051637153391,1.29541190986415,3.7033976483922,3.47130036213902,3.42119736443086,3.62057579267851,3.16327639664079
"1776","SOX10",4.08364725129335,3.27170685324651,3.12170465497322,3.05762634916796,2.9444128239141,0.923890199369102,-1.63285976807577,-2.78967216031913,-2.4262229173906,-2.85479487787177
"1777","SOX13",3.4758971494457,3.64451857727645,3.16551882191267,3.62119546258632,3.85488046747475,0.00578017394796173,1.63832936916425,2.26445079018877,1.11586963503602,2.26838213808215
"1778","SOX21",5.66802770454283,5.88513357090887,4.96255428370896,5.71080022107916,4.51633058709283,3.25103687584581,-3.49302802813141,-0.60681495204957,-0.885525238206621,2.40835465537635
"1779","SOX6",4.57874180993322,3.45017040788096,5.16858998692395,4.26736641175316,2.74322202885128,1.24862535665972,2.70928651669904,1.64736235898084,2.31702743050361,1.52868355471286
"1780","SOX8",3.87110394478943,2.40686019248868,2.4151594483721,2.16255153643342,2.68552535832496,0.341625648248589,0.723708157587613,0.219528011855113,-0.596368493481154,-0.468134245762012
"1781","SOX9",6.38955595697739,5.37758812605065,5.69274134874398,5.0348663955602,5.07815239611594,2.43588752072954,1.74795089808252,1.17301065095249,0.520626442585938,3.56370715294473
"1782","SP110",3.36105395391264,3.56805842269438,2.93671038919757,2.771221716713,2.4623645237081,5.28851204448066,6.16855371318539,5.47548277864944,5.9910383558529,5.7565334848524
"1783","SP140",2.10788135239891,1.67033456976433,2.2103612953006,2.11797755054977,1.99312567913527,4.74329294788591,5.67045495421494,5.98259710884718,5.78009123555264,5.47895847518452
"1784","SP140L",1.98290399610602,2.092349344947,3.25560949714553,1.83086762182462,2.83105471651048,4.34003401139326,5.16710660324744,5.27991941176939,5.36466010257791,5.2166078705244
"1785","SP8",2.85186193079872,3.7242473317569,3.23562596093741,1.22302597624341,0.763580290858048,-4.43360878943736,-3.37849416044311,-3.42655271497754,-4.53815181987204,-1.15161930823229
"1786","SPAG17",2.18010574035961,2.7893221352539,4.117794312494,2.47521974014082,0.699244847637377,1.84915587192142,-0.268076394871337,0.155796153885711,0.533199264117014,-0.137625810813709
"1787","SPAG4",-1.10208209709775,-1.81819760214632,-0.572575787582393,-1.31665258239895,-1.28132806748301,3.84831801710121,2.71054058893389,2.79122329371017,2.93206249074274,1.58560671260106
"1788","SPATA13",4.29383380520073,4.60980132901299,4.96232415972792,6.0245159092972,6.30348258205983,7.05738952004049,7.70076610524007,8.00853781862732,8.08296045112104,7.62461560472716
"1789","SPATA20P1",-5.51361216002677,-4.1881860797025,-5.58732452148392,-1.8336980333252,-1.28132806748301,1.4749484368729,1.75469834685522,1.098057445348,0.999101187494989,1.62796711522393
"1790","SPATA6",4.12380336327273,3.96954608646,3.97458381106217,3.81792770257072,3.71092278382941,2.46222118664367,2.11120977778684,1.6725405116896,1.92811227902715,1.26033076449933
"1791","SPDEF",3.52364099272347,2.31860183660923,2.91092463569858,0.931838243843903,2.54790188849074,0.73459651109973,-1.44756768607587,-5.11837980564277,-5.37326948825696,-2.47450239093115
"1792","SPECC1L-ADORA2A",2.02826769260433,1.23151370892438,1.96374287858625,2.47229439316809,-1.28132806748301,3.88121819803621,4.03587422569301,2.86864933165148,3.77990341709996,3.80115350813478
"1793","SPHK1",2.3977594982921,3.36031086157551,3.3026673032969,2.93952338444785,4.70649958523236,5.52348922003603,5.8805296960946,6.12337538702253,5.65840751365331,5.08381512017066
"1794","SPI1",2.42005230723384,3.27174926992765,2.54028084487729,1.79616950799327,-0.807475707097853,6.13237123718831,5.86524354777725,6.03209249926463,6.34903069528303,6.34304308676524
"1795","SPIB",-0.666865342682801,0.996849969633539,1.91285892511884,0.575790285419152,0.972160190236577,3.77140022825056,3.66957770797102,1.71033387046964,3.43753853665969,3.52064690202614
"1796","SPN",1.48676240943732,2.58227498347007,1.54644943030873,2.46794627427422,3.01255160795897,5.33991236095646,5.26830534858959,5.69540199917635,5.66979105354661,5.98604814686449
"1797","SPNS3",-2.02195208373897,-1.87411257028393,-0.312252547284269,-4.20960489090342,-1.28132806748301,1.18225441422543,-0.0220659294873781,1.86138897222541,1.49739826165601,0.644797737045712
"1798","SPOCD1",0.386527069053278,1.23882522754273,0.172177561087183,0.770050979666017,2.15061061279616,2.71590135031171,3.94149336083192,3.40110700169475,3.18853688108281,2.29956766294433
"1799","SPOCK2",2.09698351411929,3.84542246393729,1.95639325294276,4.19633752669326,2.77000075514616,8.12319597351621,7.73527613825483,8.70565951548042,8.50367831401458,7.71715414313091
"1800","SPP1",-0.184620713781344,6.58153354383716,1.93273564694223,1.93205344294049,3.22372008933961,8.63553001609348,8.79933030967657,5.92029099832572,6.99335983973421,8.82230753784436
"1801","SPRR2B",-5.51361216002677,-5.84312502698991,-5.58732452148392,-4.20960489090342,1.6486902207592,2.511398711102,2.01762037716137,2.5900679765948,3.71677092335573,3.96259263254957
"1802","SPRR2G",6.3193735104674,6.51118994609364,6.12434218169526,6.62608565106178,7.20353011194422,4.84614481637165,3.24786221067726,2.98273498563303,3.91788917519034,4.76277500452548
"1803","SPRR4",5.75960462831858,5.5770688551363,4.52838535560276,2.00638114638001,2.98232954720901,-2.98326365073359,-2.76131062096289,-5.11837980564277,-5.37326948825696,2.88517226719035
"1804","SPRY1",3.63463086298026,4.57264596518194,4.00632419840992,4.56512026407546,4.71313415194306,2.66892277713333,2.97983124770575,1.1249717325835,1.55138439731461,1.47298249776508
"1805","SPRY2",5.4444317748813,5.76421786821268,5.52460583268255,5.56987510710056,4.80426728121421,3.35445971180432,4.04660642392553,2.19488850715706,3.03222697668438,4.04873894119117
"1806","SPTBN2",8.97013843372548,8.51248569381392,7.7726730000045,7.9573387861524,9.71203534680961,6.74808347764718,3.86072423340715,3.83535496774529,4.18811445557579,5.20319239576024
"1807","SPTSSB",6.36517943034335,7.25910455181557,6.14865473483474,6.7900736464698,5.25609733743315,3.50964350886081,-0.107568395727249,1.88713636344785,1.00548002917607,4.80799361936266
"1808","SPX",3.03564515601454,3.74033571761741,2.89402606445956,5.24245385235109,3.14196425315916,-3.59938731814279,-0.844051397077625,-1.81052373903408,-2.61654230256459,-1.93003866899493
"1809","SQRDL",5.30364829430121,5.46521573307641,4.54341834029469,3.40708497840133,4.73641139362012,7.68205476303296,7.18748114265095,7.91679717511281,7.16205096590073,6.69063208909734
"1810","SRCIN1",3.95539634955872,2.74533320776057,3.43827302825401,3.03431455415661,2.77673787671102,2.31225723398821,0.1524146833582,0.272803165297412,0.336850831387819,0.601056122646567
"1811","SRGN",3.62805430459308,1.02268363663768,4.36195977848623,5.2851018145805,4.73935952949076,8.68847586192778,9.14172208109837,10.0808205073116,9.64721287753149,9.97563058454613
"1812","SSTR3",-3.16721068279545,-5.84312502698991,-5.58732452148392,-4.20960489090342,-1.28132806748301,1.50275414212389,0.849473454670645,2.51374110130288,1.85503439170574,1.00223504858388
"1813","ST3GAL2",2.22609013288289,3.55047187586042,1.16338517258186,3.27054772189971,0.980768859978498,5.52304976577796,5.64502417718457,5.30129331721108,5.17829836687944,5.10052305490306
"1814","ST6GAL1",4.65465432114926,5.18696935972134,4.94126612013021,4.95411023835849,4.04195361046043,7.54694350173122,7.41647193308321,7.59337262647262,7.60697040652741,7.03488317164681
"1815","ST6GALNAC2",3.31047709815142,3.69444301126151,3.00622168642068,3.96265516591937,3.37422828312081,2.13150347909701,1.38867952597539,0.805350879789899,0.720020363789478,1.50158444976013
"1816","ST6GALNAC4",2.30535593415128,2.27857046685272,1.29746615556371,2.44729955435286,3.74018723034,4.93314605608143,4.39040536090157,4.06063558418438,4.03678267073512,4.26537186118797
"1817","ST8SIA4",2.24530702401918,4.16095603550481,2.68905381078622,4.00139571073355,2.12919059551739,5.73701230496685,6.60627701269575,7.03281137492724,7.11628702861006,7.36290144919845
"1818","STAB1",4.02572649981868,6.25921054651033,5.58793545451819,6.23712176441397,6.71804061390248,8.54058256406078,8.9608181172322,8.34399045040645,8.22321540170271,8.17234959091864
"1819","STAC3",-0.100599161958053,0.614187195983086,1.25944137372407,0.768113593944361,1.84175054361356,3.13927858422919,3.14554267106708,3.05684520279636,3.52880855865902,4.00735290059297
"1820","STAP1",-5.51361216002677,-5.84312502698991,-1.47358642155698,-1.73613564847511,-1.28132806748301,2.15833277102253,1.51071468391596,2.20571718496342,2.67429736450306,0.33229336499387
"1821","STAR",3.12768185836713,2.90997496935463,2.84872341460817,0.967074754736622,1.58545826723628,-0.16278367015307,-0.624856705034939,-0.750795248489581,-5.3061902851686,0.00445090621979285
"1822","STARD3NL",4.11729132234477,4.26660861570997,3.80688963208108,4.54812329670024,0.30456070001497,5.8954870900448,5.77104783583064,6.38344837921503,6.38363041638804,6.01707963281096
"1823","STARD4",3.82025619151662,3.76453544051423,2.75546868091583,3.02688558933403,1.61044138266878,5.3190502498105,5.59025555674964,5.86363613236722,5.64255247287129,5.70131244019597
"1824","STAT1",5.64004899912943,6.88535874813336,5.57337690604024,5.91761523399629,4.62494083561076,10.6451629912314,10.0297796209473,11.0125425136956,10.8245944377722,10.7975758696306
"1825","STAT2",5.59243174760882,6.56048789375458,6.0405985074388,6.05871125225358,6.12202310767064,8.30539280956853,8.27218443158465,8.49973722248011,8.48762819637264,8.2850131611552
"1826","STAT4",0.0689420468768534,2.12082412997113,2.31320452421746,1.9846577386857,-1.28132806748301,5.74458028489304,5.79873228846113,6.49009018163757,6.50358989305349,5.30471292165531
"1827","STK17B",5.6923198595111,4.66378347936715,5.79472176440967,5.12580357135017,2.48560298759341,7.16345238396522,7.3664268752161,7.44440894202004,8.03008792731322,6.11726649512556
"1828","STK32A",3.54467101245985,4.33288488066072,5.21540220896161,2.85156498670876,3.63683818769999,1.41696748172404,-0.480869790952617,-0.190407033707363,-0.141808384054172,0.713071774295302
"1829","STOM",5.04879176743504,4.34584650052848,5.48160348714989,4.77364460839317,-1.06980114883047,7.74102976979747,7.35198707646151,7.2480639082199,7.80639655635922,5.97853880577057
"1830","STOX2",6.22054016540783,5.37648343249995,5.71023492019062,5.94549230150953,3.92411408714806,3.90054259233298,1.86143133399782,0.845039632988116,2.20517468844795,2.60920681519943
"1831","STXBP6",2.86507949324357,3.15131064895266,2.61901494787257,2.71129784259494,0.611607657186991,0.0835158599365643,0.227997550705255,-0.00884445609429567,-0.198992680616074,-1.25989112556487
"1832","SULF1",4.91626553408604,4.95193784553752,4.90849517855063,5.68557411215446,5.15080589838103,6.99715354901967,8.93608809191124,9.57288307818884,8.46920163334234,8.65052310562364
"1833","SULT1C2",0.212594644656513,1.25431504582833,0.977271039131699,1.4315931727835,1.81720365899757,5.64142209277262,4.5852540334821,3.08002324700615,4.47138157520749,4.62281679632132
"1834","SUSD2",4.88828792451248,4.85330637442355,4.77489865195293,4.37743939119312,2.83422562881998,2.52583203367516,4.05684158919389,1.86525351950123,-1.17813454648709,2.0250548784147
"1835","SUSD3",1.29504553680727,-2.39682652641534,0.907251339212887,0.984071446202204,0.532681328785438,4.19331198718709,2.81935144077386,4.53062226289082,4.98897239431963,3.72125343602432
"1836","SVEP1",7.28064499071126,8.73744480174208,9.12456346544672,8.72845264558686,8.3560868360397,6.7061004040805,7.31420602294719,5.74092009114321,5.54578210293318,5.86782040213689
"1837","SVIL",6.67878207585272,6.39261243176706,6.41845567142347,6.64126337144936,6.09074106387575,5.01342941892748,4.77422681765517,3.01661444263867,3.19633451688769,5.21384405768744
"1838","SYBU",5.41074926902139,5.57188737660198,4.64387728722026,5.66565049844151,5.35788707786797,3.79933333445276,3.01699246960363,2.16503651913151,1.98558632183194,2.14791149541777
"1839","SYDE2",4.38030449372944,4.56512000934614,4.5625207568929,4.74621049691622,4.38665290942443,1.1415008485172,1.99734593064924,0.536036030482076,1.52666624364395,1.22873696675998
"1840","SYN2",2.52458229769268,2.18619081408894,2.48649100158304,1.37640682394717,3.9210713514184,-1.23532205957256,0.0228335008828475,0.39361603200608,-3.80059137620824,-1.89470550041987
"1841","SYNM",7.14475921873146,7.18035801677288,7.92141887502495,7.13149520662798,5.20577366853736,4.09749539668894,4.81651062681783,5.08056561118045,2.92606519081847,5.50363412227956
"1842","SYT8",4.05430419870025,5.6954833773341,3.233600318339,4.02308130449776,2.71027881168005,-0.085163530388281,-2.86040674948823,0.162690943054721,0.744364670480236,-2.53681826439288
"1843","SYTL3",1.22717527760369,3.34026430981945,3.36186662817578,4.35000141752473,3.45584569322099,5.57869264873252,5.51422075552023,5.46774412414275,6.13818179952963,5.37304657306648
"1844","TACC2",7.38260520793947,7.23797951539766,7.78033801333204,7.05477098975882,6.61739465615623,4.55393832372523,3.71763167912517,3.3820856873441,3.63444942684686,4.1020434672461
"1845","TACSTD2",9.57434350719581,9.23789486974621,8.55995097596509,8.80864959476851,9.13856300756444,7.72250413949855,5.86089284495153,4.97367933027249,5.19384222660778,6.98223421592914
"1846","TAGAP",-3.80984556588556,0.471727210431266,0.399987188850908,0.134436876919094,1.01676145066138,2.67726980362714,4.64566333052028,2.81599785407051,4.34901253936074,4.36624664037568
"1847","TANC1",7.68140721574341,6.96164057337039,7.88408414583018,6.30137409369615,5.37258904537169,4.17564342531757,4.4836659106181,3.91564082783701,3.53325164573625,5.32017171823432
"1848","TAP1",6.31802005828618,5.70122265939715,5.2423512835914,6.28158793394242,6.25406274374584,8.81522655433188,8.5114414025149,8.80246448971477,9.17068837405217,7.67692467300169
"1849","TAP2",6.14671378039168,5.88721499071526,5.4384818464521,5.54418598834522,4.17720071759025,7.3209529381269,7.672467256975,8.6213066540783,8.38648478674224,8.14066506506375
"1850","TAPBP",6.68612592411409,6.64186722006393,6.11112821711199,6.9790766021468,7.78188865276084,8.46709701743162,9.54525064322015,9.75652403948122,10.1675543145785,7.30144781378501
"1851","TBC1D10C",2.02267598878783,2.31695675609175,1.98454114703942,1.10386934186108,3.82827605605912,5.4205024080452,6.28106319912678,6.77278201421216,7.17263325752376,5.61251932526176
"1852","TBX21",-1.45394905033465,0.514530729160369,-2.2214031889612,0.519826159149971,-1.28132806748301,3.66400891046281,4.71409998317339,4.71150235304703,5.50593759534998,4.32545868171716
"1853","TBXAS1",1.45887712543676,2.9480295701812,3.42872623513312,3.6957318257086,4.81503867694434,6.89331860743358,6.50325334277995,6.51152979889296,6.84947816898079,6.47836022790229
"1854","TCEA3",2.94776762619681,3.07188090074539,3.47503021485564,3.10529327355828,2.72823822457306,1.248107211157,0.865200868763022,-0.581697335959889,-0.0476672640178948,-0.517574009788079
"1855","TCF3P1",-0.969815556684633,-0.99943598179019,0.685270165587081,-0.447059180872605,-1.28132806748301,0.706969993986791,2.18524376874504,2.33674346012105,1.90238562349561,2.02186908058375
"1856","TCIRG1",2.30778626344963,3.34844387495372,3.56670432644641,3.87664279140686,5.11308262566542,6.29055492956218,6.59831486451458,7.13452568557542,7.2140043101354,6.59913616217805
"1857","TCL1A",-3.25301260087518,-2.13538716403748,-2.05681436084297,-0.524976599575771,-1.28132806748301,3.99429236279249,2.84164477870482,1.29607788170864,2.99964906343972,4.12656057093599
"1858","TCN2",2.16560998158462,4.07922152186934,2.98358244294477,3.37222673457286,4.63892597514756,7.47932117996799,6.4384309460248,6.6046431463342,6.87565353221304,6.50914542178158
"1859","TDO2",-2.3137618176001,-1.44813865658348,-2.72737402925014,-4.20960489090342,-1.28132806748301,5.2794696148907,6.71418752433037,7.00134865036331,7.38455417404185,6.27345673048039
"1860","TDRP",4.38219656855233,3.60084177337785,4.58971707573777,4.31683851675331,1.25341940537144,2.32211620863186,2.73294561387636,1.53843994582395,0.802272850486777,2.36085037174713
"1861","TEDDM1",1.32843762676586,0.810860078506086,1.24307971626595,0.386275671146356,0.916741854161615,-0.168520178028709,-1.55905722417949,-0.669903224063209,-1.21705347193297,-1.74089456014359
"1862","TESPA1",-0.647748851061748,1.80157453986342,1.05173494518634,1.45800780388978,1.19630363529054,3.32268066062809,2.55325533266241,3.43606682996882,3.88064999192699,2.68767017109954
"1863","TEX11",-5.51361216002677,-2.19019606313629,-2.76956555275856,-2.49764020228488,-1.28132806748301,1.43633052238263,1.40233698200532,1.88239970959574,1.52811409665838,0.603318750015417
"1864","TFAP2A",6.55766562788222,6.46339537243404,6.38021258349307,6.13556324629867,5.36382845122482,3.82394445344149,2.3063815037074,2.49328944746896,1.31229411574392,3.72603315415209
"1865","TFAP2B",3.44254941562732,1.60518895521978,2.59927949173038,3.4818554928171,2.77965355905859,-2.01002280881582,-4.02509831799289,-2.04818321222376,-3.00714557047784,-2.34683705174394
"1866","TFAP2C",7.20285590441402,6.98881979412099,6.59248247727622,6.95300483042665,6.68936785055287,5.59973125432389,3.98582758074233,4.14237304417447,4.33050695068227,5.22120375340452
"1867","TFEC",0.197309636068705,2.74570423337777,2.4150278702143,2.23179766248824,3.27687506505029,6.67378209551206,7.09049270509044,7.42075283631711,7.76971807549119,7.31992388662487
"1868","TGFBR3",7.29212063794853,7.41187969933326,8.13229735409217,7.13804214481208,8.27352315828972,5.13684202442807,4.08453558063108,4.71269436782178,4.90609507981222,5.82244986177826
"1869","TGM2",0.45838674891418,-0.235609738272172,1.48253224355317,0.393913432305428,1.97550485893541,3.91150978903075,5.43027736922817,5.66025469153212,5.13185887443237,3.51363095909602
"1870","THBS1",6.83961841069145,6.23614427589402,6.86921522603633,6.61138140218592,8.65128089972847,10.4783699671714,10.0310168413784,8.13066304053168,8.51789274774981,8.19883673761765
"1871","THEM5",6.69736043814897,6.0190021248662,5.59266802283567,5.66857644273804,6.11006076466749,4.2281764385604,2.47058977432336,2.81586350281158,2.53615987758442,3.26991101959059
"1872","THEMIS",0.0887529876152814,2.02018489639666,2.73742142156154,3.14735916737835,2.85916022970752,6.12386807149863,6.1811588675636,7.2117044162485,7.09045907215531,6.45379375311404
"1873","THEMIS2",2.54364239668419,3.41541162600718,2.8566184727047,3.2158640854613,2.48751679533928,8.18141439715424,7.6072154122043,8.18821250975478,8.51292111790081,8.25952389329919
"1874","THSD4",6.05131332901191,5.80925627206375,5.77332921428475,6.09017848592264,5.72265726556875,4.33804578364076,3.09139728918073,3.27208039770754,2.60325322077701,4.10235703015454
"1875","THY1",3.41543337940196,3.96827644438266,2.72015086783723,3.0094144291981,-0.641784755459452,6.36502330531944,6.82769439286859,5.09032083088682,5.19597416187371,4.99865788000464
"1876","TIGIT",0.210227727632913,-0.207842323764274,0.73504858005928,0.189801767301624,0.869807013872715,5.07224951679775,4.09709651262245,6.06009783638283,5.40188456812092,5.84498832161156
"1877","TIMP1",3.75005064540412,4.62529216885656,3.28009976921097,3.92236992274534,5.39003146141576,5.49857596456524,6.62002182329972,7.72452125635601,5.85480381936025,7.07433565716813
"1878","TIMP4",2.71861147232557,5.6674611646488,4.02496045476767,5.2831755807389,5.52690960038242,-0.195227232852252,0.813138211323737,0.244627889467051,0.302630610429661,-2.81669909388599
"1879","TINCR",5.77996691949342,6.17939890819104,5.32689994864106,6.31930920016968,6.17312393609075,3.45259029294268,-1.30547740067747,-1.02590201465808,-1.16261667428391,1.28027270408361
"1880","TJP3",2.41862770732673,1.66233713686419,2.40223967448075,0.746470238059787,2.56278150198114,0.466628661732198,-1.74601366074243,-1.53701387291101,-0.298114528279241,-0.238784638719958
"1881","TLCD2",4.87101466698364,5.53497610852471,6.79327719585382,6.03824735962689,5.38409045956138,3.40932060756563,3.76553856818501,3.30802745894897,3.2460327898784,4.55086704443601
"1882","TLDC2",-1.39306549430113,-0.128028565435308,0.719286455366005,-0.445718604139286,-1.28132806748301,1.26753395337672,2.93546389718937,2.73713504583708,1.65251458121702,2.97690055810841
"1883","TLR1",3.91812498907324,4.29830419762116,4.27669593365723,4.54728470613816,2.82311194011546,7.4602660383207,7.82748677503788,8.27679223726886,8.37433765605891,7.92539283665965
"1884","TLR2",1.95837858527076,2.22666555174171,2.98404560144452,1.85163832353439,-1.28132806748301,4.88214372867772,6.35366652952296,7.08858086760651,6.38701003800666,6.43578497398
"1885","TLR4",3.10192332499092,4.30658133593454,5.17374016463436,4.99717153980841,5.47662914942182,6.07073274866152,6.79941624564831,7.16630055650345,7.24412767232001,7.2487017183578
"1886","TLR8",1.18344351265803,3.66646965550176,2.71233025516191,3.4835101251533,3.20171561503058,7.87941453175318,8.01830713157466,8.6305929970458,8.62699401359436,9.10405154154153
"1887","TM6SF1",0.772751060511714,0.934311920556537,0.618432863594209,-0.0183250175334495,1.81406345868917,3.86460493405648,3.61906931733863,3.70540707804025,3.74118319763628,3.37938952140991
"1888","TMC6",3.29068622211755,2.66646711609888,3.02083647480114,3.19119485153175,2.93323321316079,5.28289613175844,5.37695449992724,6.29119675566599,5.53669785957334,4.60829248395687
"1889","TMC8",0.511013175093022,1.92839241045211,1.92231812800382,0.414893677180357,2.61021193503447,3.42959264868463,5.0505696030859,4.87918875619505,5.39696512863814,5.00926344399477
"1890","TMEM132A",4.15781899077826,2.7758770282415,3.27283121771529,1.85215665645904,3.93768363463262,5.62383499577367,6.32172926027036,5.63045520384781,5.05279285042276,5.32051706540162
"1891","TMEM132B",3.59221350892756,4.08601089259721,4.25307419360303,2.83585031557161,3.079475536768,1.41766778864911,0.439685266104161,1.22542753718454,0.455277794329715,0.318882406539982
"1892","TMEM132C",3.28473010979618,4.89317603747537,4.35164957804319,5.34007962066663,4.84442572670591,-2.01032485755848,0.520258853118995,-1.57754904386345,-2.33878323346079,-0.0985022125519386
"1893","TMEM139",2.70062671155093,2.88869131421272,2.17792948647902,2.26145960026823,2.64226381749826,0.641814836189338,-1.19340046771541,0.918130424829654,0.222210759044148,-0.585451114234761
"1894","TMEM150B",-1.6375380574336,-0.0365656121990892,0.26227849141637,0.941050494299477,0.705505009281835,3.2566109323364,3.13212853580084,4.40681486246924,4.58245760065439,2.95942887611908
"1895","TMEM154",2.79358082455556,1.61672832416026,3.26539591525136,1.7712976972123,2.35449147603346,-0.0943787332626493,0.108292325769791,0.411194546225279,-0.128495427780267,-0.171889282061424
"1896","TMEM156",-0.91769802742873,-1.74066571518629,0.508889803325692,-2.41879219333457,-1.28132806748301,2.78399412477863,3.00114149812471,3.46518963438265,3.91227767112266,3.00679000319855
"1897","TMEM158",1.87373370448185,1.52453425302904,0.56822517687161,2.04648384535215,1.64868665114696,3.83323303366548,4.1733687887135,4.6156003105326,4.70434133322641,4.64821408808118
"1898","TMEM159",6.96704038443213,7.35462132217005,7.16943486085368,7.48646432060189,7.41891830872781,5.11188947282835,4.32308604481208,3.38307978224164,4.13838100150178,4.58731437963062
"1899","TMEM163",-1.03410509807919,1.03407035646747,-0.198660743730531,0.441807604273659,-0.379361440922279,4.02554676647821,2.13535318685876,3.43053524929616,3.53801529523004,2.60874414337238
"1900","TMEM176A",0.647521672640734,0.571375037852861,1.23014090362042,-4.18791327431232,1.76061203924018,3.96270864089104,4.65376230701135,3.803199476655,2.80447497575985,4.14036143188004
"1901","TMEM176B",3.7609313140276,4.46212834140639,3.73996001089787,4.17307639708945,5.22650365961697,8.5310768758519,8.07172003633607,7.73885003039455,8.13441365486465,8.40576236276655
"1902","TMEM178A",1.15063626765946,0.931089840593924,1.67007756643956,1.24628125000487,2.0829609022817,-1.65196161378991,-0.408698413749535,-1.64104701188805,-1.67181946254784,-0.772269743703888
"1903","TMEM206",-0.337840367455687,-0.795631549528247,-1.52527532521123,-4.20960489090342,1.83511447676793,3.07192715043115,2.33066122156867,2.67531903376603,2.61233953039461,2.22125579639268
"1904","TMEM229B",2.42102139963611,2.55840257775555,1.77274851500205,1.9989599234834,1.1307333105123,4.89039503646022,5.17350417101154,5.4669444597745,5.81289660287602,4.72804101705948
"1905","TMEM246",5.58746991483953,5.79633895733015,5.27850386240004,5.61687300569428,3.95168166313425,2.9314862584651,0.858251392137597,-0.271503032455805,0.601657328497019,2.65149845992737
"1906","TMEM25",3.07563923273062,3.5623473662351,2.01008758292021,3.34370498910475,2.22852089819632,0.29839129598407,-0.246902457426152,-0.447631862164258,0.244139107863681,0.539317358695311
"1907","TMEM255A",3.52991618383061,2.04165327779912,3.35037881056228,3.00419431170317,1.58591365494128,1.30530278105688,0.344081394128967,-1.40091228846833,-0.800332842874416,1.32749504674626
"1908","TMEM255B",-2.17491577944026,0.832074819923834,-2.26237910788402,0.763284543330511,-1.28132806748301,1.78978865937414,1.663925561379,2.20930210779561,1.01640062641459,2.1345636365441
"1909","TMEM26",-3.68534505031127,-0.426963141738396,-1.40596428979286,-0.54580020218601,-1.28132806748301,2.23152663877976,1.77977596787199,1.15723778067698,2.26051046686003,1.69927341609123
"1910","TMEM35B",-0.832278748144088,2.3636263991597,2.41219611232706,2.53156226385521,-1.28132806748301,4.05190339675157,4.18808556290158,4.4911944066826,3.71221337245352,4.29745910198077
"1911","TMEM45A",10.8762261757699,11.0141594534278,10.2592860663903,10.5761423017366,10.9473485983958,9.23761138908042,7.14006469478476,7.61099748015284,7.31406979333566,8.7903942162449
"1912","TMEM51",2.76414960426561,2.37472980643728,2.30441179653301,1.70022919100532,2.80627245892405,5.25782569763061,4.3809303379321,4.45266034737799,4.83676431434159,5.14502269050337
"1913","TMEM71",-0.397741732498123,0.685156285209267,-0.721330082241669,1.63588319140518,-0.730803843006287,2.34105158411645,3.00022178788408,3.19959449331243,2.58445807139104,2.78028644643243
"1914","TMEM8A",3.08188410981139,3.07198817990544,3.89101554150371,3.91158722758233,3.95541041096894,6.0017815399545,5.88177723587887,6.29243152659898,6.19491963087328,5.37196000400783
"1915","TMIGD3",-2.39666968544575,-1.44904734565044,-3.84855192999736,-1.32470400951622,1.16958257123346,4.2532941995165,1.71330182803901,4.10227118262015,2.37856664279936,1.20265114404545
"1916","TMPRSS11D",1.47381811514857,1.06156371231377,1.47432740209302,0.547110381660364,0.239153665812959,5.61467315125004,3.75870073691815,2.82180493728255,4.34845086996035,4.77623547537362
"1917","TMPRSS11F",5.99988191893194,5.3183926253947,5.08300772756656,4.77330273086418,3.31406756618042,4.039185872266,1.05916674971644,2.56261745489025,1.8279199334781,3.3009072166716
"1918","TNC",5.16633769094636,4.53033828586157,3.8659332808991,4.61125867198434,4.53479617165245,7.24607041101599,8.32701343787048,5.5476038075425,7.09726850203888,7.32117641702942
"1919","TNF",2.4260816849077,1.48379166470742,1.10546740410263,1.61829568774137,1.95084839863649,4.24299625314446,4.29533562353934,4.85198691500784,4.72453627268085,4.49959580932935
"1920","TNFAIP2",4.15770566384287,5.77338380501117,5.71944948599655,6.05648626859226,5.27962547817636,7.62673025249656,7.85364986667313,8.44774211422347,8.69976820583358,8.14795379147189
"1921","TNFAIP3",3.34241200673358,5.00065345486547,2.91911784203602,4.23496856864313,2.95806959069158,5.73122077359486,6.02597445073966,7.7995974132611,7.11151562564784,7.4755319692477
"1922","TNFAIP6",-0.89673668226675,2.67871757399021,1.63738602453507,3.83371883926915,4.6739966588819,6.40698714752031,7.11644253600203,8.53877814965833,7.67934972592953,7.68380788846802
"1923","TNFAIP8L2",0.532741602850204,0.636641246191965,-3.20191150988312,-4.20960489090342,-1.28132806748301,3.47296684080448,4.57901465190534,4.72735902189888,4.36452251883651,3.27339915249451
"1924","TNFRSF14",3.32671987651025,3.90898625032834,3.34308179697141,4.2264220247823,5.0445761037803,7.50346846770449,7.10414111105521,7.56206852428212,7.27498893193972,7.06253411612364
"1925","TNFRSF19",5.20215240058848,4.52353461697764,5.56631889609958,4.29205469958304,6.31633896510289,2.16372628491903,2.25048407219119,0.558143439561261,1.22094939575889,0.798588595325544
"1926","TNFRSF1B",2.75578240809548,4.06000087388306,1.53523583406265,3.01013232057453,-1.28132806748301,6.48641844363156,6.83550411882981,6.10870509492596,7.23012385315331,5.76115930518095
"1927","TNFRSF4",-5.51361216002677,-2.40743623624431,-1.32082728652864,-4.20960489090342,-1.28132806748301,3.04724898702807,1.32632028864617,2.18675835031363,1.72995531970868,3.03533653368466
"1928","TNFRSF9",-5.50061310438693,-5.84231258223044,-5.55797222242224,-4.20777247548648,2.01998386835035,3.3925960450257,3.47200365160158,4.48405128937974,3.02854642242333,3.85165147230665
"1929","TNFSF13",2.55327840231386,3.14832342747002,3.41215782452242,3.79519230049273,2.11680823390593,6.83411720771183,6.6168518215912,6.16570003968305,7.08717817149083,7.13638744156512
"1930","TNFSF13B",1.97734840210897,3.45903185389304,2.71504859221501,1.67168331490915,3.534666074642,7.4502559107155,7.46478518732498,7.45902370371497,7.95994642904277,7.86156783117113
"1931","TNFSF8",0.31177248140275,1.64257860314027,1.76469337364588,2.63465275076645,-1.28132806748301,5.1390581825426,5.10964553278946,3.97167603366912,3.22116473031311,4.52800141120315
"1932","TNIK",2.96351560799334,3.09138306439305,3.06721702137665,3.2584164039342,3.91619575718841,4.8977387397463,5.67696066650528,5.80284452641923,5.4339507962184,5.86130803261149
"1933","TNIP3",-1.32516699685745,-1.31213459377494,-0.0535507691677594,-0.656324925054405,-1.28132806748301,2.03997850104935,2.54789236891814,4.09321545499156,3.13439593420201,3.60910406199944
"1934","TNMD",4.15632064354158,3.55336855938644,4.71562291042625,3.69624678557385,3.86355163106501,-0.864444131686301,-1.59494081217341,-1.70992504097421,-5.37326948825696,-4.70980643129784
"1935","TNN",2.3561687933616,1.80828331718392,1.63191021790409,0.623097918333545,-1.28132806748301,-5.72599267913226,-0.952159441246222,-3.44122918480934,-2.96166927352934,0.339741485799621
"1936","TNNT2",3.47154470130536,2.07908371140721,2.34444889025088,2.43689174985767,3.97683278693104,-0.473492629103653,-0.289161338462915,1.23157288024473,1.06449966372962,0.694519103660617
"1937","TNXB",7.19846124278336,8.74369365229105,8.29151431659278,9.58077616163426,9.73796263432425,4.53347075250946,4.70793563152369,5.31119280672988,4.66824573905485,4.84400257070323
"1938","TOM1L1",5.58033905724468,5.07106433299333,5.26679772185535,4.33801397412696,5.81267278555261,5.02056240622858,1.71663176058726,1.91259043538812,1.80891866241408,2.5360291508816
"1939","TP53AIP1",5.52818622580353,5.09562470997735,4.73385732831593,5.55126087827633,5.53012469638012,3.44890674347051,-0.144372176475319,0.401344838151601,2.0500223314158,1.49822192524787
"1940","TP63",9.29996372963213,9.62067334360674,9.14889188773643,9.28574443969637,7.64784232448057,8.14611680570753,5.24278786884474,5.40222322472238,5.63451469596816,7.61787796908278
"1941","TP73",4.26210552279623,4.10252474302589,4.37687779848685,4.25565665199663,4.41518088724437,2.70758666473809,1.4407975090024,1.90096663501968,1.52585481695206,2.16400250849916
"1942","TPP1",4.73644327957719,6.16118181184627,5.25422035971689,6.03456976788704,7.01758144395102,7.7496682849517,7.33761244134024,8.32122751010025,8.1634977221588,8.10693060480604
"1943","TPPP",4.30011815079435,5.42393359191019,3.74770599740901,5.54986358690985,4.30859237653255,0.0298167844490432,0.538664412988008,-5.11837980564277,-5.37326948825696,0.253531917434418
"1944","TPPP3",6.90759506354329,7.68866345335473,6.28473959011424,7.43608596784699,5.68702621498786,3.06901359878537,3.67904704234613,2.24824073269186,2.81983065029637,4.1958134629545
"1945","TRAC",2.97915496514113,3.77830193158507,3.35223740889333,4.21050237783071,3.10158881696704,7.31614008124678,7.13618524626146,7.81286628479773,7.7979553406213,7.05171663201136
"1946","TRAF1",-5.51361216002677,-5.80764108260222,-5.58732452148392,-4.20960489090342,-1.28132806748301,1.97242544778767,1.65800439013364,1.27315171828181,4.08758106537864,4.1343473900959
"1947","TRAF3IP3",2.08729445103236,2.95730490409982,3.1810509657009,2.63188747051683,1.86539812808786,5.80961175210314,6.57461335762091,7.1319830688598,7.25848573824771,6.46472400501583
"1948","TRANK1",-3.62141034270794,-1.43051385467013,0.397938366229499,0.238860021898294,3.28586290278967,2.28478037900185,2.77969922148749,3.7329948424851,3.50892159310485,3.1383313181827
"1949","TRAT1",-0.894140708379655,0.824869565903995,0.409481231658908,0.476347301025857,-1.28132806748301,3.49751060434594,4.41780197088105,5.24744817302164,4.78446587225303,5.03728207750257
"1950","TRAV12-2",-3.17473837202378,-2.29971381038941,-2.41216783290526,-1.83369820450596,-1.28132806748301,1.86404090013429,1.47913524899973,1.61065536773503,1.18956633224117,1.46366847950942
"1951","TRAV12-3",-5.51361216002677,-5.84312502698991,-5.58732452148392,-4.20960489090342,-1.28132806748301,0.885576077823576,0.74244649036374,2.3203531869644,2.05708325710794,0.882217843715509
"1952","TRAV13-1",-5.51361216002677,-2.95645534454557,-2.41216235865708,-2.57951756292335,-1.28132806748301,1.45622808160206,1.47913949974359,2.12654448300765,1.48441018307986,1.37393307800587
"1953","TRAV17",-2.68810797644484,-2.95645882175427,-5.58732452148392,-4.20960489090342,-1.28132806748301,1.87818190784358,1.44844676283422,2.94057718322755,1.86563260382796,1.21070485525638
"1954","TRAV21",-2.68810883116555,-5.84312502698991,-5.58732452148392,-2.57952149458641,-1.28132806748301,1.18762248636698,-0.0455438894754908,0.891626119584856,0.262432386737605,0.166575221715443
"1955","TRAV26-1",-5.51361216002677,-2.05745335406755,-3.99843657312785,-4.20960489090342,-1.28132806748301,0.967218266719507,0.97554193941198,1.5834363038031,0.698336189085874,0.595048666850429
"1956","TRAV3",-3.9145181495448,-4.19610420875081,-5.58732452148392,-4.20960489090342,-1.28132806748301,0.428177522596444,0.464292785154596,1.55569286546466,1.27613134660872,1.1398714972582
"1957","TRAV8-2",-3.91451489228899,-5.84312502698991,-2.77492237885414,-4.20960489090342,-1.28132806748301,1.42467870687988,2.23776867282425,1.52734785629935,1.10152718164636,1.47804023380738
"1958","TRAV8-4",-5.51361216002677,-1.66880701949972,-5.58732452148392,-2.57952130692409,0.127544767198009,0.847418089194457,0.409633264622505,0.650766792376833,0.692979519285413,1.66113687325853
"1959","TRAV8-6",-5.51361216002677,-2.59103430368486,-3.99843558252567,-4.20960489090342,-1.28132806748301,1.31782302151092,1.13820981047216,1.88039632859085,1.2478516178117,1.64611184773107
"1960","TRAV9-2",-5.51361216002677,-4.19610294338865,-3.26068842612616,-4.20960489090342,-1.28132806748301,1.06935080202775,0.637529238087583,1.34494413400385,1.45995197610762,1.00686990846994
"1961","TRBC1",-0.405700925758549,1.54289339343559,1.07226358258739,1.69705957152599,1.85265360727342,6.65360770872387,6.28226025237284,6.86910688504766,7.33839626861002,6.51484995454099
"1962","TRBC2",0.935125303375743,2.90510043685287,1.9223904881669,2.08110570224851,2.23480459579783,7.18859857586614,7.57287203389587,8.21628194176158,8.36518379118063,6.79224156678061
"1963","TRBV12-4",-3.91451541126427,-2.95646137598281,-5.58732452148392,-4.20960489090342,-1.28132806748301,1.06239759761382,1.26820049118726,2.72116485092564,1.18717179224923,1.34888437152618
"1964","TRBV18",-5.51361216002677,-4.19610513668375,-3.99843578572606,-4.20960489090342,-1.28132806748301,0.706968945944263,0.267377943224009,0.361204874984475,1.8468991539211,0.5133394064967
"1965","TRBV19",-3.9145158960966,-2.59103559312959,-2.41216592962571,-2.57952089684088,-1.28132806748301,1.64997871199208,1.28437903290491,1.94597991707007,2.5494170994849,2.05111788667532
"1966","TRBV2",-3.17473869915961,-5.84312502698991,-5.58732452148392,-4.20960489090342,-1.28132806748301,3.30437415640113,1.09922996886462,1.4985548321601,1.09747402717909,0.838151111929433
"1967","TRBV20-1",-3.91451500837555,-1.11072963283256,-5.58732452148392,-2.5795217990241,-1.28132806748301,3.29385738578928,3.14261382946874,2.8747469098758,3.60892756972052,2.79006831645954
"1968","TRBV27",-3.9145169203908,-4.19610734685373,-3.2606912820867,-2.57952245515771,0.1275453363894,1.25418512089749,0.195275201829249,2.65703157079333,1.64482704616173,0.130488366034793
"1969","TRBV29-1",-3.9145148308314,-2.95645937546777,-3.99843611592676,-1.83369707960421,-1.28132806748301,1.80605155671556,1.17616262072649,1.81168673257893,1.35779578326255,1.37392449214125
"1970","TRBV5-1",-5.51361216002677,-1.85008074016271,-2.77492773592501,-0.979824800145957,-1.28132806748301,3.05336053364878,2.65724093216839,3.49481160680826,4.04258194620363,2.18027748439923
"1971","TRBV6-5",-3.17474037573189,-2.97449723653883,-3.26068865460279,-2.57952056877439,-1.28132806748301,1.44682603484219,0.70393977365838,2.95813310296333,2.37308390858562,0.710574228872524
"1972","TRBV7-8",-5.51361216002677,-2.5910345152688,-5.58732452148392,-4.20960489090342,-1.28132806748301,1.06672265224233,-0.0431367594689368,1.24426386941886,0.779608738169399,0.86034672522516
"1973","TRBV7-9",-5.51361216002677,-2.59103587488313,-5.58732452148392,-2.57952013087683,0.127547051581252,1.3580726053642,0.690943214062778,1.7139872453951,1.59261459439446,0.473838517354861
"1974","TRBV9",-5.51361216002677,-3.44704466473491,-3.99843638262738,-2.57952409549303,-1.28132806748301,0.30797219521314,0.931838016633559,1.49855347647351,2.10517099324488,0.513337576354303
"1975","TRDC",-0.0666861981005509,1.89959607800455,0.349204557137652,1.87891681828489,0.826563706626856,4.31083529974619,5.02394331308854,4.56778977872085,6.45229761755395,4.33799811786136
"1976","TREM1",-2.06054982654383,-0.276723794453154,-0.539211517371679,0.678676688770438,0.664294196226485,4.83219080842961,6.09152444398401,5.73904338303144,5.77979972841082,5.359340660869
"1977","TREML2",-0.631017962041694,-0.152827388321301,-0.358064549074641,0.388083311916174,0.82655014771001,1.35201461730802,2.64095706016942,2.98696652532156,3.02270086964652,3.36746913265533
"1978","TRGC1",-3.01958513227389,-0.388928506955023,-2.17407651714329,-2.19777258782591,-1.28132806748301,0.709846892931007,2.68798815376524,2.83350710291742,3.48213935887009,2.4778691518528
"1979","TRGC2",-0.882504652067627,-0.371650983223178,-0.806294565785548,0.432156858045588,-1.28132806748301,3.98321107600442,5.25463093349332,4.74834063618581,6.05228073287519,4.19801274358452
"1980","TRGV10",-3.17473396371215,-1.85007817221172,-5.58732452148392,-4.20960489090342,-1.28132806748301,0.642165918248196,0.0392836711230891,1.61066216741642,2.69269730994318,0.568328668108125
"1981","TRGV2",-2.15697372432046,-2.1056850828481,-5.58732452148392,-4.20960489090342,-1.28132806748301,0.889788395359747,2.00512253550054,2.52102862093447,2.85779375972101,1.58648281282552
"1982","TRGV3",-2.82606179592123,-1.9032771607901,-1.8403236051954,-1.83369898704682,-1.28132806748301,1.46062681717912,2.46648163965048,2.46013422329286,2.81374409528894,1.58906724263461
"1983","TRGV4",-1.92243033143549,-1.88666484093045,-1.52658086622731,-0.688987982038155,0.12754883284588,1.72634971792212,2.16642603475218,2.06166785382111,3.24303693279795,1.99305210684844
"1984","TRGV5",-3.63548899615424,-4.14888923894877,-5.58732452148392,-2.57952089684088,-1.28132806748301,0.784999312299431,1.45782646923452,0.759539321065897,2.10962048831392,0.834292344428886
"1985","TRGV9",-1.79364172271088,-2.59103507735156,-0.937815518348912,-1.34449106201357,-1.28132806748301,1.76098272035132,1.53861404274956,2.04906484064511,2.82300988424681,1.37391789315413
"1986","TRHDE",1.47879557419131,2.12499254613319,3.43357974932098,3.18472865757801,3.59427909692252,-1.01034635004104,-0.772307638266907,0.0745993791788307,-2.27422743721976,-0.839919621906683
"1987","TRIM22",4.8415032128147,4.90805959864155,6.15218804683817,4.77481376098826,6.70867327065156,8.29071428279688,8.01976743562212,8.63012740749795,8.71103860880581,7.33767855477448
"1988","TRIM29",10.8096352285489,10.2251878412116,10.2980141034078,10.3533969253014,10.5185744722189,9.08543513004019,5.52666641235696,6.4469301892563,6.93937288684543,7.90825476539948
"1989","TRIM45",3.88255197662541,3.75857452355053,3.33871935675758,3.40887589489149,3.84652201620147,1.42264441228501,1.61927053289044,1.06844831911657,1.27988229521978,1.23754130403861
"1990","TRIM46",-1.28745611698038,-1.94640087977943,-1.9066001833384,-2.44514925560668,1.04437784213982,1.45398838016277,1.19563998084742,2.07417416676257,1.42040171563239,1.04118707070772
"1991","TRIM63",2.51127163712421,2.45534410573117,1.66017112318203,2.37054729851093,1.84730003556576,0.52386538383001,-1.71502951272263,-0.19674983499026,-0.118273669298191,0.575871622431447
"1992","TRPM1",5.00367183102124,3.88932831380764,4.55854168462465,3.78310136613645,6.13190920111362,2.17494328297461,-0.510498814144549,-0.782711795750327,0.538445026048505,1.47190573611484
"1993","TRPM2",1.60007740029205,2.50995514812701,2.67101623727115,3.17044760006224,4.0763653754323,5.67743303635967,6.18920433016624,5.97645798015068,6.11985550509986,7.02020984984917
"1994","TRPV2",0.589101093266195,2.34941060835165,1.44406472132163,3.68951477267684,4.1515471767344,5.21828989202762,4.44481134107392,5.87088831835542,5.41301601310522,5.10696652559861
"1995","TRPV6",5.18002312140991,4.67860984979684,4.5541056066533,4.91705952623974,4.33346233074451,2.28697810449856,1.25543839922352,-0.120303787557155,0.643742405171498,0.922775716076136
"1996","TSPAN32",-0.82287448418616,0.4380135610657,1.19184644735476,1.07016570745199,2.35627138700028,4.0191783439886,4.72901972821372,4.75531191784335,4.58793331158002,2.95945965784835
"1997","TSPAN33",2.68552641626785,2.57205424365927,1.49030557941816,2.54004499490115,0.692459708065971,3.76951664412619,3.95682221386444,4.62856606445565,4.28008724953404,4.47171280895175
"1998","TSPAN8",3.46557688490394,5.1569676816104,3.91118697171421,4.80943718498967,4.50462600950712,0.646771828208635,-1.68330943850182,0.419095615417384,0.460581239238397,-1.741696400146
"1999","TTC1",3.26466055938942,3.95647306021931,3.80095010263996,4.40251512505356,-1.28132806748301,-2.13247609296606,0.014713346121421,-4.22136194019079,1.85818545123219,0.61535169834218
"2000","TTC16",-0.0747879471725262,-0.282096768468459,0.790088741803415,0.23444902690038,-1.28132806748301,1.37763202725861,1.32917658938975,3.18667524860303,2.78635262039975,2.79905060007291
"2001","TTC22",5.10442393771181,4.58448872764837,5.2150799950839,4.15670390818502,5.46145069926344,3.9604682934457,2.66771512242996,2.03301252068192,2.4205269420131,2.76106140400551
"2002","TTC24",-2.4939453223724,-2.23922739047893,-2.00583500865161,-2.11113312186994,-0.565123830670998,1.32140276741766,1.7902848794677,2.26926335247839,2.45598902117314,2.37114779629799
"2003","TTC3P1",5.47866048899578,5.57082391397256,5.80005421101555,5.41397384457346,3.80607141672838,2.5927773422812,3.37216928845793,2.44088689474263,3.21076677275227,3.17401753013554
"2004","TTC9",2.87249033806497,2.40477551832705,2.37066850781499,2.8781520028081,1.06705255849843,-0.181986263537325,0.440643792301504,-5.11837980564277,-1.36870954423618,0.866085362404163
"2005","TTYH3",3.25743911443087,3.32839225299272,3.07789933642925,3.1143943742824,3.63340869381211,5.75271413394313,6.44049842022919,5.67616970821063,5.95720862984982,5.83330449070637
"2006","TUBA4A",7.87814249950957,7.83742695809149,7.04368599916199,7.50150911153293,6.71132195496815,6.92549824235288,4.72898177612446,4.04363388748153,5.45855204487001,5.77792134058464
"2007","TUFT1",8.32679512887584,7.91017729250392,7.43057055753917,8.15403485702678,8.41254009017691,6.21087049334144,3.38807852010089,3.85817817163718,4.37950984485707,4.86627586286304
"2008","TUSC5",2.61888687080374,4.63573858505113,5.06197505363104,4.48809005386621,1.02222423920753,-5.72599267913226,-0.247226782060293,-5.11837980564277,-2.74007596571255,-2.05965199990846
"2009","TXNDC5",7.43465631084049,7.85696846279572,7.6767133488829,7.7353885708452,8.43357777398098,10.6455861189517,10.1732166156908,10.1804789603304,10.8789585644319,9.24399761904546
"2010","TYMP",2.5548588850121,4.24482308012742,2.01104920020177,3.97912872475771,5.3014935671408,9.42983319316494,8.86032604043376,9.68165040467064,9.23668339943896,8.74698491181247
"2011","TYR",6.71389893869559,6.84108703136734,5.39036286275988,5.81891804118734,5.70681323522018,5.20793217759326,-1.4779036153783,3.73295612103179,2.44807848489308,3.27590406802639
"2012","TYRO3",5.93013541607798,6.04641858782827,5.98932456866078,6.46635875977961,7.67311747804914,3.95219059093945,3.82403479131068,3.99552116480625,2.17844313439827,3.55264719908451
"2013","TYROBP",-5.51315829058009,1.35660069134325,1.01321625111122,2.35025894033597,3.33892595494657,5.20911619555755,4.64939577862368,5.07113712081847,5.30585503070103,5.40794726198552
"2014","UBASH3A",-0.567596641694498,-1.33425114366054,0.407458702378676,-1.60935412529907,-1.28132806748301,3.97971834635458,4.01372801156286,4.87035005852618,5.01372139527927,4.14755723407041
"2015","UBD",1.50034067837632,2.830435423051,0.501933204704672,1.25628719169269,2.82748536682941,8.87741281309544,7.93699399976583,9.66097497866028,9.71047139909586,9.26831191314389
"2016","UBE2L6",3.7928215379087,4.62552843092785,3.44744981183386,3.60266946518265,4.36900727438166,6.50886359363753,6.79037302473781,6.79157890029485,7.05242259590734,7.24298752909346
"2017","UBE2Q2P2",2.16855909839542,0.161180791329063,1.33714390304149,0.83322616014552,0.826560866627857,-2.23767673028598,-0.885980842614468,-0.677268399895867,-1.64181865120256,-0.793343027625673
"2018","UBE2S",1.61992939333962,1.18728985151554,0.0556942222587096,0.131622582069373,2.43471804471371,3.20504885104236,3.31235029052793,3.06766811433356,3.67246782748567,3.31487300632293
"2019","UBR4",9.31354889623859,8.74250032426374,8.48817068652753,8.88438346388397,9.06919222894796,6.9390715982357,5.43209101271392,5.37648860636207,5.93350440169256,6.20728915298421
"2020","UGT3A2",4.8058002686687,4.6690531897237,3.23344263156228,2.77146288655838,3.62516485049889,-2.02425245754233,0.256615932307264,-1.02714907695081,-2.36541251303312,-5.92170829344866
"2021","UNC13A",-0.782050874116426,1.09489845006802,-0.234412406791773,-1.50632076748339,0.812112319690782,1.71455768430007,2.42450604097822,2.93104813047614,2.73354884564684,4.12346136983178
"2022","UNC13B",6.90060133115385,7.26435090748004,5.97890588714284,7.68174984897514,7.97959116588616,6.42989494283772,4.95762799586902,3.66482014323114,4.0505541123056,4.7725904412869
"2023","UNC13D",3.37817349998729,2.73663067973365,3.15336916468404,3.4811026590907,3.32817589576993,5.09924738220987,5.70060381457408,5.6518904006232,5.35027627085364,4.63687986029598
"2024","UPP1",1.71985863759278,2.41593326271555,3.03484616168411,2.59553189271988,1.9000378867821,5.82640143349825,6.11608642173863,6.09146820598286,6.05395545967279,6.06935345935852
"2025","USB1",2.14267273850611,2.51105827880814,1.83742778940841,2.03467022928231,2.82065202347184,3.4560561996803,3.86882497231106,4.23965600141204,4.54309093125146,4.77050266706476
"2026","USH1G",3.20743121866781,3.80126717650868,2.60926613147093,3.14386248479995,4.78149168763313,3.0578373829788,-3.49827144695213,-0.494187886701575,0.136883748450353,0.0545633152017506
"2027","UTS2",-1.14030182488894,-3.04925290527354,-0.415803524740133,-4.20960489090342,-1.28132806748301,1.79595691080499,0.955143077284356,0.925303297893803,3.44849228409553,1.6385656425614
"2028","VASH1",4.06730262118515,5.06024566802766,4.65881774390065,4.68391870011537,5.16277269232024,6.06270616411182,7.47104195498601,7.19624547547946,6.55496186719223,7.6419055289067
"2029","VAV1",2.73047779892447,3.48996904371668,3.05883228394254,3.05903979605081,3.5923541983969,5.95685736722406,6.09537451628508,6.72348954730729,6.83232207299238,6.44258736185213
"2030","VIPR1",4.45207513169554,4.2264089759098,5.0384054349315,4.67667659052261,4.87974098740717,2.0249010873801,0.501677815946931,1.8176990604715,1.52111657997212,1.34438399903261
"2031","VIT",3.73819178811736,4.53240135314105,4.56659505020893,5.59479058776936,3.97042898282211,2.42528504802227,1.52329956968227,1.48914791583686,1.80551736280525,1.3444232889411
"2032","VMO1",-1.98526715002961,-0.285878742940558,-2.54289543331051,-0.994669481879822,-0.0363012179780794,3.6732857564961,5.32039294419773,3.82606579873047,3.95088415667766,4.55080023888951
"2033","VNN2",-0.062717744880383,0.0675475184163776,-0.350378664083534,2.5989499164515,0.801294472394659,4.00042573186387,4.41590561607708,3.83268560108863,2.96677584758667,4.32083678875657
"2034","VOPP1",5.60910642820085,6.26801795678423,5.95851898072125,6.25632087558676,6.44868324556626,8.84749688444925,8.72083824658739,8.68794304832604,9.42069943528278,8.60888963486406
"2035","VRK2",-3.67224510998373,0.806224474639726,0.0967374172147817,3.04846256142313,-1.28132806748301,2.67129140387605,3.39517364765299,4.88581971233504,3.71613146621084,4.61981475992404
"2036","VSIG8",6.67253672835247,4.38490201177343,4.2340063507867,4.59766735470563,5.49482663240758,-0.073566835927979,-2.00824692797605,-0.112974084475214,-2.62126596191986,-0.690957398022119
"2037","VTCN1",4.00353933593874,2.31532351875653,3.35768019862718,2.36092602074489,2.39336391537252,-0.823512985690145,-5.05205299086839,-4.02421326599052,-5.37326948825696,-0.987289841860288
"2038","WARS",6.02959691770209,6.47904325227739,6.20517210076009,5.88466927455261,4.19296854936668,9.96725316207085,10.043144973113,11.1448546033867,10.9288447406728,11.0092211910586
"2039","WAS",-0.387148105614575,0.0406135107736101,-2.36663302480712,-4.20960489090342,-1.28132806748301,2.37029859889948,3.32307634282141,2.68292032446199,2.90206418558742,3.60849646744725
"2040","WDFY4",1.37584761078924,4.44948396322157,4.27285973948895,4.20240592177831,3.86112371656862,6.89831147087275,6.65087571077419,6.68096698086684,7.3697555779742,7.38921857345498
"2041","WFDC3",1.6635781154872,2.87618756510481,3.95723439429054,3.34067792937701,3.80174339840075,-1.37748882675049,-0.2726514791494,-0.289932880379452,-0.366277682298383,-0.589324258834651
"2042","WIPF1",2.62322750273134,2.1885637983159,3.3945087987113,2.44441974473109,3.74384919221092,4.86987890801666,5.99848925661742,5.38540641950071,5.8001565347317,5.34071693132205
"2043","WISP1",2.60607005565144,3.38049213277805,2.52584001656476,0.594527778083324,3.08998206310272,6.27482774630192,6.5116438003725,4.61250235513947,4.89891334918281,4.85699076569354
"2044","WISP3",2.3155794016492,2.35138468092729,1.48129063802547,1.15310713282531,2.34638906358441,-1.49398171294102,0.456786767059648,-0.815834727470517,-0.545263148613388,0.16787214895552
"2045","WNK2",5.01964831754109,3.87392043991678,4.95505290096294,3.85414966175268,4.16434153529859,-0.350263389932894,1.08017494480211,0.0473966087091632,1.22781426058221,0.745185803903421
"2046","WNT11",2.73017908432519,2.97110368462759,3.1088545147034,2.97023449577267,2.9715388355814,0.211568151446252,-5.05205299086839,-5.11837980564277,-5.37326948825696,-0.729880080345074
"2047","WNT2B",6.20729961161923,5.86710431065018,6.05941740210219,5.62699267771329,5.46879311686992,3.36827329913614,2.49778114950662,2.05080800161576,2.17868809538696,3.04664958593978
"2048","WNT3",6.08153928678098,6.06933148693061,5.87354186272098,5.58400504808682,4.586620306745,3.11662103505145,-5.05205299086839,-0.911252458092315,1.32836748966252,1.34623173359191
"2049","WNT4",7.13952428054431,6.25091296285434,6.51301145026396,6.24759849039149,6.36002549096873,3.93100158502612,2.05485175408008,2.85508471875682,1.98170925526641,2.94734696666835
"2050","WNT5A",5.23588175658103,4.98080243240773,4.65336229720533,4.68535138002877,5.15771644152427,7.66129122371236,7.38147025398208,6.35272049510967,6.37552884475305,6.9919003853722
"2051","WNT7B",4.3080588770285,4.5367982755697,4.46337813092183,4.28834064138143,4.98453120755377,1.56396304479332,2.43681080451726,-0.548961044909314,0.378158858388253,0.402974515842748
"2052","WSCD2",0.802222373983886,1.80004175271401,1.81916597058904,2.23166555829643,3.27996506559418,-1.38916704520082,0.540999771053039,-2.45388172994362,-3.75819982003967,-0.587351119404383
"2053","XAF1",3.75888799971048,3.95974440380046,4.47708029843897,3.61725106230631,4.20017519410611,5.66830630398808,6.16208094402432,6.77290313485634,6.78742978339926,6.72547181791007
"2054","XG",5.64607222400706,6.14763432696004,5.72404903976578,5.93765221678716,4.36997904272725,3.3940289071899,0.0243022858227876,1.35706083349891,1.40392793998705,2.512940558501
"2055","XIRP1",-3.05232453028936,-5.73974399937009,-1.74143617883636,-0.844148152299638,1.50719656875673,5.45271782237351,4.81021821025588,6.65680518989317,6.28833622586618,6.16041925179893
"2056","XK",3.48191539801059,3.4782546904338,3.38721353747953,3.58960859185148,2.70941792374978,1.74563181316062,-0.445698069067494,0.702185413658587,0.144655287652421,0.882216139024353
"2057","XKR4",3.75406307003662,4.17384286948518,3.51645882711045,4.65999106381332,2.20530756630949,0.950548012084052,0.506048739698569,0.860804811470691,0.259855993967801,1.51326720291663
"2058","XXbac-BPG246D15.9",-5.51361216002677,0.474693442403832,-0.410318158719482,-4.20960489090342,1.32476249474203,5.26483348672406,4.09698911563332,5.47345942336675,4.67402406329859,3.79831165199768
"2059","ZAP70",-0.0814178744350999,1.48881710013547,-0.770293672152601,1.036071731258,-1.28132806748301,4.63649062068386,5.52948485016976,6.11571486116225,5.92483410880187,3.98067853279799
"2060","ZBP1",2.00106122059722,1.02088268321414,2.36372490638417,0.722969037907733,-0.356336870475933,5.08716417931551,4.87706915242725,5.88822715577779,6.0022777887753,4.2172932773322
"2061","ZBTB7C",7.24314887883793,6.04890854233702,6.31452297384367,6.14962044870301,6.36627783680841,5.80134093861699,2.96001138845443,3.28077745506635,3.60009071572237,4.75792724997663
"2062","ZC2HC1A",4.25281350987373,3.77696265831288,4.33892908026025,4.17886494746843,1.60752615195256,1.13969160142323,-0.715270166652706,0.238286358331307,1.28545940119283,2.29234340418375
"2063","ZC3H12A",1.41059654083243,1.02919620823082,0.933157577667415,-0.665372647983318,-1.18352119075156,1.99290674185669,2.97772484462319,3.65672547826958,2.85065621934775,2.85502745346863
"2064","ZC3H12D",1.56168068072614,0.0562227682477313,1.11188656247523,1.6990823252049,1.61804361599967,3.04787114207447,3.08372072457543,4.23599462643934,3.59188819926674,3.39527769567104
"2065","ZDHHC1",2.48505936085448,2.9474235149513,1.99730749550871,2.52953855441621,3.84880975053717,-0.224094160552867,1.94463989935304,-0.739867536304676,-1.52029480465252,0.72791619099598
"2066","ZDHHC11",0.71108948973773,3.49807506497807,2.92730789957406,2.922784437291,2.31285550175158,-0.977151843110139,-0.966668523531138,0.0444287058968789,-0.655078439011241,-0.607067983649249
"2067","ZDHHC11B",3.26046124279095,3.75202181738151,4.16990213289871,4.49682215223807,3.1399212728455,0.740975241251923,1.39123942548503,0.678553614089068,1.06490914667736,1.09139186067578
"2068","ZFYVE21",4.85422324700866,4.96010650133127,6.17971607218734,6.04393640140996,6.13190567687617,4.74241931452389,2.49033660630741,3.19482075067301,2.51847734416457,3.99425075851956
"2069","ZMYND15",0.785633816303905,-3.01096489894167,-0.278784249801044,-0.318480896408924,-1.28132806748301,3.24163512557523,1.74127030278072,3.73398845090676,2.82999423769285,4.02097042364644
"2070","ZNF204P",3.88904983590524,3.65612430173629,3.92832788086283,4.35323150341252,2.37254646456871,1.25418881953375,1.38504079135123,0.800014279930564,1.06542401445821,0.924976257753092
"2071","ZNF215",0.0300321335821144,1.55679172180382,0.275740988777004,0.646074800437577,0.259489081560602,2.98724252633649,2.81512184368496,3.30133287065621,3.03560130320604,2.54597576558814
"2072","ZNF267",4.97933867108567,5.16526605302117,4.00848461629478,3.65200841366207,5.05042410018325,7.09336696345739,6.7479586388288,7.63028149308958,7.72089222270853,7.03513780220888
"2073","ZNF273",6.12148517033005,5.93373941068701,6.53554021400356,6.19004919745774,5.33537547631691,3.41286430585725,3.54340274118535,3.99100722589396,2.56386001523005,3.64572562550013
"2074","ZNF418",3.61980708791036,3.22159849326652,3.23987777599053,3.80399317965564,2.01592342766814,-0.452381606663519,2.72294928651851,2.2242599347638,1.36887103112882,1.11438931055926
"2075","ZNF469",2.4841543433347,3.36733471823471,3.53705726651392,3.1903184443029,4.20714870640001,5.69693187473356,6.27994394662894,5.22280774300265,5.29807355406014,5.54572242695962
"2076","ZNF577",-5.50751794435054,-5.84312502698991,0.180228228425698,-4.20910061650469,-1.28132806748301,2.52795479253811,3.1520618118586,2.15076505786675,2.60188960912403,2.16425045611365
"2077","ZNF703",5.19859487890888,4.85711536519686,4.605555379192,5.12657927972784,5.34310436653036,2.98313464242035,3.62791046989815,2.43138034767932,2.05708425111689,2.93765566837938
"2078","ZNF704",7.82627647457172,8.08048821656772,8.00061075855645,7.69268031985486,6.69557606724396,4.88952609200286,5.73877734509631,4.04588950189881,4.55102812241946,4.03241219035499
"2079","ZNF732",2.59432530070203,2.60780243007922,2.63710728422303,2.2570154703872,1.99380251010389,-0.400700716722907,0.0741818048874605,-1.40120442689083,-2.59315637214725,0.0544781723582121
"2080","ZNF750",8.06070685687917,7.84069374193738,6.43962134727637,7.58012290990537,7.27236149463512,5.79810764795071,2.78366376868146,3.75653410284078,1.20451170328766,5.00211682570952
"2081","ZNF804A",-0.969812411628306,-0.709323351779847,-0.224025699847324,-1.83369886966567,0.127544775329316,1.49343871333695,2.22199439688535,2.5201859291065,2.58376570091904,2.77845857816786
"2082","ZNF831",0.87827313329324,1.88827381090485,2.26002884685155,2.05713667192757,2.09511603968967,5.89815630288643,6.16437096624878,6.77827924480503,6.70406178839917,5.92094340463345
"2083","ZNRF3",6.22736878937295,6.11209669855993,5.99763029390777,5.7932058264479,5.57701875162179,3.93557662342886,3.03303119990403,1.68287669776521,2.63209308126491,3.47281584038181
"2084","ZYX",2.75024908613797,4.75771641453427,2.85595020898042,2.11469069405441,0.119961475132419,5.57215889302923,6.07044991247148,5.08183315628075,4.65507771088756,5.88566599132201
