geneSymbol,HS01,HS02,HS03,HS04,HS05,CL08,CL10,CL11,CL12,CL13
WNT7B,4.3080588770285,4.5367982755697,4.463378130921831,4.288340641381429,4.984531207553768,1.5639630447933206,2.436810804517261,-0.5489610449093141,0.37815885838825297,0.40297451584274835
C10orf90,2.3493555356360925,2.282213020809495,2.7433557786306144,2.123017828680511,2.5416173454268063,-0.6075418747680158,0.31294244274157035,-1.4980752427253177,-1.081944268904681,-1.3502124442530183
RP11-98L5.5,2.178782820724253,2.019646283532366,1.7074163421227067,1.462948035106745,2.057659430152353,-3.0278266704872214,-2.3826370361072837,-5.118379805642771,-5.373269488256955,-6.216903196830741
SLC25A27,1.9959358599465078,1.8161282598875894,2.5409540337741547,2.1843531759248953,2.539731342699402,0.26693329105140895,0.3419967614738136,-0.6133415586793768,-0.7493743755441501,-0.5364739963011123
CLSTN2,5.525112714852281,6.3167108936908845,6.507020993651386,6.43015838061967,6.568729566384012,2.818464763417601,3.216661206543709,1.6009733871224106,1.3214082735819608,1.4742964166895054
EPHB3,7.378927690534521,6.971037824542016,6.890843347813104,7.296181576479273,7.038096535757439,5.421970362557289,5.134893540622207,3.220439719199028,3.639415227798358,4.228926797667353
EN1,4.692128155198783,3.998693776834011,4.176738963870703,4.0332241941988585,4.23028274713022,2.8717767112052957,2.8521455785482157,1.5417128357974093,1.578925907464679,2.173495538194924
PHYHIP,3.894701587244906,3.219726706559773,2.245263713324665,4.135260724663341,4.1076553175165715,-0.4596957586352094,-0.1617593105283383,-5.118379805642771,-5.373269488256955,-3.0852908236072585
KIAA0895,4.6972706750991255,4.806620730330011,4.480195956921157,5.336037990917228,4.501319115725011,2.3146845125043805,2.7876746638803636,1.3760302751980356,0.025877697428734785,2.0274456949963273
AMOTL1,8.553191655037585,8.118139105597265,8.039774087429777,8.239830506183791,8.2441584009404,6.457941385366779,6.54729950024403,5.84095616332923,4.588033877788543,6.194039432890214
ZNF703,5.198594878908882,4.857115365196859,4.605555379191999,5.126579279727841,5.343104366530365,2.9831346424203535,3.627910469898147,2.4313803476793234,2.0570842511168888,2.9376556683793775
MAT1A,3.5290602725510327,4.524166333722179,2.257279624990223,3.113422410935921,3.6795137718310484,-0.46010337336048274,-0.07497984297267363,-0.8887133630821045,-2.7563100887425485,-0.830887388754416
TMEM159,6.967040384432125,7.354621322170053,7.169434860853678,7.486464320601889,7.41891830872781,5.111889472828345,4.323086044812078,3.38307978224164,4.1383810015017755,4.587314379630621
PTPN14,8.249014894970992,8.555074932790472,8.339499511432098,8.668490332254077,8.206767564904439,6.1586041802335565,5.7128304279004345,4.9738047969544406,5.618056833323377,5.972522822537238
DHRS3,5.373720647676423,5.728135593666605,5.5843530685617635,5.942832096198168,5.5237595570492495,4.197701399688315,3.57621370761794,2.7062556641246966,3.394603533958186,3.397165973854849
CKB,5.092158716165564,5.6714503166125825,4.923885840286218,5.936586640013164,5.577072494543026,3.067958370328984,1.7339936176209445,0.21353168393702468,1.2786817355316378,1.7301623906096215
TRPV6,5.1800231214099055,4.678609849796835,4.554105606653298,4.917059526239741,4.3334623307445055,2.2869781044985573,1.2554383992235172,-0.12030378755715532,0.6437424051714983,0.9227757160761361
CTDSPL,7.997134774327574,7.870459425695375,7.606809875916999,8.032787284838179,7.585612346242672,6.512118010427679,5.369130858481701,4.868351716873177,5.305969265356288,5.381556668564135
ST6GALNAC2,3.310477098151422,3.694443011261514,3.006221686420679,3.9626551659193736,3.374228283120815,2.131503479097005,1.3886795259753895,0.8053508797898988,0.7200203637894782,1.5015844497601278
PCDHGA2,2.727582358851479,2.6449994881738093,1.6123194938860907,2.680116642557099,3.1106182770091815,0.5233343408603401,0.01531347004038978,-1.087975751481878,-0.19602057870742376,0.12221171403499916
CHL1,8.98958987410792,8.531342072338465,8.079527349230224,7.645089577006576,8.02811630467252,5.819683901763416,5.640361233450248,5.0636027145461755,5.044853175057613,6.069297077227332
ARHGAP23,7.877413379620558,7.469875269869718,7.3348731316401645,7.010502623070896,6.866395259800764,5.573026609464646,5.617184593451576,5.040959846384646,4.45620761905326,5.734133265387131
SOX9,6.389555956977395,5.377588126050648,5.692741348743979,5.0348663955602015,5.078152396115938,2.43588752072954,1.7479508980825234,1.173010650952495,0.5206264425859382,3.563707152944733
ZNF732,2.5943253007020255,2.6078024300792206,2.6371072842230263,2.2570154703872025,1.993802510103891,-0.4007007167229065,0.07418180488746051,-1.401204426890834,-2.593156372147254,0.05447817235821206
ITGA2,7.6170202853239015,7.087196844664863,7.4901919932222905,7.210441588223146,6.791301840141425,5.034278451957389,5.545963140181897,4.400376602757727,4.195649153991646,5.531440150991245
PTPN21,7.344057854437851,6.898303811834486,6.779258276122832,6.781607550186379,6.93723099278582,3.9596727622884185,4.01620388335857,2.584299701903773,2.135470681592761,3.714071403678532
ADGRL3,5.859122442389708,6.065996620177023,5.759028379378563,5.885743960000339,5.60929806934315,2.4578364087277453,3.388762587393615,1.9390459783438394,1.5659229831505652,3.064622122243404
NDRG2,7.062971048084145,6.662988985705536,6.837059338543349,6.580241728895723,6.144588702921203,4.7905000360307914,4.545412460517835,3.2775742010839455,3.673042194675771,4.753661587277014
DLG5,7.8371085446803805,7.712716125108232,7.751033042326093,7.677694040142191,7.485606855037676,6.058219427615716,6.108829677606878,4.782538992680599,5.326548366034614,6.057666472766752
CGNL1,7.775240962764215,7.069366578669282,7.436484338386777,7.499192524023814,6.935554074252028,5.105886204632351,4.868268484769004,3.610548068084628,4.005950569437999,4.6139610335323455
NHSL1,6.711843909803367,6.624176544458141,6.515085253928146,6.399938226180327,6.320344118900915,5.126138696619194,4.820493863057077,3.5419008368259948,3.827060973661459,4.749889127851335
FGFR2,8.188220298694162,7.278421352064164,7.916180170876853,7.440618675209647,7.370067261910896,4.867045639739255,3.636934735536982,1.4508471787460562,2.037057608376282,4.120464351002637
ZNRF3,6.227368789372953,6.1120966985599345,5.997630293907775,5.793205826447904,5.577018751621785,3.9355766234288594,3.0330311999040327,1.6828766977652088,2.6320930812649075,3.4728158403818115
WNT2B,6.207299611619233,5.867104310650177,6.059417402102185,5.626992677713295,5.468793116869918,3.368273299136143,2.497781149506617,2.050808001615755,2.178688095386959,3.046649585939784
AHNAK2,12.40310219521712,12.060804844647777,12.008923961171163,11.959243734601477,11.562352618797009,8.788948258984913,7.6569061207196345,7.2241105883199825,7.198860646993058,8.42553358248659
LRP4,8.058043188315535,7.663361033769588,7.926495368707012,7.775180191540271,7.58479025539372,3.9615902620973786,3.0901895556553107,2.1364017833923876,1.9005192078664053,3.4393642658221792
MAGI1,7.197530730930164,7.023319471902684,7.256301597906682,6.66305532492211,6.866437741689616,5.114783802568894,4.420945113599423,3.6342926809638,3.4865459381903148,4.772798278013178
PGRMC2,8.484013621925095,7.773476271084324,7.9671692928938205,7.928737243642383,7.9471812046734565,5.867373272970884,5.395141372100127,4.5578635442935935,4.687630252213365,6.224278103870704
NMRAL1P1,2.4083182406665906,1.7954073235211732,1.9654222698802575,2.196597705700391,2.709419307336925,-0.9410182456213703,-1.62811020511036,-3.5417711688927596,-2.597967292001829,-0.392169423114905
EGFR,10.207504561316673,9.94962657791914,10.110763006337784,10.03610739991842,9.530357978588892,7.339231084498969,6.746045433441117,6.587548508892357,5.832214088487397,7.267529193010395
ALDH3A2,8.671902859542366,8.633966952172921,8.262212295223245,8.47362414007286,8.03210559217112,5.71702869153591,5.361831023724897,5.322385500057964,4.518703415127884,5.9279563423418304
MYH14,8.398550456078707,7.803517651327424,7.65578056220513,7.8390606540715515,7.650704653496751,3.0058077502694864,1.4794521927821216,1.5921020092517197,1.4384279563985052,3.606837459310173
PLEKHA1,8.252298059674777,8.25509336526825,7.99674514762703,8.478793568386674,8.285935887337912,6.222244127862044,5.368681251914808,5.483023644352624,4.826581234293041,5.872893898635262
CHP2,7.594140078237717,7.5285153272273355,7.001717330329031,7.372357202281573,7.14447550952914,2.9737996519890935,1.6404461135952757,2.2476767576619237,1.1710704367781524,2.1572566499054573
EXOC6B,7.828370970944931,8.124179202213805,7.65976283180157,7.780291683146663,8.192997283980533,6.23820466973815,5.305245141358141,5.5598567805748385,5.150153669097399,5.88522235218351
ELL3,4.997750816772632,5.647109420177223,4.677388445348826,5.251144936840557,5.509952770637272,3.0218389447827994,2.177727485941739,2.2989258090272298,1.6126352597037041,2.7688643716807686
FAM222A,1.9315518699838339,1.9165062983969834,1.5442392177190298,2.2416221504532494,2.4046723675754933,-0.40827593306642374,-0.4147347643539812,-0.371437475038149,-0.789301966593403,0.24416918356085648
GPER1,1.9189341358926417,2.924012127814399,2.454833567581071,2.5523933289517626,2.362230570251658,0.4834805956959152,-0.25821889971407547,-0.17105954280716787,-0.5541653267602911,1.1497958411175997
EPB41L1,4.240743092707544,5.663988521655236,5.6196128687466205,5.856645492203518,5.410260085768444,3.3224467877881447,3.5913215473555407,1.2537187980789959,1.8676218702571052,3.400613477449365
BMS1P3,0.7221551058876471,1.7836982297423152,2.5672586007006526,1.5214060949474995,1.295409438035261,-2.644095779555795,-0.09329305784349096,-5.118379805642771,-5.373269488256955,-1.8115729058924748
TPPP,4.300118150794352,5.423933591910193,3.747705997409014,5.549863586909849,4.308592376532546,0.029816784449043215,0.5386644129880083,-5.118379805642771,-5.373269488256955,0.25353191743441844
SVIL,6.678782075852723,6.3926124317670565,6.418455671423465,6.641263371449361,6.090741063875751,5.013429418927475,4.77422681765517,3.01661444263867,3.196334516887688,5.2138440576874405
HSPA2,7.602388588339024,7.843826304239391,7.304072959881327,7.4427219188663685,7.126355352823861,6.206661641964174,5.200000784119451,3.400891462956482,3.9637119591544487,5.006002392902476
EFS,6.321522299372269,6.375271055828144,5.959799318698732,6.370874110067708,5.244729057440025,4.241688447074799,3.657355353570248,1.5671662704176132,2.6176076148097063,3.745424614899137
LARGE2,3.9344010128797584,4.683304065186851,4.826583611659605,4.944243852638976,3.929256483869098,2.7703460336988175,1.8807465382213127,1.2159609406388376,0.6323039060354686,1.6346021695967101
CALB2,4.397583038958753,4.594133073842348,5.633407191135012,5.445354591469046,3.1285978000498207,0.7710531683436316,1.4484001928643047,0.26884255034713267,-1.9757209787544505,0.0011375413688871736
PCLO,5.379155094147628,5.511864024829754,6.845411667441296,5.500551166471455,3.491009960190459,2.20007239804589,1.748711450719738,0.6909133276016678,0.433488146160722,2.065156550795286
MGST1,5.848471241086528,5.462330409120561,8.014335955424613,6.734890380385323,5.238080705097598,2.6823394824130737,3.443139300482467,1.6275355678563455,1.2905244817667885,2.956655287441454
NQO1,3.990276554074096,5.6259541652006675,6.709201657353607,5.810961951064205,5.2388556022773844,4.49856531751211,3.072695878367702,2.3927116796376073,3.202647819464223,3.1694823863638266
CNTNAP3B,4.356245436466067,4.90585180445703,6.567913093654912,4.664142498012812,4.3216493225814006,3.1343329956130734,2.9637686114942707,2.322928264042998,2.435670141489327,2.005075183487905
SVEP1,7.280644990711257,8.737444801742075,9.124563465446718,8.728452645586858,8.356086836039696,6.706100404080496,7.314206022947195,5.7409200911432094,5.545782102933177,5.86782040213689
GPC3,4.6286638924256165,6.015154991333692,6.424294828094271,6.2750205905778165,5.949109356382321,3.4134201627640723,4.84814355932076,2.7704604413981873,1.887682894536107,3.1464591810110196
ITGA7,4.035469433076377,4.508131565019221,6.021783728860055,5.7601502812396275,5.514513867311417,2.9445562391415905,4.034481060097005,1.6816511588010428,1.2898507015083296,2.1398195308315078
NAT8L,4.009345795200772,5.479571146847921,6.091662020662439,6.542333559643534,5.963105241334288,-0.12772875480242155,1.7546980673480526,-0.8823398272777947,-0.5514483323018841,-0.445639213975668
FHL1,7.8898389969158895,9.602494228671496,9.783242574281571,10.239661875581355,9.25869297964045,6.2170357477233855,6.33778215675776,5.020784357648765,5.144491561189073,4.920519133718758
PALM,4.690997857226761,6.186503949075467,6.287331870100234,6.694970297997894,6.668206672918702,3.531823832145965,3.743496902378028,2.4930700825108865,2.6463172003576925,3.299753636150901
SPRY1,3.634630862980256,4.572645965181944,4.006324198409923,4.56512026407546,4.713134151943061,2.6689227771333264,2.979831247705753,1.1249717325835038,1.551384397314613,1.472982497765084
SLIT3,7.791372812306641,9.035741383770304,8.42291550756508,9.007647506273615,9.212742266273807,6.666504179544867,7.6158226541242176,4.827135761461965,5.775188756980847,5.945973034281926
GDF10,2.568152309212706,3.9937012723497882,2.609917893348589,4.69171912434153,4.558635975750241,-0.07229469988623717,1.284379180689735,-0.8823407017087168,-1.7073807243528054,-0.8162523862227438
LPL,2.312917953519079,4.405228548796322,5.328428855086358,4.577509745974086,6.156085236766433,2.193951221069769,1.843212178335811,0.22730081008539552,0.12596555151592947,-0.19707983040684648
AKR1C1,4.921747880913622,5.59060139264568,6.474303276309854,6.499407358138316,6.848930987619757,4.29598141218936,3.2917113345213878,2.27888322806058,2.3337520555937212,1.80755522228301
SEMA3A,2.0137198808110215,3.7507559549208067,3.3923549353202875,3.373677709694984,4.0458653377762275,2.038021223287121,0.8340317552128446,-1.0277143934669872,-0.7232156949828688,0.30369640527984976
SLC5A9,2.622781667839247,1.5163960389592075,2.2358203522174276,1.6928480271566786,2.866717064614935,0.16759262828166918,1.1241991542324161,-1.3393520415904945,-1.6951593511649348,-0.06707794941684496
CADM2,2.8474768836207507,1.7933536042573017,3.725533119587137,2.202170286460362,3.5894281236050998,0.022464906878372118,0.5692216407288808,-2.285602371573491,-1.6684943797378564,-0.7062585008695732
SALL2,3.1948329705679055,3.183046567972959,3.2579371775021415,2.866280750294438,3.596361338611215,0.9333924731008009,2.410792377217362,0.48100071785839726,0.3033631896389718,1.0212495270362996
NOS1AP,2.865428019940601,2.065326806582529,2.566633588002734,2.119470720995746,2.566285831450554,0.3437269379177193,1.4015615177999947,-0.135221333483308,-0.10176918376122876,0.4833531290453932
PCDHGA7,2.0642225354724366,2.541034589804855,2.894535358763722,1.2280686649192023,2.1547228257585296,-0.18338523956318672,0.4696044875276397,-0.7525991976296651,-1.8523850787711442,0.07272209214964996
PTPRF,8.692039334697556,8.810331412901542,8.903683161325933,8.458093227272009,9.621863613170069,6.571839488598269,5.464786562195636,4.120886933448637,4.501500352584547,6.116898590477122
EDA,3.9943684138385964,4.698914671600926,4.352150687292696,4.056630897494145,4.687698134952427,2.445550512115506,1.8834883401501243,0.9376729991439279,0.9640820397842278,1.7487104171830197
PCDHGB1,1.254416659542263,1.4199530365161133,1.95142969249106,1.3175768521766404,2.7094189508299356,0.08375277208642114,-0.47877036844245996,-1.6703522413656688,-1.3304856907779348,-0.4147318905126141
OVCH2,2.0916446930309216,1.304503125495103,2.3994372034999794,2.3207894534123614,3.4103161884142055,-1.7200202926362396,-2.185694594981728,-5.118379805642771,-5.373269488256955,-2.6422819914306013
DMTN,5.222750718097144,4.437800657868108,5.239647761306666,4.736834292536675,5.079352733893916,3.0324808262935106,2.7545687053371677,2.052653753794348,1.8940385200368242,2.7272247303341226
EVPL,6.473132361406671,5.7897192179604895,7.23109608785025,6.104690103170874,8.516513977539953,3.035309038274474,2.735365013191031,1.049484574993988,0.27143976842399836,2.1407718105084714
AXIN2,5.777726973199967,4.949152691776372,5.762140059787063,4.987031752994119,6.314607806065151,3.9210434620608687,3.6658634093748645,2.656030272863524,2.296461784704805,3.3207473379873305
PCYOX1,7.8683324085031385,8.151178948742029,8.389237717627763,7.520692028815394,8.793348221598775,5.936152433336201,6.608487407671672,4.843363022577712,5.557980971661156,6.4607894455547745
NFIA,6.196902074263708,6.842588736485609,7.086937605418304,6.059234523893984,7.82151355606061,4.146623226166093,4.2318540827563345,2.102534961150631,3.1633759962377686,4.165642102374006
PCDHB9,1.5805317412618678,1.6751584972475158,2.0730670433172502,1.2951003464697812,2.6088918881529035,-1.0032083450891585,-0.9881892882387511,-2.3780197757350425,-1.2447234429778335,-0.4662279309229566
PARD3B,6.183976200372092,6.296301280447163,7.006034752466461,6.078103978364,5.8666127434096715,4.370475442916384,4.732488416054785,3.0759162003716356,3.332628381012641,3.9805968371456255
C1orf115,5.6802694247679595,6.319066582097996,6.255317702967073,6.270202071717516,5.750799789718513,3.9796139318169033,4.240759197590792,2.589078619530532,2.9645550605776987,3.491970691938298
TCEA3,2.947767626196811,3.071880900745388,3.4750302148556416,3.105293273558282,2.728238224573057,1.2481072111570026,0.865200868763022,-0.581697335959889,-0.047667264017894825,-0.5175740097880791
LRP1B,4.073482605762637,4.420994126408987,5.814315637280804,4.492581356895819,4.091340113951626,1.903662732298764,1.7919676128911275,-1.1432681703720966,-0.25336326743413984,-0.47995683249577537
MTURN,8.073521375423756,8.734077818300833,9.111976327836103,8.943573566887247,7.727222510119916,5.769394957782276,5.445671610381534,4.678207076732546,4.801781680444654,5.1128873359751275
CRYAB,6.679118622223841,7.161493158329171,8.503769301358984,8.103007957126776,5.970774571373612,3.9169233319829955,3.3583522493585933,1.2227465463766638,2.1655562226925227,2.935594610520453
AKR1C2,5.389874509307125,5.585000805201828,7.503514440174392,7.046942263151116,5.1703591434995495,3.2602734304040712,2.899409092516927,1.3671454295061896,1.6127772081342997,1.2585279932227988
MAP7D2,1.7440976499365355,1.7768027677402598,2.4369531186041966,2.092003644362679,1.9318219285118752,-0.2583602925492987,-0.1177832753864019,-1.1128128540660496,-0.43743768672960726,-0.17602614343528777
CYP4Z1,0.9878154428578524,1.2189926824739699,2.721594812140588,1.4814622041015821,1.0144151030501034,-1.54557298673488,-1.4187017086310005,-3.2417126380530688,-1.1567171379951142,-2.3888119027398744
SYDE2,4.380304493729444,4.565120009346144,4.562520756892902,4.746210496916216,4.386652909424428,1.141500848517197,1.997345930649241,0.5360360304820759,1.5266662436439544,1.2287369667599775
EMX2,3.5036717672378535,3.829841594988876,3.4401993732282983,4.123350487925045,3.434833787776767,1.046752583468377,1.6204650119741533,0.7054094685073737,0.7993355847992546,0.6282871169488226
ZNF704,7.8262764745717215,8.08048821656772,8.000610758556448,7.692680319854864,6.695576067243964,4.889526092002858,5.738777345096312,4.045889501898811,4.551028122419456,4.032412190354988
NFIB,9.03509057608942,8.714166837520592,9.035991609160542,8.549143423700176,8.093198871998963,5.459435726158869,6.680414212313707,5.260533258947252,5.300388403812778,5.64329822942165
INHBB,5.4667692744886915,5.311743307735446,5.878098811596607,5.402544246824558,5.202059460833975,2.375629354886608,3.3015239034391906,2.084760554414907,1.4244946978978994,2.297319620988211
NOVA1,3.2548712029400306,4.9299750707791,5.888427796837895,5.509902980686369,5.374532608877034,0.0655334496458539,2.6897718211210306,-0.3749190426350815,0.8241683588475893,1.3042280916067428
ACACB,6.071919052094933,7.070389369001867,7.856548178140533,6.918123714930252,7.293040372252946,4.582766044105776,5.961406040163294,4.354399094980977,4.878377972625039,4.5602546200897764
MYRIP,2.3422523413733667,2.9006879212326306,3.7401970345094018,3.069815793501871,3.42093934855837,1.0273673734375872,1.3797981466720368,0.907804176155679,1.0049612924314102,0.7556261137916408
COL25A1,1.6164785001107425,2.347919265790788,4.458605024014318,2.8125357454409827,3.1147914709549287,-0.12714732017827116,0.618263215441345,-0.8509364010791804,-0.1862440589412023,-0.4951725532792
PPP1R3C,6.552869409178664,5.927559050610552,5.427037947086606,6.213535008739252,5.188382899645138,5.275476728441379,4.188955985094126,1.6768718247702765,3.471639796939768,2.9254648937829364
BCAN,3.632812727801238,4.4208318981786165,1.6176082147201176,3.187110361587784,3.033979044935918,0.2463545032619246,-0.35351537903550645,-5.118379805642771,-1.8501437258804339,-2.635252937119438
ITGBL1,4.937101808682556,5.7492422753083545,4.8153215413883945,6.237165641649141,5.992211023502599,4.627311309545757,4.273753701831846,-0.23527767268333066,1.4635441933152378,0.6730261230908544
HSPB3,1.3275317706817635,1.2140591898990882,0.2513467016076049,2.2318080069397643,0.8265593739982752,-0.7549302610038319,-0.8411260170162379,-5.118379805642771,-2.597969238147392,-3.8595358101196666
IGSF9,3.317320996077596,3.3273981442317546,2.703354532530737,4.465964638720613,5.22386207518029,1.5957208779331842,-0.5023353232337229,-5.118379805642771,0.01075509203547988,-0.36176370056363344
DLX5,0.7628352236523828,0.4677325455335158,1.3868944942150474,1.3399477510768754,1.3086785595372523,-1.5991234472355094,-2.0278684050727547,-5.118379805642771,-0.6435973057586355,-3.2979123323254997
KCNMB4,4.320221709789107,4.46060188818563,4.394249043924079,3.4548700418705907,4.135342026098036,3.2293231048966544,3.3193680534978314,1.5483174075535084,1.261611690727984,1.5704269966198912
FAM167A,6.194294097844517,5.764683601290775,5.318535682047473,3.929547987117571,4.665062173100413,4.633345396295752,2.9653421754946208,0.6136937020427491,1.846022789495993,1.475097628365506
RP11-81M19.3,1.112241066532889,1.0050914536970619,0.20254119930205786,0.5288856649901648,1.2954135275888188,0.3469833967776264,-2.94955971436544,-5.118379805642771,-5.373269488256955,-5.091108170656448
NMNAT3,2.7680160116636934,2.4616599933078223,3.2133235855072875,1.7168262225805297,3.331543164226824,1.9006596468987202,0.6730423545756729,-0.4260582953147543,-0.9639184611183715,-1.2760178190508165
CRLF1,4.373809683002249,4.013596028200309,3.5189991423866647,3.075954301990685,5.633344245485308,2.3221280303666867,3.334964417654714,-5.118379805642771,-2.531842416613105,-4.464932762604557
SPDEF,3.523640992723471,2.318601836609235,2.910924635698583,0.931838243843903,2.5479018884907423,0.7345965110997303,-1.4475676860758746,-5.118379805642771,-5.373269488256955,-2.4745023909311517
OCLN,5.936151268278693,5.3955193866369715,5.657259038168221,5.113772340834046,6.360608000533094,4.580835697534195,3.5985914851732863,1.9334789733687712,2.6728799899375635,3.4792276663133106
PCDH20,2.473622580021728,2.723210793596616,3.103640266360843,1.5714720130200988,2.8523181472717654,1.7800111069393723,0.26738384896403317,-2.3217768334867963,-0.8855241025943551,-0.7632394837676438
PEG3,3.8883161623763662,4.225254940782934,4.523279820407498,4.113885185924484,4.263238196874244,2.5225610992965617,2.975340978135962,-0.5264144079654142,-0.07651902628791393,0.9589305336117248
HSD11B2,3.785236511914023,2.8146308840372996,3.1762660980571615,2.208437193471279,3.425055485629623,0.7205760750432324,0.9170194160538075,-5.118379805642771,-2.096056364411741,-1.2627704552973305
IMPG1,0.9199050791055516,0.28680305465927586,0.9368142488919682,0.20685123820127257,1.3876973120029774,-1.8144553383957793,-2.5152254800609133,-3.9658311058890825,-2.5033724275591225,-0.6397089423467062
CDH1,6.810337415345395,6.704329801084257,6.509909113624071,6.1293536234335395,7.274327426957984,5.184351327702445,3.3168728016618365,2.0019469956121956,4.037830550413091,5.593381268599992
FAM213A,6.827527778490715,7.523995820903895,7.09783837586519,7.897244431768225,9.096691076612638,6.209978662259569,4.8386299595858695,4.334789157209833,5.272112268844272,6.573335400086674
PKNOX2,2.9263999132589213,3.577627188120198,3.2097882989946185,3.654315850506305,5.361115044849267,1.875286255837446,2.235817599667702,-0.3427717688443949,0.08580985988926486,1.7151180118756257
EFNB1,4.851099244360277,5.071837439718576,5.252361359725721,6.003636072885347,6.764117425277142,3.8476671106072025,3.78196152951762,1.0633613524419452,1.347139037308046,3.9438430947061582
UNC13B,6.90060133115385,7.264350907480041,5.9789058871428375,7.681749848975142,7.979591165886159,6.4298949428377234,4.957627995869023,3.6648201432311445,4.050554112305603,4.772590441286902
MMP28,4.072350709489901,4.345229530925749,3.731521896949078,4.366338468190463,4.214208355378626,1.5393575616675976,1.2050066232658347,0.7040981999614258,1.522622836112924,1.7466967914422045
CDHR1,7.379962062562286,8.151396103126611,7.025665813973191,7.295862777494873,7.331059825365076,3.9447977100178466,2.554524007086625,2.2031329650821996,3.171048772784724,3.9156736873735296
KLK1,3.932656223168667,3.8407560795594278,3.26431059638952,3.373132113387831,3.8600289588747696,-3.3291277354887683,-5.052052990868393,-5.118379805642771,-2.5244584069947047,-0.6252828971427846
PCDHGB4,4.645602293100024,4.984429573144535,4.305107932546318,3.553562302629259,3.5468727600629752,0.25214881284679175,1.1898541482578406,0.07011382856201256,0.973378080899774,1.7374033661278543
PITPNM3,6.779799787830897,6.25233993445095,4.4810180883165165,4.812359358100556,6.230990903361684,1.2732120720027522,1.9620486202980356,-0.036081648037392715,2.3820477399863527,3.049486006923554
CCDC34,3.2580986285529203,3.6541205541060604,2.4981113146974163,3.36288286859687,3.119146182262059,0.8282523206779384,0.9644622263116392,-0.6011591768884296,1.2070601328809092,2.3956340694903435
TMEM25,3.075639232730616,3.5623473662350964,2.010087582920208,3.3437049891047517,2.2285208981963214,0.2983912959840699,-0.24690245742615155,-0.4476318621642582,0.2441391078636812,0.5393173586953107
SCD,10.54131648663834,12.601557992177966,8.858685946420565,11.923377090092076,10.493035546567645,7.4628225836952735,6.988789138763106,7.159968161573042,7.647254562029621,8.570551100817884
WSCD2,0.8022223739838859,1.800041752714009,1.8191659705890382,2.2316655582964278,3.279965065594179,-1.3891670452008171,0.5409997710530386,-2.4538817299436246,-3.75819982003967,-0.5873511194043828
FXYD1,1.8411450265037346,2.779891862905989,2.5998364458093333,3.3244859659782935,4.351570965982934,-1.9891334979361275,-0.811645303363902,-4.985356756707127,-5.373269488256955,-1.5032319496757087
ZDHHC1,2.48505936085448,2.947423514951305,1.9973074955087082,2.5295385544162134,3.8488097505371717,-0.22409416055286718,1.9446398993530432,-0.7398675363046763,-1.5202948046525186,0.7279161909959797
GALNT16,3.4861868888798084,5.64284196158951,4.945135626615739,6.0627809783155495,6.315445403501415,1.3058634923104098,3.2588771184673577,0.8711908045036967,-0.5551853101158823,3.6534050268822074
DCST1,0.6650633266391234,1.4035372328529585,1.2140721767761677,1.5850119132691978,1.8113227855618892,-1.3128790799583665,-0.9025337762211314,-1.1768370658811964,-2.573586472843336,-0.03853482237398956
PHYHD1,1.7840209486068066,2.8523726300141585,2.021527933494765,2.9720409899101954,4.3561664426043905,1.319193503317245,0.8237949793211149,0.2886408532745571,-0.9474881492212482,0.6924411567550365
OSR2,2.69778651106266,4.3581672380360965,3.441614830845148,3.995166354814845,4.807747635594639,2.0732017250029458,2.5380542318292236,1.8763867516537418,0.16858878707129402,1.4103282758581526
RP11-1275J23.3,3.0429738792405665,2.9114684597976503,3.2432859105756053,2.6806081036621787,2.492646997922667,1.0380868106510042,0.899310756104972,-1.9087047644661261,-5.373269488256955,0.4864763198422018
HSPB7,4.1864496148784225,5.042123931520799,6.156964467103447,5.026880702668893,4.7607114454499735,1.5979655586029125,0.8349553884109135,-0.6364929464172251,-5.373269488256955,1.0659173626054992
STAR,3.127681858367132,2.909974969354626,2.848723414608173,0.9670747547366224,1.5854582672362842,-0.16278367015306952,-0.6248567050349387,-0.7507952484895809,-5.306190285168599,0.004450906219792849
RNF150,4.560886910251975,5.3552860737422066,5.776617621838925,6.1633829511985665,4.870701436679162,4.097500820021867,4.162236165853073,3.426448942773915,0.644852325055928,2.8256268207813062
PRKAA2,3.975560667173414,4.444429813048244,4.504809634574973,3.6398582492932956,2.870145169770693,1.2069212061103083,1.6951872639161827,0.13002418524604098,-5.373269488256955,-1.5550613089438643
ADCY5,2.034545119830632,3.697695843594937,3.7607740800052216,3.630993573414919,3.023518975688423,-0.5469191485358296,2.8042257018697505,0.7249902230426524,-5.373269488256955,-1.5132117953672397
PARK2,3.2404092352591625,3.741822388328946,3.3376721909278824,2.242652207473451,1.6550394399768413,1.552886735813466,1.6567324865509394,0.18389004518989654,-0.9803885147304887,1.3176064360051893
LDOC1,4.293578926636935,3.7770984285081557,3.84599491747549,2.7099095937441406,1.4070216465648755,0.9219219506411424,1.9375225069880087,0.38791230449865166,-1.4131476415293442,1.8220019894431232
SUSD2,4.8882879245124755,4.853306374423549,4.774898651952933,4.377439391193123,2.8342256288199765,2.5258320336751567,4.056841589193886,1.8652535195012263,-1.178134546487092,2.0250548784146973
ISM1,4.008674433274749,4.667895048182639,4.40595531859398,4.337144060553012,2.8188119701853602,2.724472860660916,2.991068420952094,1.34463990378354,0.48650993808060805,2.1354503698237215
GPR17,1.8545564987905754,2.866264634293275,2.8027277113471243,3.5281605671808163,0.43062982183987175,0.5527521796533881,0.7133032467255837,-0.9426912916528671,-2.453281961637893,0.39873103776669405
SEMA5A,4.90552581511313,4.036197347734427,4.934927676456009,4.633529241868101,3.3094995744024724,3.1542586408684175,2.9012234352118753,-4.482762592292133,-5.307341482281693,0.9184149840216218
KRT7,5.648630508480027,4.637785787085398,4.764185512001976,4.2462487453985425,2.4547100810319606,3.549432765142219,3.41243027421171,0.560457618759221,-0.590809471207343,1.535953245311142
SLC29A4,1.3937901561325734,4.0754670485305775,3.6788779336054773,4.559710118242617,2.7344061848082797,2.373330436479326,-5.051795083244159,-2.004228547434238,-5.065265746809341,-6.216742696989171
CCDC74A,1.1641757481714812,2.072645762114196,0.7826884682705793,2.4984642670971167,1.2596482786350958,0.7201249848629642,-0.4600606115177766,-0.6715646157633334,-1.845298400965068,-2.7533653728856113
RHBDL2,5.0273723844305245,4.83407762505687,2.875147759696313,5.549735526587527,5.397449251957954,3.00348127060046,-0.5067741121049889,1.0348413206226206,1.3314199509399323,-0.33520546578876315
GATM,7.049138542626616,7.616304307149909,5.806110936384461,7.445545047038264,6.26190246883552,5.4723162637516305,3.230072157314359,3.363036937260435,3.9865737195813984,2.9589635597753845
OVOL2,2.895730628740223,3.115821270142187,1.930650921480372,2.7001997571532796,0.32718849603387196,2.0176254202299857,-1.5352236120135347,-1.0670525918493097,-1.4824364736451243,-1.6015274156198063
CH17-296N19.1,2.7635169038768312,3.365639350523177,2.8225570106969733,2.575035750472744,-1.281328067483012,0.5840607367978722,-5.052052990868393,-5.118379805642771,-5.373269488256955,-6.216903196830741
RP11-64D22.1,4.578346785510297,4.338025919809172,4.17103339496319,3.741291640122539,1.0916345288438682,2.479420734804154,-1.5942418812940589,0.9688911044012634,-1.1623215541543224,-0.8203467536584418
RORA,10.897593287051034,10.777510942973711,10.691784907665262,10.63500011894182,10.475044053133177,9.972222080228796,7.754858824867537,8.387034646076023,8.503134442009893,7.678874212222252
AQP5,8.009647887438957,6.3727699800194095,7.185804381902882,6.309180088659598,5.678811371382079,6.5967225398279545,1.3222392070384337,3.0033096960548034,3.0218128740528165,1.4391190068316402
NTRK3,1.2316730497711168,2.357012113551822,2.6598743703906846,2.4074310265799235,2.0699609631165776,-0.01009645056329256,0.9010717026261946,0.16158073782417826,-1.7683304536983708,-2.224338245361455
COL21A1,4.036335814790531,4.395673330851549,5.139177544792207,4.949863434291454,4.610729187061574,2.759751689392141,2.692735473178979,3.187894240510024,1.9232733702669436,0.8390551394486212
HSPB6,1.5279582604910005,3.019791911680615,3.60448026789407,3.619587642689494,4.386835737574422,-0.4316995150184165,1.309583530092844,0.007164652727025094,-0.5134106256402643,-2.3813885006849045
ADH1B,6.513954710388626,8.764577148298455,9.105554492174125,9.063535547054716,9.684907379129509,1.3113225494790817,5.721599606333793,4.038226507929087,2.6736999659634764,-1.5106586724345012
SORBS1,5.068135679229369,5.872839867527175,6.8475829381313815,6.547183292554507,5.023946707553287,2.361708741826775,3.6226572581810594,0.8827942768993745,1.400767454945526,0.17960473225218504
AKR1C3,6.159571442164642,6.372702407472547,7.616605503775053,7.13426246897361,6.232190044204704,4.682158232637901,5.019487900329815,4.315358633731098,3.99066689881625,3.098421388036001
SEMA3D,4.626402106097984,5.39202248500333,5.542492071155008,5.600273356972182,5.636381983669541,3.511069843834988,3.9139651275104854,2.6048872189365517,2.7611958402938277,1.6636845593404757
RP11-96C23.11,2.5032826359054132,3.2432406381051475,3.3546994474582403,3.517987605909828,3.251048815872506,0.8545048484261798,1.4484488748817226,0.6702210599896691,-0.11940524576029195,-0.4309580636555995
SMIM10L2A,3.5920686658434384,3.1784390493422072,3.4779277307516954,3.2010077771410486,3.4096171786299125,-0.5949739440335556,1.0180085226779871,0.8690823032592336,1.0067100591566749,-2.9099321152482704
EPHA5,2.069541643700889,2.1903420807009972,1.092402540110872,2.0915834876182346,1.1093594869838768,-5.7259926791322595,-1.966930752597394,-2.556800070772468,-2.7891695506966223,-6.216903196830741
UGT3A2,4.805800268668697,4.669053189723696,3.23344263156228,2.7714628865583775,3.625164850498887,-2.0242524575423317,0.2566159323072636,-1.0271490769508063,-2.365412513033118,-5.921708293448663
KLRG2,2.6293686978478603,1.7957500675853646,0.7855407470766288,2.680973532000308,4.013251687517106,-0.30590122515730905,-1.718269008672899,-2.0710456701186413,-2.0380263578970133,-6.216903196830741
ENO1P4,3.4235813099307375,2.409789195598507,3.4607902037899754,2.3256879497143634,4.254341184743961,0.97330683300994,0.041897359059271146,-0.3223600073403488,0.6477072508853778,-3.1167552388078312
EPB41L4B,4.94759120903723,4.54680542340702,4.981273746967839,4.409141875647013,4.611216112531357,2.635581894850099,1.789277930721088,0.6628312881013164,1.7855680722913556,-6.216903196830741
GPSM2,6.144399361919493,5.942672954711392,5.001208825762492,6.500495962702975,7.61053344887577,4.411323209694928,3.6434005443139914,3.336820426493244,2.978954920823639,3.4759590976683596
ADPRHL1,2.772700178958517,3.359341601668471,2.41834595586172,2.605421454448342,4.588996074450986,1.7120324056939096,0.7221207381234203,0.32026770741875366,0.22126986120278092,0.43777740034702345
SLC39A2,1.7314595504809345,2.4189316199570237,1.8825251451553833,2.8545841539864445,4.416778948014763,-0.014477628827418286,-2.303528987862598,-1.724847457226214,-2.052857163772331,-0.9358947505549653
GSN,10.449754275420686,11.125393199721977,11.230315529934128,11.673093190725144,12.581815402246349,9.357362890443845,8.800800144054572,8.372562934442517,8.617500728811896,9.173529742692569
RPL21,6.764347698480391,7.850221121037815,6.5710775576391125,8.120757700603859,9.676431456546267,4.180200125402564,3.6649546090390914,4.082783478968474,4.089748727740533,4.561495024657367
DAPL1,1.86961205510688,1.85368522877722,1.7852569148753248,3.4724714774989316,5.632796879752776,-0.40059954739210996,-2.850842818669259,-1.7434373558996359,-0.6056718888305482,-2.1753984931088057
CYP2E1,3.470872736794029,3.541467531394788,3.076581408416132,3.9645435252953605,4.7431167559202,2.304964147723619,0.6223267384488752,2.1355182771026118,1.6145240262895062,0.7694086992352491
GPT,1.711556709105449,2.115065406338847,2.3006316145315986,2.2922706948226748,3.4452623068385124,-0.5166882786115127,-0.23383802490766845,-0.4287448315341328,-0.659091135434691,-0.5696306363152905
AHCYL2,6.796841240896954,6.489922955516239,6.390803478898309,6.737995234857643,7.556668346598984,4.77190266312232,4.823508417461481,4.397003092619174,4.5806141920966,4.5259545072717895
SCIN,3.7964469448795937,3.4598206448677806,4.641622890261302,3.907500469678039,5.454106118695132,1.8969122190387553,2.256226980427643,1.7522142005085246,1.86964620046028,1.8285424925007299
CTTNBP2,3.376883292621139,3.1072569756799484,4.290221775726674,3.386437014443798,5.337098126825946,1.0158042326350736,1.4846446906312771,1.030590408789958,0.21267110498821207,0.2090350376207376
MAP6,4.235724637794413,3.6366406363490125,3.7881758458784014,4.0669422157963036,5.5035618141295375,2.2045684528947738,1.4447975312499588,1.6640140422555714,2.0304284476734265,1.0922746199817552
GPRC5C,4.045201690200892,3.0674570182024947,3.8345241385550377,3.3757398167782235,5.095906245075032,1.7546985726880475,1.534413799513965,1.289759203313309,1.0575646634821587,0.20463458827753392
PHLDA3,4.247732452517924,4.543786984409998,4.553388480421276,4.511753261234494,6.745708821592168,3.209544827287046,1.2937070282268572,2.8582593230433293,2.3441898823461016,2.8356692238863688
GRIA4,1.5211808401625504,0.91512294063562,1.4175593870102574,0.9407915444750725,3.891429381394271,-0.5053893611163015,-2.3291111799756523,-0.48092429753541255,-0.6930331451980245,-1.771277115993684
RGMB,3.133468472754271,2.9052274380391108,2.5417732133462896,1.8096585649332066,4.286848829346061,1.0871672114085147,-0.7973950603151455,1.4747419962531993,0.41662456065841397,0.6451112329927479
SLC1A6,4.701156155590519,3.719776782011195,4.361888832416683,3.8208650756200555,5.914278976980831,2.847727945781498,1.7039048930152405,2.1523524277589305,1.855291167806459,2.4758675870442244
DCD,6.304639654223002,6.133269836970144,6.40688581412594,5.0448565949416455,9.697647199585923,1.3844528759250774,0.9450907236904408,2.596257302130116,1.5062529736270864,1.8747848883959302
CYP4F22,2.433792944814698,3.925235069180082,4.390080110089679,1.6525240759122943,5.572015357978994,-1.5671760707235738,-2.783474090964237,-0.7814969633955953,-0.15790441351967868,-4.0680661326465986
BOC,6.692003821466399,5.68388619079732,6.728592521078937,5.213350941586835,7.025458341946777,4.177230726968443,3.306872546316259,4.033732808661833,3.828767908891161,2.8606425321580313
AADAC,3.762985127864258,2.507428337605234,2.978226183853075,3.0411122833292845,4.612797011345674,0.724838258127625,-5.052052990868393,0.08759342838914741,-1.178699378946819,-6.216903196830741
KRT31,7.047408055712276,4.6965873270257665,4.667347697363501,5.12458414972164,5.543984021448825,-0.8678316294455126,-1.3308426276475533,-1.4280627081010504,0.5660799176104422,-1.218410138647221
CYP3A5,5.948948155572543,2.972722521632019,2.2088547851745104,2.3517838755331737,5.344340577211064,-1.417222262834161,-2.795956976281926,-3.2110239313306517,-0.0795026994927359,-3.8229855315505756
GABRG3,3.8609183731069243,2.1035826694523796,1.054506753386444,3.3422583960577645,3.136325838320772,-0.12393521467476042,-0.715692178476648,-0.25402140654952077,-0.8470139817390392,-0.3797533292020304
CCDC129,4.526313954565235,2.4784755157200733,4.368692420234267,3.691588291572022,3.7033382669198134,0.012258146558990938,0.7800290517176405,-0.8215469704265346,-0.11971400562115199,-1.899612903041636
ANO1,6.5798109179870075,4.6836542980341624,5.765632785126101,4.929892277738111,6.561380940852234,2.755209903754523,3.6930343959099314,2.3768633685122835,2.860732913535054,2.3769293851097095
SOX8,3.8711039447894313,2.406860192488677,2.415159448372099,2.162551536433422,2.685525358324964,0.34162564824858854,0.7237081575876126,0.2195280118551132,-0.596368493481154,-0.4681342457620121
TNFRSF19,5.202152400588482,4.523534616977638,5.566318896099584,4.292054699583038,6.316338965102886,2.163726284919032,2.250484072191194,0.5581434395612607,1.220949395758893,0.7985885953255437
FOXA1,3.47059022203425,1.5654364186070433,3.4156620040254717,1.9978954446158073,4.330554118750693,-0.012998265301722652,-0.7369660554686224,-2.3969960620100945,-1.4241398076645297,-2.9937661594794034
OR7E47P,1.095043757734716,0.16250969466155352,0.8117845728080488,0.8485898759933143,1.5742303191773923,-1.1304969352921663,-1.669499859752051,-2.5744139558008725,-2.857286908128664,-3.117427950901404
KRT72,3.6733876212912673,2.3576273401999104,2.8961235869899657,2.7988935873681795,3.0694661023649465,0.23806429958738767,-0.7849184150588899,-2.732729648699132,-2.3294936190962554,-2.5708667409450183
ADCY8,4.169989661803475,2.7662675327357253,2.8991599321445163,2.145151206791805,3.6315979786264116,-0.4045628463724563,-2.0793455359628217,-5.118379805642771,-4.0540460390082735,-4.848209990067843
SEPT5,6.981657403351324,6.6959447804192305,6.854428836935925,6.619017758467613,7.536756168509471,5.2412015088325425,4.648766463525169,2.6456630239423484,3.4529464498170443,3.470273995836947
TP73,4.262105522796226,4.102524743025891,4.3768777984868485,4.255656651996629,4.415180887244368,2.707586664738085,1.4407975090024003,1.9009666350196786,1.5258548169520616,2.164002508499156
COL4A5,6.062072039036191,5.773832918577298,6.341135599642611,5.880313678765347,5.969297155603752,3.6346099099682863,2.0129661785617836,2.6562907849248676,2.2001175769431573,2.975094545996689
DLG2,5.33577299961342,5.4486314379067595,5.460016500440188,5.1041975204761725,5.658865636154341,3.4563845438878995,1.1815941100518113,1.845411316290254,1.588968475560887,2.351682930150496
COL4A6,4.5946642197919045,4.673071735190613,4.975530058637739,3.9617619881508377,5.269417554642577,2.471018736744365,1.1791896490467388,1.7353931191995242,1.3068659309971373,2.3173012935224877
MATN2,6.201076770068514,4.886400921408428,6.23380520440386,5.4568798432147165,6.2401488898839625,3.433666626438705,2.652035126067104,2.7510609805686883,2.3037292104331266,2.7490627511846224
KRT128P,2.9545616580009093,1.0683752626374872,3.7246104103711497,2.085500089338879,2.7094173516403557,-1.8896183257419246,-5.052052990868393,-5.118379805642771,-5.373269488256955,-4.602348551644778
THEM5,6.697360438148967,6.019002124866199,5.5926680228356735,5.668576442738037,6.1100607646674865,4.228176438560403,2.4705897743233556,2.8158635028115793,2.536159877584421,3.26991101959059
ABHD12B,5.9175344852793375,5.626407521776277,5.519169499756865,5.031550010767092,5.44300946419502,3.7173239545090984,1.994468127146662,2.487472128313919,1.9963552995387928,3.167781442441973
PHLPP1,5.339100302874154,4.716446170861752,4.763213423111951,4.484927964762497,5.218965516014681,3.358498347708438,2.127446728249278,2.742527829940345,2.176061466321444,2.875333114317284
VSIG8,6.6725367283524655,4.384902011773434,4.234006350786699,4.5976673547056315,5.494826632407584,-0.07356683592797897,-2.00824692797605,-0.11297408447521426,-2.6212659619198626,-0.6909573980221194
CASZ1,7.075829541716905,6.495883342452682,6.147264585948905,6.429557767045941,6.456627307321789,4.696538766289913,3.9188171224174884,4.746519288513199,3.667306993396055,4.249736556462241
OCA2,3.3848491245180625,2.810223471670728,1.841101095993966,1.4517828042077605,4.605624208849188,-0.5168658787848893,-5.052052990868393,-3.0202835520041513,-5.373269488256955,-6.216903196830741
DLK2,3.505463673107718,3.09936914526752,2.478690561049293,3.7464603035707027,3.770640793551613,-1.1483281051907956,-5.052052990868393,-1.5912237000397964,-5.373269488256955,-6.216903196830741
TNMD,4.156320643541579,3.5533685593864353,4.715622910426248,3.696246785573846,3.8635516310650115,-0.864444131686301,-1.5949408121734143,-1.7099250409742077,-5.373269488256955,-4.709806431297835
NDNF,2.7432745879286915,3.341308974280437,3.469373128835069,3.114655952485638,3.12378354841841,1.097497321215363,0.3451313873763092,0.6296206444792171,-0.2601371592651244,-0.4864424800302491
LYPD6B,5.57992598101183,4.528102347534328,5.611027173254902,4.311992347272643,5.5525370498114555,1.655391485789527,-0.8919245676213049,-0.6459400059359665,0.08980152772657439,-1.4547681864768258
GAMT,3.9102814186675587,3.642312389861842,3.823896502612908,2.8378187005968276,3.6290561604937857,2.5414637111453153,1.206634367622333,1.3368001782146188,1.8277429138317993,0.9499351123229528
TEDDM1,1.3284376267658642,0.8108600785060859,1.2430797162659502,0.3862756711463556,0.9167418541616155,-0.16852017802870886,-1.55905722417949,-0.6699032240632088,-1.217053471932969,-1.7408945601435861
CLDN3,2.3971956758775073,1.6017716700432472,1.7542387298342135,0.6195643468878004,1.3006815496045367,-0.0700405137441915,-1.1816093318158662,-1.4184592601793757,-1.701005228653728,-2.472633414392407
SPATA6,4.123803363272732,3.9695460864600007,3.974583811062172,3.817927702570724,3.7109227838294077,2.4622211866436676,2.1112097777868377,1.6725405116896015,1.9281122790271457,1.2603307644993258
PPP1R1B,6.21095688801032,5.3269557002260495,5.832411864849247,5.622522022690555,5.526411717276636,2.917564410293068,1.6753265155549626,1.497368819129018,1.7228681098270457,1.0042100504710063
GALNTL6,1.3787620838992793,1.6502260378302074,1.4088243616147058,1.066941585870876,1.2950172298367701,-1.5736523746902296,-2.4054316149096957,-2.3221795831403105,-1.7025097502106592,-4.293769977298365
SEMA3G,3.7223773535698967,4.556504162439435,5.114165818052706,3.984766248915566,3.725582920035028,0.6982387629504094,1.7285900656537814,2.0216875715343003,1.0542834105241565,0.7920149246386515
RP11-444D3.1,3.471445894045929,3.167969904709558,3.7281104338841278,2.889328755955513,2.496645727938844,-0.001168773530349012,1.1182941174483123,0.9373999461672345,0.08191214905794454,0.4401825114902934
PKHD1,3.071375830556942,2.19307091930598,3.341466174976555,2.375532227059745,3.0116999253966794,-0.7277252108305063,-0.1768841779028679,0.8707623309865621,-0.9734539755062727,-0.8310453844344107
ERBB4,4.047770281687326,2.965191874516266,4.7313885858220175,2.6753014973292326,3.411062627880591,-1.657950202181598,0.008143264456929374,-0.20613350873132247,-2.120778537579188,-2.0353293539804387
GATA3,6.81081544683147,6.943516204158034,6.4832705079633355,6.861328341030158,6.282158894498976,1.5958743904419896,2.471660122231291,3.1256027259853068,3.058863341366098,3.653772107732341
CDH12,3.0272737651172825,3.106728464287459,2.96206143811743,3.0292767823385476,3.2923528628180425,-1.1425680857274663,-0.9778807332875157,-0.2374626287357676,-0.29742324508143464,-0.049171469536382434
DPP6,3.5625857150743983,2.9948417151008986,3.078705325304911,3.6293420603743822,2.7176373736505717,-2.6299786847020745,-1.8854172422403896,-0.3850637980793787,-0.9828898722163387,-1.72763130367063
PHF2P2,2.500377366232858,1.709922375308489,1.372520516376434,0.5137794379634786,0.826560089008108,-3.455493489411325,-2.758067495675915,-1.6703524994138732,-2.5924048353287787,-1.7737302682280314
PLEKHH2,5.190056338600554,4.903243979431105,5.819985402277735,4.875404561218673,5.240243532077107,2.6957157435489716,2.9870783331992494,2.9104326228206494,2.881891989233874,2.1680442439345415
CKMT2,1.5878391489110568,1.414169121460874,1.5583616033082461,1.190142773203968,1.4396075505147772,-0.6977047745847804,-0.4722436255129388,-0.32176089240036204,-0.7265422548309349,-1.451777866274891
FAM95C,1.856086374860857,2.3172645391009516,2.141017149712406,1.5053365220494546,2.407966576448431,-1.3657449101688854,-1.1661093378897236,-0.2803338111012395,-0.47660918472064495,-1.5579342561603584
GSTA3,2.2755480102709615,0.1540119907527671,2.0285905545866605,1.7618795784501398,3.2646647392758967,-4.088696951737779,-5.052052990868393,-2.499282014032605,-3.7357490579288286,-6.014262927230918
EGF,2.2015244489876427,0.9918953085192431,2.65953258551274,2.3735014495558575,1.947967329273376,-0.9718317203710015,-1.456390830572984,-0.8469843835902942,-1.226046186357757,-1.6528613014636986
WNK2,5.0196483175410895,3.873920439916775,4.9550529009629365,3.8541496617526794,4.164341535298593,-0.35026338993289363,1.0801749448021054,0.04739660870916323,1.2278142605822118,0.7451858039034215
MDGA2,2.217989506751602,0.9927176528909257,1.3902896325466025,1.8130649895033142,1.4324140386340776,-2.562356074868721,-0.8991468364181846,-1.9762111272020346,-0.6480170846324461,-2.062788542602239
PROM2,5.60989073804825,5.459561070868568,4.716436689624519,5.1595604288962456,6.520703689252747,4.868463798598381,3.0823846128284185,2.528771867824434,2.1288577258370887,3.312686430295513
EPPK1,8.609930840836192,8.887739772809045,8.642372210236182,8.964894494822014,10.54498097512834,7.197597687804431,4.470019107860158,3.5452176052909894,2.4518338830365014,5.3683635618487635
A2ML1,5.262606565984415,5.0030302406362095,5.558519077386633,5.0214781776880475,7.025824240837262,4.703839053345512,2.155612386303547,2.2834014174660537,2.0435589418895592,3.084810027966374
KCNK7,5.356979304039022,4.7855748589416205,4.596933051856982,4.773247244346862,7.9367942179180995,2.598471940858309,-2.9433460991076763,-0.7164161853741514,-5.373269488256955,-0.2172026345433834
ERBB3,6.522994459871405,6.176370883177017,6.112752929090007,5.827239394676853,7.666822399411879,4.911705970170746,1.5095181415912176,2.888603445493953,1.1619367737986448,3.502338029986039
EPS8L2,6.039373592517311,5.75860671657149,5.669738991565937,6.0000255150057775,7.243943752258468,4.994085875771225,3.4210553125698526,4.110799474642845,3.020036730068913,4.038538174301684
GFRA3,2.3860923147714823,1.199368107817099,0.5170148168407663,0.4623694041956037,2.5353959711243763,-0.16482141000679537,-2.2427059764870187,-3.5388425423880396,-5.373269488256955,-1.0139640527374618
SCGB1D2,6.380302826520178,4.072971207344119,5.41166774614322,4.227146351947662,5.701215190277097,1.8921852488692212,0.8353487129947961,-0.009836954303876903,-5.373269488256955,-0.33190530448533434
DNER,6.337187692596277,4.483483078133566,4.4117141157406525,4.841129843225709,5.243349996141312,1.557465485954658,-0.21725395998701683,0.0031397927307359567,-5.127550588710181,-0.051448122925730304
AK7,2.881367352635524,3.050033132221621,2.8605032598592017,2.4974199034114344,2.6805674381335445,1.1936758246892412,0.6675821929653306,0.6573007057687402,-1.7863557028249974,0.31248891892861597
ATP13A5,3.2559262096588184,2.2408205602847135,3.5473793115043426,2.8256008389082274,3.7113978032478876,0.8964880461300456,-0.067383809194381,0.28728162433936294,-4.703269642147028,-2.1781467167989894
CYP4F12,4.7246033299752375,4.1180878721445655,4.356222288721448,4.627201098941891,4.018266140951099,2.8539389892232174,1.7941726780407932,0.6088987845852633,-1.8325307297182276,0.5773927072488274
BDNF,1.8374833051168047,1.5388694893048613,2.278809731570719,2.5855285457837502,2.080599893561642,1.1944182407269606,0.055495847606665094,-1.3091201030362456,-2.4882988469202583,-1.4051023738802908
CNTNAP3P2,2.4978220121352526,2.373136686457293,3.1772876310343983,2.341828195880271,2.6834146375269663,1.430425252283532,1.290823345268244,0.2791273980685548,-0.7177884838544445,0.198689922986419
SYN2,2.524582297692682,2.18619081408894,2.486491001583045,1.3764068239471705,3.921071351418399,-1.2353220595725642,0.022833500882847482,0.3936160320060799,-3.800591376208242,-1.8947055004198707
FIGN,3.5125744289274685,2.901003454229548,3.4838248373247556,2.975567094645968,4.697303071421984,0.19526391717628552,1.4949157072701837,0.15701821861392803,-2.6036445032665796,0.7197972092020101
ESRRG,4.289881582521253,2.6818255141396365,4.985190967007841,2.3413702138578487,4.049228790740168,1.935821947618503,1.3863962972243153,1.3568481856013062,-0.11870023100877305,0.4347374576933806
TRHDE,1.4787955741913137,2.124992546133189,3.433579749320983,3.184728657578008,3.594279096922516,-1.0103463500410352,-0.7723076382669066,0.07459937917883071,-2.274227437219756,-0.8399196219066827
HS6ST3,1.3686946992128968,0.6387606815852647,1.241485275682393,2.6651859779718143,3.06808303948258,-3.669434831133074,-2.956313094752954,-2.569669680145281,-5.373269488256955,-4.005499806789223
EFCAB1,2.2501421066952507,2.9363060963062457,3.46032963961843,2.418969241268501,3.5984077223599495,-1.0331033879850653,-0.1576684636468775,-0.4511616079532592,-2.503880387883241,-0.7587190619857924
APOD,7.1620632508289575,7.182908487677225,7.151365810304581,7.260964618256116,8.190813113196292,4.205567696642647,5.054352126698642,5.05148293167277,3.642903693871809,5.083633875710714
PCOLCE2,4.346619381233474,6.471570134267886,6.195881564765218,7.654135674731709,7.084831742139996,2.3788155111507248,2.4440058267693794,1.9615681358036599,-0.03990504826953828,1.8837512417022961
HSPA12A,1.7737074341073262,3.1328867945344436,2.5465649063584537,2.834467467197159,3.376719953701313,0.10039561780887683,-0.4071960914899629,-0.6177336041315887,-2.4149596263146798,-0.5567077298563892
SLC45A2,2.468874066516315,2.0438155949878243,0.4438541364028791,1.921545307877853,3.5529994168638397,0.09481298441627886,-2.2032494474529707,-0.48596988208357067,-5.373269488256955,-2.883047016158038
EFNA4,3.3390161909031493,3.7477932655490878,3.725552034702734,3.3895442283730532,4.320327586428437,2.5749825864449036,0.8467541116368481,2.7858708841239666,0.1942814911950568,0.876465932533813
TYRO3,5.930135416077983,6.046418587828274,5.989324568660779,6.466358759779614,7.673117478049144,3.952190590939447,3.824034791310678,3.995521164806251,2.1784431343982726,3.5526471990845097
EPN2,6.085694710558953,5.634030258460918,6.25198965248085,6.0239224419610515,6.981178651024083,4.396385579969471,3.9454591894678948,3.816337228279626,2.820233388249982,3.501127552652699
CDNF,2.1487945851783636,1.3688462795564973,1.709343538501731,1.8656570020700207,3.6735632534195015,0.28452244834993956,0.24664981455304275,-0.22533816181938385,-0.7609669044835107,-0.2685771706721781
RP11-989E6.13,1.2841349209120303,0.6954524412965833,0.8965324869846034,2.0131897692117655,2.3015099570373923,-0.1830557354307809,-0.2839664987201276,-0.7602963001042743,-2.2835320734168216,-0.7329912703503247
PLXNA2,4.96860876185683,4.140840172308667,4.81394961511922,4.840204025097529,5.137359684814651,2.978132265704762,3.500562708537221,3.0187125776730186,1.814565351845973,1.796575676453086
C2orf82,3.189865585662452,2.49317928991911,2.2526788469126355,3.0058323495612385,4.236308314589532,0.871843066713607,1.0151041280119026,1.3362570742726219,-0.35991545808614306,-0.7101470147225781
SYBU,5.410749269021394,5.571887376601984,4.643877287220255,5.6656504984415115,5.357887077867969,3.7993333344527587,3.016992469603629,2.1650365191315117,1.985586321831943,2.1479114954177705
PPFIA3,5.978468750042633,5.951891322708776,5.260201245743879,5.749309201378614,6.3495430851199375,4.314784557908019,3.6547996031331893,2.7679643921832935,2.917436077886045,3.046105293786453
GSTM3,7.034115792573131,6.449496525803735,6.093396490407901,6.746651558330521,6.858616619176403,5.074414822037719,4.501877204877087,3.3922234592520093,2.7467451973558186,1.9129664171047738
HOXA7,2.1791958685098587,1.618800278576116,1.5787649350703357,3.0970340811946193,3.1892107172523017,1.0933411689110542,0.42002965222784455,-0.20276650594936108,-0.4351878465733881,-0.8458598348108054
SGCG,1.4142675818441788,3.0224032920192587,2.8815956128444316,3.5568564771043607,3.3372935617734845,-5.7259926791322595,-3.965497290952909,-5.118379805642771,-5.373269488256955,-6.216903196830741
DCST2,1.0303280519204565,2.0891261969572166,1.531781098130188,2.2715637429761646,2.00417199362154,-1.2059318998453952,-0.7865472406299133,-0.3761051987816075,-1.3886006005030538,-1.3743007888025633
SPX,3.035645156014535,3.740335717617407,2.8940260644595566,5.242453852351087,3.14196425315916,-3.599387318142794,-0.8440513970776249,-1.8105237390340823,-2.616542302564593,-1.9300386689949263
TNXB,7.19846124278336,8.743693652291052,8.291514316592778,9.580776161634263,9.73796263432425,4.533470752509464,4.7079356315236875,5.311192806729882,4.66824573905485,4.844002570703233
PLAC9,4.6259906514985,5.6591620571263554,5.204377425588886,6.071534552477671,6.228965856175543,2.8459407019385683,3.0353017421962987,3.1225264867041513,3.0285450225933186,2.6034069154489345
IGFBP6,3.7856554107094964,5.42218701444945,5.637554602992531,6.052414576264232,5.5535142983829076,1.5891196476737313,1.5005655037054464,2.538163794456762,1.9327096690068633,1.461021365909585
PCK1,0.9155537877059574,2.6843331825564958,4.148565561865547,4.616064614316532,4.126980169090898,-5.7259926791322595,-1.9824650799647097,-2.2159439593777597,-2.5988484288082905,-4.466806165549687
C1QTNF7,3.300234543239232,4.59857540558628,4.857468168893723,4.758402525983037,6.029324360789171,-2.3069987806217385,0.8256085649489672,1.2009937456707476,1.322594623731878,-0.6238526160340914
PAMR1,3.939698751727785,3.685596753197702,4.339703560069293,5.4525103543920475,7.226130029246788,-2.42933260295131,-5.052052928709398,-5.109747230002369,0.1153002196564542,-1.1090443230736475
FGFBP2,2.3230598395228856,1.7592657566143144,2.296968334923741,3.2354623748580646,2.692872552937847,-5.7259926791322595,-5.051736467293715,-5.118379805642771,-1.2622685094253625,-2.3436677678625006
SCARA5,6.530124022388745,7.894768630205673,6.284344493475036,8.627802766657146,9.7405875951428,4.397522857359999,5.179997174166264,4.35203129480399,3.933289533402359,4.711463232258132
IL17D,2.9361673960448424,3.48273170908591,2.433226358581253,4.027033131197926,4.587523113365511,0.7603481369508265,1.075081122314487,0.15439470550241918,0.504086077241458,0.9892998620057643
IGSF10,3.993997028238545,5.595958079289053,3.696652855656994,5.710565865139895,6.166645605778105,1.7991731704034601,3.090083616089157,0.7597014283939723,2.168081735358554,1.8606131536464054
MLXIPL,1.1346777800328054,1.9922671385922175,2.2280161440478015,3.4195231685227014,4.157236690535931,-0.39537145073711616,0.05243054524423461,-0.14740281620078538,0.03643303618986169,0.015812982861764305
TIMP4,2.7186114723255748,5.6674611646488,4.024960454767667,5.283175580738905,5.526909600382419,-0.19522723285225219,0.813138211323737,0.24462788946705077,0.3026306104296606,-2.8166990938859944
SNCG,2.1406060093556545,4.200700307693545,2.916950213668732,4.408969090343601,4.504706142146882,0.7514127280552686,1.3557447916874539,-0.16184956048834717,0.05285588303643803,-1.3472733365540825
DBX2,0.5578949255853125,2.000073569321788,0.5036912931725095,1.812816155844543,1.9322530694408317,-4.191042596040291,-2.6544831794762427,-5.118379805642771,-3.8131768263723957,-6.216903196830741
ADRA2B,0.8477384946674245,1.281729957291065,0.4410254071558088,1.9651315507421823,1.64869042402852,-0.6701751422072587,-0.6969294482046476,-1.0427249231622784,-0.2002564260228011,-2.268750022222863
MISP3,1.697144807923673,2.441200270662826,1.7558006808054358,2.323053426850087,2.6122273989255205,0.31703116170756995,-0.37535959227888843,-1.4321888422445521,-0.37587796208725227,-1.5591911077778007
BMP4,2.789878287239399,3.74761972949727,2.9922158154389082,3.4233428660150476,4.811866573206399,1.6478497042957305,0.7260514877350405,-0.07256949043165309,0.9249445624324367,-1.0075447586830726
TMEM139,2.7006267115509255,2.8886913142127195,2.1779294864790155,2.2614596002682315,2.642263817498262,0.6418148361893379,-1.193400467715406,0.918130424829654,0.22221075904414836,-0.5854511142347606
SYT8,4.054304198700251,5.695483377334102,3.2336003183390023,4.023081304497756,2.710278811680052,-0.08516353038828099,-2.8604067494882304,0.16269094305472093,0.744364670480236,-2.5368182643928847
TSPAN8,3.465576884903935,5.156967681610403,3.9111869717142063,4.809437184989671,4.5046260095071196,0.6467718282086354,-1.6833094385018226,0.4190956154173836,0.46058123923839706,-1.7416964001459982
ALDOC,7.119491261311097,7.271750310509,6.4677956727513815,7.438908319023899,6.861572538318862,5.634365960418356,4.536635515815509,5.2411632812299835,5.17585611584429,4.1200871878382825
RXRG,1.0473826465159812,1.925663798784183,0.6525157518488892,0.6045391211932732,1.2354688378122447,-0.5494271248517754,-0.8452130862705332,-0.0795967843077215,-1.024911185065797,-1.6919120792099356
ZDHHC11,0.7110894897377305,3.498075064978066,2.927307899574064,2.9227844372910026,2.3128555017515784,-0.9771518431101387,-0.9666685235311381,0.04442870589687892,-0.6550784390112412,-0.6070679836492486
KY,1.704130420631858,5.275445329540932,2.8752590470764994,4.082160323073056,2.7859695318166158,0.5722881676405802,-0.7981835737158172,0.9700006310429161,-0.26150859521791425,0.15275038608919828
FSTL4,3.3019150933045873,4.928239089350441,3.739831974246392,3.415123694668149,4.041998201003811,1.8223058927567275,1.6476810781805424,2.192722308194396,1.0533361313280079,1.9464864571799934
SAPCD1,4.1039827383921335,5.12173768684487,4.783442393623312,4.5755224130755,3.233129938074609,-0.632970171480769,-0.1598058496094241,0.728102851974556,1.2387525780718882,0.11594082712770239
C3orf52,4.205908835542754,4.202050776046284,5.117849158615917,3.9392438052596765,3.36356233207811,-1.6966107604731377,-1.7620306744201117,-1.2356965169190357,0.24424026701737242,-0.7622907981801347
ADCY2,3.330143693836546,3.78538112693706,4.008752332336481,3.2173234296151354,3.103259145309928,-0.44820289016387893,0.9867652940523243,0.9161454660088237,1.115552046784704,1.3526652685188045
NTRK2,3.497927023302518,5.811621176975465,5.142201968660506,4.820434192289339,2.6309084079533354,-0.7476158375602012,-0.44114459091879565,-0.390113647578988,1.0751405959280371,0.35034174721426764
HEPACAM,1.3377808842945051,3.2634028908701933,4.19603856165462,4.277912531703353,3.414811955001394,-4.2930463198160345,-2.4826250254075726,-1.946925109085422,-0.9489321235207236,-0.07387733292564046
CAMKK1,1.7260539536700312,3.3099501613539792,3.8610655248355488,3.776715196446195,3.1278903782718728,-0.25406859849912516,0.15238954399531365,-0.5705574593033039,1.296932537682067,0.2410589353974418
TMEM132C,3.28473010979618,4.893176037475368,4.351649578043191,5.340079620666633,4.84442572670591,-2.0103248575584836,0.5202588531189954,-1.577549043863447,-2.3387832334607888,-0.09850221255193857
ABCA8,6.146419250612091,6.84981271453488,7.202445113601715,7.548040372955009,7.018595138015316,3.46586185749532,5.133787646144866,3.3496988453865186,3.6847014451276197,4.7042874226665035
PCDH19,2.908059578030051,4.654087482611084,3.496119006486022,4.261392161121121,3.5846797917678788,-0.24319942643890485,1.0030636941486935,-1.2528244956271934,-0.7195692282837493,1.2369506312191767
NRG4,2.6633019068780035,2.9237759131625327,2.3929092783327626,3.8245638567015994,2.8509845517012664,-1.1375701269395861,-0.15591731834544828,-2.124688314809055,-0.8590876913435329,-0.11421244260473017
CDON,5.602149374065738,6.54600239628268,6.075432112496738,7.05046369662989,5.64153587330657,3.0210502985319816,4.001375402013719,2.796472346521963,3.521046333060298,3.7509862138853265
TUSC5,2.618886870803739,4.6357385850511275,5.061975053631039,4.488090053866208,1.0222242392075307,-5.7259926791322595,-0.24722678206029286,-5.118379805642771,-2.740075965712546,-2.059651999908464
NLGN1,2.2721963326976855,3.0525532354173537,3.030424938782875,2.6086919521034364,2.1246996078587252,-0.44757086153799785,0.6126654470163043,-0.7003810755809424,0.6073973233469674,0.304833184726744
AQP7,1.5768676608810777,2.3302896329658784,3.848739298531252,4.264198869127328,1.7718365315967932,-2.3005042794880186,-0.7414745847088446,-0.6766125212907099,-1.960939002669575,-0.9971717109724921
ANO3,1.0403419357967094,2.626580824119243,3.738988168470822,3.555409809603631,2.643258282008006,-1.407436635237688,-1.0508954764802676,-0.061710013131736685,-0.9782352151645779,-0.2359193412385715
TLCD2,4.87101466698364,5.534976108524715,6.7932771958538165,6.038247359626887,5.384090459561379,3.4093206075656295,3.7655385681850104,3.3080274589489727,3.2460327898783996,4.550867044436008
PDE8B,3.7243574321819564,4.652970591797529,6.166833516753118,5.165360808298047,4.271535094357925,1.3187251737957069,1.2431651387963178,0.7693332473566674,1.6825637295933193,2.195317549777809
MEST,5.19644160706634,5.7995015437524104,7.337455383401446,6.039635023291414,5.819727086366793,2.283084111715897,3.6105243728449103,3.170153505307833,3.008132603783106,3.0150206157171042
C8orf34,2.7017077584167852,2.9337656563165537,4.1701216224660635,2.8851333657324765,3.1407547463094856,0.5173128769543696,0.685129771415736,1.3110606719892302,0.7339232798247394,0.602327870056198
WFDC3,1.663578115487197,2.8761875651048108,3.957234394290539,3.340677929377011,3.801743398400746,-1.3774888267504939,-0.2726514791494004,-0.2899328803794518,-0.36627768229838337,-0.5893242588346507
RGS6,1.8682212563745244,2.0715421698111647,2.878365328584876,2.5233835480715956,2.673223182676006,-1.2716828414565795,0.04580356458910373,0.009769445278067397,-0.741707711357907,-0.5171081077679431
KCNIP2,1.2881758370559655,4.19660562804327,4.47533641873991,4.633216886904581,1.967946587033497,-0.9104268015321798,-0.043843999856502204,0.46572326213807996,0.4961423154228367,-1.5726753430245046
GLYAT,2.0064986581557007,3.5682912757973395,4.270367281740573,4.062390858758489,1.305912247755327,-0.7485427920881718,-0.7111031463364677,-0.717025384922143,-0.178806855840763,-1.4791877903870432
FAM166B,0.4873007755559207,1.598984760271664,1.4534223444667973,2.563359901019581,0.4734470816854325,-1.9576215171563507,-0.8345173899380343,-1.0243807136942662,-1.7261117376860522,-2.4786466122038595
ALDH1L1,2.765570080922699,3.509480118848207,3.8217570081132353,4.4941061049970985,1.8709714266926858,-0.5915688910702503,0.8969969662372015,-0.11830243330544535,0.4446049083894503,-1.3956207603194626
VIT,3.7381917881173647,4.53240135314105,4.566595050208926,5.5947905877693636,3.970428982822105,2.4252850480222663,1.5232995696822689,1.4891479158368606,1.8055173628052539,1.3444232889411036
SEMA3B,2.285324241859225,4.071597387114127,4.686518076705295,5.404834887773452,3.68572477830043,1.457676591352632,0.6816255219693279,0.5263344415414084,-0.2551184387765648,-0.42932863174118435
NPR3,5.9898826933018885,7.754516242439648,7.928197506512105,7.645744015076552,6.9396057344941005,5.467514356316472,3.995217350819814,3.7982339192047037,4.076267048029679,3.5288741665630194
PRRT4,0.9875042982833552,2.5756509469497284,1.6280674933524584,1.7338808875129053,1.0810376700342226,-1.9237319023453219,-1.2641584129122356,-1.6691248790545736,-1.4710643278728457,-2.7662183242011666
HSD17B13,2.7116913766241004,4.499519927367754,2.6080708519977547,4.099985678053022,2.033325636910256,-1.4149861378042297,0.07022873579728792,-1.201403527605651,-0.17031421011837258,-1.8870172257245195
MSH5-SAPCD1,4.572571081518949,4.937873559748081,4.036723252540371,4.494431864333104,3.4116525781476468,1.5009802476852945,1.8063462373156696,1.9336734182622515,1.9289329588188098,0.9513818067245124
RP11-903H12.5,6.009212188851446,6.524126169250841,6.388810499529777,7.010417011474248,6.14080600327758,4.153780432508297,4.378403517380157,3.852680523794187,4.405080405861795,3.749202942402207
GYG2,3.5910392008685617,6.482699931431946,6.443402890777883,7.158323831129958,4.597326577400434,-5.7259926791322595,-5.052033311904435,-5.118379805642771,-2.204383096605254,-6.216903196830741
PDE11A,3.61978777129049,4.365319620331101,5.051547408907937,5.164651532923761,3.415219667524265,0.6584486900310172,0.643025495122231,1.460914118286104,0.4567643496782951,0.6972886518923633
MAPRE3,2.7529514973713947,2.734174570490058,3.4934379312402304,3.3669715082310154,2.3722808331106497,0.16895553014269543,0.35411177045054937,0.4841509654807554,-0.07421996677964893,0.09290855273194372
MARC1,3.0947641750675543,4.312192361035099,4.670891825783014,4.357984935210852,2.917378887258553,0.15711081175122027,0.022906480959524855,0.17076595758930826,-0.33957224258076973,-0.6064109413997794
ZDHHC11B,3.2604612427909516,3.7520218173815123,4.1699021328987085,4.496822152238066,3.1399212728454997,0.7409752412519232,1.3912394254850344,0.6785536140890678,1.0649091466773586,1.091391860675778
SELENBP1,5.52962640068232,6.269319296189383,6.63989676021026,6.557907599808988,5.55560196934826,3.4063803224064064,3.961172435469974,3.8257179710097446,3.935440361635853,3.6532664505138426
KANK1,5.629424127103169,6.108467107886991,6.015962126488429,6.377186954949143,4.722744422042568,3.4441024157124387,3.2639706927882286,3.469420497691171,3.5309871632547445,3.7278396816265627
GPAM,5.601842866895725,7.191680494734241,7.173912074504616,7.147025258897738,4.882879992724828,1.3144014436795493,1.9534543440924108,1.9343574441269402,2.022654040288116,2.4927548126474752
PRODH,5.804389501559484,5.354469452426807,5.813101434052334,6.1812671378291375,3.6050959219437226,0.5385110715627839,0.9171459927749528,1.1418008613267716,1.002123176963433,1.4270315323940486
FBXL16,3.976476605235364,3.7570140653505675,3.2434909338277538,4.05849127922074,3.56789947940336,1.3734862325114274,0.867866399336595,0.8869006586331567,0.7030174757033271,0.9056040024812085
CXCL14,11.415527731775189,11.078968724941934,10.887687110902213,11.264001663391467,10.529652031747023,8.294637622579305,8.065336828670404,7.633130309818165,7.041449551819093,7.350390599622736
CTD-2331H12.5,1.6992292101659203,0.61984626031502,0.0515903747344681,1.8331101909241072,0.7360035646208121,-5.725601594296562,-5.052052990868393,-5.118379805642771,-5.373269488256955,-6.216903196830741
NR3C2,5.8480272691236745,5.137047996698143,5.126253186505563,4.891517476304504,4.5355104896604415,2.407589286892885,2.4808909357651814,2.7600941747903978,1.5498982560561099,1.5937626036575296
EPCAM,5.560713417779093,4.602794719301817,4.4545140993162855,4.346814552498044,3.999259462390389,1.1334092700409448,0.3113870339694151,1.3959064175596478,0.2774284380174481,0.593323596119895
ESYT2,6.709904117200993,6.545394215580274,6.258009535797559,7.244885040297842,5.471032631347533,3.8651152400340854,3.135604555153313,3.6584737714696067,3.448821446955046,3.077677679704814
CAB39L,5.869572763247764,6.168269987233309,6.358629474406869,6.42026928084701,5.343538893111523,3.7390376965582117,3.2155191539631898,4.308060170075767,3.6552489815710354,3.2060621130358244
PPP1R13L,6.318855657214338,6.122288402680971,5.802424793114911,6.112764623947504,5.335470553140756,3.7896850260765795,2.821494004466106,3.0024181666632197,3.147738774360224,3.626635259846704
CLDN8,4.826064549745351,5.112357018559962,4.158335106248398,3.9814448062483314,3.583605197036193,1.1876182913841633,-0.13566346069787552,0.5972275650030643,-0.28036983781706454,0.5410945431149637
TACC2,7.38260520793947,7.237979515397657,7.780338013332044,7.054770989758817,6.617394656156228,4.55393832372523,3.717631679125169,3.3820856873440976,3.634449426846862,4.102043467246098
FAM189A2,3.104460584501657,2.8302990493958258,3.1159669001898003,2.684351910540668,1.9939048087874267,-0.038844336832350966,-0.6324563973729668,-1.129519179746376,-0.8856351489397569,-0.8929706837342104
ARFGEF3,6.48227930746887,5.8223560293437435,6.262345376255784,6.056500907786768,5.743580218898227,2.7905023456010687,2.841290727683264,3.049876360290294,2.521023515958669,3.4841344382374766
AHNAK,13.401040460383003,13.35755041670368,13.723275999291813,12.933025201783972,12.638212062882557,10.872092704522094,10.67095025386546,10.81676441568832,10.709912663600099,11.225847725489238
SH3D19,7.147821760113342,7.625897094778226,7.7738886364186355,7.946755856632775,5.697660833034011,4.5217794509982525,5.208810618825051,4.392731285351261,4.087524675824137,5.511760316576029
PALMD,7.68460212076541,8.283851594776996,8.022493234022239,8.269308501084849,6.386470530641947,5.2994212266471425,5.305377521506664,4.545707360866748,4.3517211875969,5.473191759260012
XKR4,3.7540630700366204,4.173842869485183,3.5164588271104464,4.659991063813319,2.2053075663094885,0.9505480120840519,0.5060487396985691,0.8608048114706908,0.25985599396780135,1.5132672029166265
TPPP3,6.907595063543289,7.68866345335473,6.284739590114244,7.436085967846995,5.687026214987856,3.069013598785369,3.679047042346128,2.2482407326918583,2.8198306502963657,4.195813462954497
SLC16A10,6.648995938781796,7.403411150293468,6.447793303671595,7.431299378980291,5.8033707056312425,4.285194018702928,4.976570771000503,3.7942337096650802,3.5785609649327133,4.269686000768274
RERGL,2.797007999752897,4.079381532799887,3.2026028621116143,3.423994573290826,1.7002557944035044,-1.839466169517013,-0.8603633244813973,-1.5877394556806705,-1.775134258699243,-1.2279801491707927
CABLES1,5.5005892713299716,6.284056482777438,5.564692498279342,5.551195256786364,5.047300859810417,2.765292152654446,3.2940535974969145,2.412347786849526,2.3508585193451284,3.4063312261639633
SOX13,3.475897149445705,3.644518577276453,3.1655188219126713,3.621195462586324,3.8548804674747514,0.005780173947961735,1.6383293691642484,2.2644507901887723,1.115869635036024,2.2683821380821514
ANGPTL5,1.7301215392226368,2.1337148743358987,2.1411991510673234,3.448887164174046,3.8951115650095574,-5.7259926791322595,-3.282855447975202,-2.1309003045812793,-5.37326886313431,-0.7563950397613171
DNAH9,2.263801556585619,3.2399426981126758,2.6115874172394093,2.8052162264986844,2.6675993885995526,-0.11749177063741756,0.617730440870993,1.2282703833876394,0.22385021606236327,1.0029691483553815
ARHGEF26,4.1333340562747996,5.563276347705122,4.417053530686962,5.729556360112546,5.251944766147928,0.30697540590321126,2.084726860328308,2.3638119988475332,1.322578461682375,2.084647855053462
RPS6KA6,3.2798747652902907,3.886663072087686,3.4319822434178344,3.2509157450772723,5.476943963961603,-1.8723105084712108,-0.9330045236909654,1.2773389527615413,-1.1917249582047384,0.6750784429495261
MAPT,3.6985660851278466,4.381005986955395,4.293458434472983,4.013925325385107,4.684796430127203,0.3874092003740425,0.7260121837355958,1.64049481964317,0.561872113522159,1.7428823345728763
PLEKHA6,2.5370794461853308,1.7532920468573232,1.25073599881531,3.121678259154345,5.559641028751201,-5.7259926791322595,-3.665069734316237,0.8534707251896934,-5.373269488256955,-0.3272026020518312
CYP39A1,0.7028352276621596,0.17035695320637162,1.0138460659685513,0.9329293271662952,4.106452506321137,-5.7259926791322595,-3.358932887868135,-2.037497908247807,-3.371744033832143,-1.593712893495868
TRIM45,3.882551976625413,3.758574523550529,3.3387193567575797,3.4088758948914855,3.8465220162014737,1.4226444122850113,1.6192705328904369,1.0684483191165723,1.2798822952197797,1.2375413040386063
PTPRT,3.1032075438464677,3.008979855669294,2.9706334167826034,2.219465672099424,3.5990389655291164,0.04863445755325798,0.5598162694010562,-0.30551451779469124,-0.2648476788860847,0.23713791535135723
SNRPD3,5.174545778522638,5.100586356060764,5.143412354263998,4.374828592604466,5.2043832174097755,1.2817469307012712,1.9420051779942213,1.7134061189553191,1.7782534950961837,1.8098958266387035
PDZD2,7.94834264017567,7.924667240986077,8.237045610524444,7.811030081346218,7.743062639279257,4.242692446220488,5.118291320521387,4.554937874981954,4.058339046806412,4.854600383559831
FASN,9.5474473010007,9.638873463314711,9.763634490032272,9.454857845652308,9.704199127689629,6.806487465528799,6.9533783747952045,6.700203388276137,6.561356967360988,7.00717542579708
AMOT,5.2065050466106575,5.715338482459226,5.669664178914296,5.846287591426577,6.043278439590476,1.9539307550760736,2.576782017059294,2.209771959398603,1.4198226273573749,2.361060362995437
TMEM178A,1.1506362676594553,0.9310898405939241,1.6700775664395562,1.2462812500048703,2.082960902281699,-1.6519616137899136,-0.4086984137495349,-1.641047011888051,-1.6718194625478378,-0.7722697437038881
LRP6,7.29618489984248,6.747875606962941,7.23498109503159,7.439034917500795,7.636117936687652,4.179518016182015,5.406114450872399,4.090135164526418,3.88548557998239,5.359018800927499
WISP3,2.3155794016491984,2.3513846809272887,1.4812906380254698,1.1531071328253075,2.346389063584408,-1.4939817129410233,0.45678676705964844,-0.8158347274705168,-0.5452631486133878,0.1678721489555205
MYH11,6.598590204280822,6.46321915040604,6.692935743746554,5.740781108466056,6.890148115349031,3.199292185764592,5.382268628236499,3.6982064027703747,3.2481635547960632,4.626071791307382
SLC9A2,3.214903652260208,3.071587629213588,2.6237133880613173,2.3238349849960462,2.823501906339226,-5.7259926791322595,-2.3010260452586824,-5.118379805642771,-5.373269488256955,-0.6673381011156744
PIR,3.730015881478108,3.935168706290901,3.0262101710092137,2.6804394096888124,4.0115032742032986,0.1444775722565799,1.552193861255888,-0.1455265582952854,0.2472955286737728,2.293005228019674
PIFO,2.488769224895307,2.3617054394416646,1.8957426513608846,2.769402322518164,2.82316450282001,-1.3153420283826305,-0.26202168755494465,0.9228439830976527,0.7166597813776832,0.7069726730569754
LRRC37A11P,1.5651766364262938,0.3612619451356893,0.4693389557263027,1.6401396295738229,1.6486900054495057,-4.19104357682908,-2.2511607046778095,-1.6661154375058553,-1.9442395802798427,-1.6371840297234812
TNNT2,3.4715447013053597,2.079083711407211,2.3444488902508787,2.4368917498576725,3.9768327869310425,-0.47349262910365264,-0.28916133846291464,1.2315728802447308,1.0644996637296238,0.6945191036606166
SFRP5,0.9830359288798824,1.1671138177846831,1.0767136899579757,0.6100142062607523,1.2954124708203378,-5.7259926791322595,-2.761307309110228,-1.4295259302245908,-1.0166107699366318,-1.4194632255689552
PNPLA3,3.380439815249895,3.6406132209584032,3.0523266655852526,3.348427420636797,4.6027054567836085,-5.7259926791322595,-4.266739745133657,0.33723028068712413,-0.120776751126295,0.6276394245728747
SH3BGR,1.8889076300171697,0.8513532102604244,1.2799795223115276,1.4362254267053933,2.0939763814121863,-2.9835818041985864,-0.4072741080098961,-1.0620067654165206,0.207041810624832,-1.115875059097024
NKD1,5.197878854501979,4.902994164543315,4.45797880315228,4.513417717196844,7.569016735912199,0.7519843169689311,3.339058015072776,2.7000413734327093,3.281640208650238,2.7159922849017337
KLHDC9,1.6628495932609804,1.9706719204175653,1.6738297955129027,0.7393280192669694,1.6158029060143753,-0.9580934976893619,-1.9829391442931907,-0.1418325143089264,-0.2792589430080059,-1.3571848637402066
GRB14,2.507635781353794,2.0407592598390276,2.0878402094294635,0.42036841143228965,1.0283210967162086,-3.466922648081467,-4.49724109101879,-1.099966782890768,-1.325747408802101,-2.8738895080259135
ABCA4,4.362489034114796,2.874029038546832,3.5097528226003782,1.500573426004366,2.959752347103084,-0.8690035143067892,-0.9736751191681644,1.6401055795179293,-1.2933593739831832,-0.6253236705477342
COCH,2.756176720133807,4.598802841097813,3.7070431478880876,1.8245636360280586,3.410355618729007,-1.4133322841856362,1.1100389319365993,1.6824622105770124,0.9712628372947671,0.2939344924354307
SLC22A5,4.035021025250179,3.5902941565936666,4.8562632694651136,4.338325098849633,3.5682848183437104,0.5899861667613389,2.2742907780487442,2.1756564515930714,1.1279942608400715,2.927089659465201
LOC100421166,1.4498838806740242,1.6830985819117217,3.1966251402667862,1.470932128575028,0.8265609242293028,-2.6231436100553664,-0.23179163660187174,-1.2231959472183438,-2.2366006608708133,-0.8884516353271203
RP4-802A10.1,7.681067943025053,6.835424548434074,8.906120440904601,6.516310747120881,6.192535930452519,4.647364430329199,5.914396017868518,5.588397397601475,4.761390051776194,5.708647678232491
TMEM154,2.793580824555556,1.6167283241602592,3.265395915251359,1.7712976972122998,2.3544914760334574,-0.09437873326264934,0.10829232576979139,0.411194546225279,-0.12849542778026682,-0.17188928206142381
PLEKHH1,5.014775188937603,3.8646244367664533,5.1748861297111315,4.174443282721155,4.083763022807562,2.107172136767612,2.821554100225808,2.2107418816175683,2.226559722826249,2.0964273769869832
UBE2Q2P2,2.1685590983954186,0.1611807913290633,1.3371439030414944,0.8332261601455203,0.8265608666278565,-2.237676730285984,-0.8859808426144681,-0.6772683998958671,-1.6418186512025632,-0.7933430276256733
LONRF2,4.376266969946098,3.930797263865617,4.657681284639661,3.6657138996495098,2.518434412855233,0.2282647686279258,0.8602293393706432,1.1730963161742805,1.149445640607278,1.4580612010938947
GHR,4.877766296321599,4.404254370627719,5.816144119983726,4.640683645746804,3.435070770997515,1.9151640504844243,2.2992245904322632,2.19931993818871,1.9506163543430606,2.286376060436617
PGAP1,7.09741352389641,6.44990133810552,7.399103214494337,6.6719153868657095,4.6555901659487695,3.7173753515961647,3.973854739730514,4.448793711941674,4.469205783096552,4.966540722523971
SOX6,4.5787418099332235,3.450170407880965,5.168589986923946,4.267366411753165,2.7432220288512785,1.2486253566597194,2.7092865166990387,1.6473623589808426,2.317027430503605,1.5286835547128577
SERHL2,5.83310431652403,2.882026398787022,3.3006300479034456,2.2802288987594186,2.3894148454623485,0.1754999707713356,1.3901741852770486,1.1887220498610078,1.177164860161336,-0.526475721533818
PPP1R1A,2.907977944312233,5.073372793317601,5.637579197465775,5.200545228455942,3.23245687949436,-0.4699195135067707,1.408816904722721,1.1797416231798774,-2.3848753068605464,-1.6697494524186787e-4
AR,5.782541728101097,6.847113719151824,6.695350326957847,6.866793276447945,5.5813062439687275,3.175996343322477,4.6169366050215634,4.105400638379107,2.3541803064882765,2.9216379770531677
ADIRF,2.6257230052396237,3.542559209517569,3.554082237593339,3.5448082749880574,1.73926061103517,-0.9100286170844996,1.4235443900659779,1.2381478912620514,0.01397270557472064,-0.020167108075263025
HRASLS5,2.0881973774199643,4.379484098991677,5.191843190776117,4.232200354026704,3.3776215405163486,-2.3941953837701937,0.8428528374259224,0.4072804583404785,-1.5909103922869834,-3.617816155692834
FABP4,6.922162114593037,8.947053884184696,10.112772993480293,9.775388862169473,8.564426787394572,1.8247773424735094,6.100671027887216,4.509735286915687,3.213791239377515,1.4330248974669069
LIPE,5.635279739735611,7.1092168780384,8.265918398079515,7.855795605024195,7.394252215970256,3.317200044351953,4.971810774503561,3.865335409290947,3.4026013486706965,2.5609286035388994
GPD1,4.834142300420202,6.31527461966787,7.456459241052922,7.257810150999021,4.89125988706275,-1.9287437316569844,1.9033888186989663,0.06358935918002459,-1.6083855720804654,-1.637555098014041
CIDEC,2.1482509767070224,4.07164555410235,6.478881936979124,5.117595545596083,3.3964666187858854,-5.7259926791322595,1.4496069781290184,-1.806666891782047,-5.373269488256955,-4.581182539255295
C14orf180,0.3606796396096729,3.456682161084603,1.7540721027755242,3.878225098794081,2.853400858224166,-5.7259926791322595,-1.0715434196773506,-2.9407730032441632,-5.333320871628949,-6.216903196830741
GIPC2,0.8980547930357811,0.5724916631358609,2.309447114938881,4.303429841847787,-1.281328067483012,-5.7259926791322595,-5.052052897561922,0.340192109768238,-5.373269488256955,-6.207629032544339
ZNF418,3.619807087910362,3.2215984932665167,3.23987777599053,3.80399317965564,2.0159234276681395,-0.4523816066635189,2.7229492865185114,2.2242599347637992,1.3688710311288215,1.1143893105592562
KCNA1,1.3738152016613996,1.359016871165358,1.365680267187884,2.614706163839899,0.06620847207328058,-2.239121092738086,0.8774246367858136,0.706792940608177,-2.0379796341238494,-2.00512341059258
NYNRIN,6.188177723576221,5.754161163100468,4.388469928586537,6.206247411059414,6.755415883683627,-5.725597822337133,5.017073803036841,3.7160569715407163,-2.4174779349135855,1.1956135759336486
GSTA4,2.824972148871003,3.9643483547571656,2.7501244766228257,2.9834575520124016,1.8707018914805034,-0.10305388602355933,0.028923306985808563,0.8501341527930222,-0.03768335739525041,2.3074274595903996
CROT,5.2644334761847835,5.616951763523465,5.535476151028129,5.237539051406324,3.602686643429512,2.514895200204341,2.4915443083358655,2.5294045753933063,2.115229012529897,4.199820018965527
SLC4A1,2.764601084378374,2.016713300831999,2.193156739794451,2.801564189427107,1.078218140642234,-1.624654910322402,-0.8690764735716319,0.6862391386854583,-0.5675895348576465,0.8676857617570461
NECAB1,4.265542146982558,4.861050641162673,3.8290458232268514,4.798202517854617,1.0759907655871346,-2.224545146082063,0.4691265643517361,2.175832205341257,1.068252492094131,2.258368673049291
MCOLN3,3.4857936389312036,4.2354342360884285,3.1307260118068365,3.2045712646376168,1.963262665029152,0.06666174437282452,0.7425873917480177,1.8894494639453439,2.183442094580999,1.772848067894737
RTN4RL1,4.329276582121025,4.250383537414404,3.8635541895290513,4.165689019499425,4.006339891688121,-5.72594993147999,0.11935394821311704,-0.37569359686748904,-0.12438741907802052,1.0462342049863989
PARD6B,4.730625867257113,4.646153877764728,4.49314924067127,4.571417452388482,4.080682443015506,0.3261493401997796,2.94594997556306,2.2684294070961233,2.5496090807792737,3.077009627756489
TNN,2.356168793361602,1.8082833171839163,1.6319102179040872,0.623097918333545,-1.281328067483012,-5.7259926791322595,-0.9521594412462221,-3.441229184809338,-2.961669273529342,0.3397414857996209
RP11-561C5.4,2.397495531631518,2.1603399145100304,1.2619046356550818,2.6412636241394307,1.1717017957562919,0.19567738409887245,-1.7097193866682516,0.08649185374589446,0.255988352824948,0.1826020953119285
CEBPG,6.852724494178144,6.919712631106212,6.6463889120980815,7.044824771972939,4.887121644467628,4.589314304059712,3.069926719339747,5.091268770716796,4.647522818511606,4.688936094944823
ESPN,5.197481352087879,4.660855985984259,4.569637278993919,5.657850740090634,2.633092844879807,1.8880653793992128,-1.3797420622687036,0.7284094725150874,1.3735818501892103,1.3995886360431518
ADGRF2,3.464596660581399,2.924727354806755,3.1834178535152775,3.0370169882210765,0.12754750744593296,0.7069702081851703,-5.052052990868393,-1.9596049308989996,-1.321045626323633,-1.4194639111262426
EFHC2,4.257995253409575,3.4957239477883015,3.691349547880735,3.995241444106076,1.7987535162089687,0.564116280014412,0.04257232557197459,1.2026004434515423,1.824822405159514,0.8940704819501349
ANXA8,8.525236099244257,7.259637433305531,8.467879466771192,8.42529122396329,6.750226203303182,5.546819582664333,4.704830222815188,5.4003097707106775,5.5726086639856325,5.257825762335503
MST1R,3.705572504412185,3.5996633276341106,3.878838105770859,3.8170103106267868,2.9030067677085536,0.2599586475450122,0.046332985324685556,-1.4191681072963056,0.9320895964300068,1.1278350780918862
CNTNAP3,4.540068203631623,4.437638840384682,5.933414395027456,4.9892482335739015,3.9797233368009763,1.5581180958599015,0.1362988145187761,-0.28171302656621694,1.577475638888868,1.585393558669143
DSEL,5.510794705656333,5.714950209340191,6.706257518950567,6.270555663925356,5.009937146962425,3.5590610107021234,3.059544447076918,2.4278893446860685,4.0425522873639235,4.87651325117962
MYRFL,1.735004777702324,2.307024643743143,1.7519632050188474,3.336748023699212,1.2533317298824695,-1.225256399926224,-4.0719606626580855,-4.045718527726451,-1.208731901445809,-1.5793240526043626
CD1A,4.674750411382215,4.904296447359159,4.405067169320608,5.867537685260829,4.230892005111032,2.7434628203503975,-0.5640349553832139,-0.7382787003538808,1.4543520576513473,2.843044570863598
MIPEP,6.137927504803262,6.619887381598275,5.97534350035726,6.478088540754967,5.257836300426863,4.1776082952808045,2.755933809661989,3.0181044649313193,3.8029475779491433,4.55875056369468
NIPAL2,7.715032324929536,7.481355788589511,7.344914215034338,6.825737672590785,6.5122811464058215,5.395816306744185,4.597337471911792,4.591679150499447,5.102613550336047,5.592718922052693
CRISP3,5.487155836462411,4.105420037890501,5.6322388973424795,3.497732624074108,1.8392088725885423,0.5181687490002045,-1.5209885463464472,-2.3664485293997948,0.40196288761501253,1.7188155431006744
ZC2HC1A,4.252813509873731,3.7769626583128795,4.338929080260255,4.178864947468426,1.607526151952557,1.1396916014232306,-0.715270166652706,0.2382863583313073,1.2854594011928326,2.2923434041837525
DENND2C,8.09533749281075,7.747468162103153,7.7469800566835625,7.77459047956894,6.128513717305355,6.708765934013292,4.365302657978079,4.520008557039603,4.547938959550453,5.801389611656444
ABLIM1,10.010133595034473,9.653129618410144,9.444146744802799,9.644394101220078,8.371569564853825,8.453332126678188,6.75538565192092,7.007891514922818,7.138044318307481,7.915798248731832
SERPINB7,9.021424035774054,8.338618681209244,8.381443347515821,8.430737517512252,6.9576247491631005,7.279080215406849,3.3280471025747183,4.21505162317297,4.202667229699962,5.689938675441811
IL20RA,6.34434774696477,5.8099446298239545,5.436472595255492,6.025632088863969,3.540203676788383,3.639847636765304,-0.8790166217534867,0.016989932308637126,0.26092311863418577,2.63194225166138
TP63,9.299963729632125,9.620673343606738,9.148891887736433,9.285744439696375,7.647842324480574,8.146116805707534,5.242787868844742,5.402223224722375,5.634514695968156,7.617877969082778
EGLN3,7.690611778281578,7.9419353673525,7.430479667801672,7.412422125230784,6.123047949365661,6.554545088841838,4.391429529408954,4.7786861760404795,5.10456164288545,6.056875761190976
XG,5.646072224007056,6.1476343269600395,5.72404903976578,5.937652216787163,4.369979042727248,3.3940289071899024,0.024302285822787553,1.357060833498915,1.4039279399870472,2.512940558501004
GNAL,6.678277158986487,6.697190367186286,6.997662207366798,6.444924590214563,5.633432034878926,5.30664129832402,3.0621229764799316,3.683834145269116,3.5438841369615703,4.825794168589837
TMPRSS11F,5.999881918931943,5.318392625394696,5.083007727566562,4.7733027308641836,3.314067566180418,4.039185872265999,1.0591667497164434,2.56261745489025,1.8279199334781029,3.300907216671603
PRSS12,6.024049708833365,5.524445196977427,5.207101626554646,6.013434406259222,3.1334035384768284,3.981589243702051,1.1122229437428561,2.125705039733389,1.7873816999372627,3.1492004501678013
SOWAHB,3.935869630419473,3.890928322769023,3.465673809891199,3.3083987733916325,2.1691318503594164,2.6538722159004897,0.11938755438597463,0.7021801596691697,1.2478501360507892,1.4343682672089044
CYP4X1,3.1955557679970714,3.4761351254468855,3.376184644059806,3.976078364354914,0.5552026405323585,0.8943980839651086,-1.5147054458298088,-1.544844616740705,-0.31076180192613584,0.061413464558692545
CNGA1,3.1539190859562076,3.557665225020914,3.5714322083306516,3.7195719801519997,1.4570091780254344,1.6998414136852371,0.0828731144723581,0.6417370360847061,0.3080610069638366,1.2212858987017503
NDFIP2,7.671797159435504,8.372882292014117,6.951680727028589,8.005451375394351,5.793892731890508,5.990847869008725,4.419885758478089,5.352807313248015,4.827132554037175,5.632035747707661
RASSF9,2.7735402066207278,4.922014239686238,3.9458583811834558,4.504237858788973,4.8956473845567166,-2.7431491697363324,-5.052041688053289,1.452805206656346,0.630805293524645,0.8623878051523383
MYEOV,2.2067649909878098,3.333277419341289,1.418619006692502,3.271293547722947,2.9673127494384204,0.44973714994369623,-1.7733719559222536,1.0424721937866712,0.09828440348612466,0.2580528617040323
CBR1,6.448568891293324,6.108159702680868,5.810071248845307,5.539435743179889,6.780547748491271,3.6502972413523205,2.567590938862127,4.399322418960584,3.5038278464080927,5.540189240338784
PERP,12.68216690494991,12.729634812372362,11.902660182261059,12.47502570044774,11.639051675608336,10.976377564797781,7.310711452755014,9.089263347800072,8.969771352642317,10.048663698221503
MUC15,7.03642106379357,7.258950523404411,6.408649910303887,6.7625199952205275,5.505274199151427,4.493961069301522,-0.4466779651387795,2.8584434380418737,1.729517570880889,3.7516556976726387
MAL2,9.267261635783091,9.63559054297506,8.595732295122993,9.306214290179236,8.055552569585325,7.121873623364218,3.5996927122006745,5.446056453727088,5.130943794031534,7.012296232530395
TRIM63,2.5112716371242065,2.4553441057311653,1.6601711231820304,2.370547298510933,1.847300035565759,0.5238653838300101,-1.7150295127226332,-0.19674983499026005,-0.11827366929819114,0.5758716224314467
POU2F3,5.940309455997975,5.198532809302961,5.520873436938068,6.039740266807324,5.225274898453241,3.721442989290797,0.08945432106487801,1.764625927684599,1.6617583553034452,3.4322032791449373
SPTSSB,6.36517943034335,7.259104551815569,6.148654734834738,6.790073646469796,5.256097337433153,3.5096435088608064,-0.10756839572724929,1.8871363634478533,1.0054800291760657,4.807993619362663
KRT15,9.979251363773246,11.132367112223905,10.022163593128845,9.885724796825084,8.838958081876674,6.296650076011634,2.47699698363176,4.8020153231310525,3.536486141603491,6.963035510959352
DHRS12,1.1175298863567507,2.099467806781523,1.814246298379861,2.658999422014807,1.338981592055678,0.16325888857266307,-1.8636307685483469,-0.019302723966147354,-0.33846689179033285,0.6087167796672326
KLB,4.955841532977751,3.8929277228783716,4.674761539481767,5.00302769823509,4.547789378383501,1.3255984795426798,-5.0520136483410525,1.6100093816066097,1.0473625149551913,1.3773924136084703
ATP7A,6.369841748618695,6.165177605730596,4.76405378899739,5.5926597045086375,5.73890328782474,2.752198505546488,0.17261009781082393,3.4285691243309664,3.4000282349477473,4.357996192180804
SCN7A,4.512010481087696,4.040809270633724,4.9173867393984745,4.393068503671226,3.944029481381108,-1.725454902289043,-5.052048243110575,0.644951220678141,0.5445936310414604,1.7243074002408416
FBXO27,5.39710586543644,5.198648453388807,5.61590269231344,5.641612552125472,3.885966742502729,1.5198865859379327,-0.5596925844490238,2.330968403246267,2.9866416582516457,3.0406478642725694
RP1-20N18.10,5.0418257871039005,4.909821288136586,4.85005419426359,4.35323217697927,3.4096250089704276,0.3892126426842051,-3.49302875663897,0.70218047897294,0.20474407710913367,2.9538887115417967
FAM84A,4.042280073076336,4.63777347381121,4.932046606201289,3.686122659356763,3.2311738538888735,0.1862938322819268,-5.052052990868393,0.3181055877515302,-0.5001802788488438,0.9283072840646536
RAI2,3.142157784520636,3.7335931809513054,2.963959070486437,4.746253386774792,4.009399270058368,1.3732497935639543,0.4405422564472147,1.3217653994173377,-1.303025277087325,2.1026190561444484
HBB,6.014810679220641,7.578043906794791,6.365644397362865,9.675438584353117,7.715269390610803,4.184680269268946,2.299023903462657,4.732137265218766,1.8388513542754126,5.834138852962706
ZFYVE21,4.854223247008664,4.960106501331273,6.179716072187343,6.043936401409964,6.131905676876167,4.7424193145238895,2.4903366063074053,3.1948207506730055,2.5184773441645665,3.9942507585195592
SLC6A2,2.370181898505109,2.3703998689039647,3.1224203090082376,1.5277352140544131,3.3189957711942375,-2.8282310880181236,-3.5190189455472685,-1.4132542170652682,-4.74844501088502,-0.3509629800679163
MAMDC2,3.713248201506275,5.120845845494642,4.491998696828997,5.96426620213334,6.544681987854736,-0.8222649423284388,-5.052052990868393,0.8890353152040728,-5.373269488256955,0.26048317216112665
EGR3,5.9902531684935285,6.003824141410725,5.265354853935663,5.490131091735835,5.426627001612058,3.8347303729403746,2.9925177824371842,4.094445378280028,3.0186267209039217,4.12647966901028
CCL27,6.525377605194612,6.460144545581334,5.931631487385544,6.6802600003452826,6.013038052221383,-0.5257598044292164,-2.410405702361101,0.6465485040313788,-1.8506307393899344,2.4993527031300755
CYP2W1,2.281813449960318,2.564870551773284,2.619001467294515,2.9399458030968004,1.9586865626788679,-1.7706842420047149,-3.0147179713305072,-0.9678212058754239,-2.747952341599308,-1.3053669500385905
ANKFN1,4.040067024107714,4.06862885616424,4.220822630326063,4.426404331512451,3.5871352701985257,-1.507341904199152,-1.5949676756923963,0.14364669767749447,-1.637370246653529,-0.7601217559154285
RNF43,5.577653860863247,5.810465724098456,5.726399544192119,5.587264759099768,5.694442784973275,0.8142013459733314,-0.33622653540717135,1.9483751955799355,1.744956623762341,2.095367343956503
VIPR1,4.452075131695536,4.226408975909803,5.038405434931496,4.676676590522614,4.879740987407172,2.0249010873801048,0.5016778159469307,1.8176990604714953,1.521116579972116,1.3443839990326052
TFAP2B,3.4425494156273175,1.6051889552197829,2.599279491730377,3.4818554928171035,2.779653559058594,-2.010022808815824,-4.025098317992886,-2.0481832122237575,-3.0071455704778436,-2.346837051743942
LAMB4,7.8790944124843625,7.277640147523592,7.867549115070067,7.799500077302268,7.794840181050318,3.8261529183251426,0.971869756766864,3.085807981774275,2.571178896405932,3.4863659828715035
ADGRG6,6.788839964165545,6.7171135441203385,7.1493651187241625,7.248129501449458,6.72882817962954,5.14024342958191,4.180269101281674,4.80849310847859,4.7075797234382,5.228206316071108
ZNF750,8.060706856879168,7.840693741937381,6.439621347276372,7.580122909905368,7.2723614946351205,5.798107647950705,2.7836637686814623,3.7565341028407846,1.204511703287661,5.002116825709522
MCUR1,6.388475324367195,6.25667043282025,5.955861505896076,5.864198518541467,6.052844985210076,4.608427891717254,3.715938086567647,3.4676390815217326,2.2719699478145645,4.38726891604754
TFAP2A,6.557665627882219,6.463395372434039,6.380212583493072,6.135563246298666,5.363828451224823,3.82394445344149,2.3063815037073976,2.493289447468957,1.3122941157439212,3.72603315415209
MACC1,5.315619407841615,5.299076077090467,5.421577024004509,4.666094041974267,3.974582320542464,3.1388593328183156,1.2579285165865743,1.5154578799972058,-0.6771336603016584,2.039141011434909
GPLD1,5.087303620645835,5.210297306843061,4.346166882551398,4.50187004826027,3.733404684815169,3.2853887650237747,1.2492062201122403,2.0242717191532607,0.7289357016543668,2.3812098848953043
HNRNPA1P33,3.6632290461507537,3.265977014112449,2.916910229891698,2.621311259949453,1.6734983638129721,-0.8369482342719273,-2.6401365291014467,-0.17632941947138747,-5.373269488256955,-0.18491439192048886
CAMSAP3,5.539204972023093,5.1195430517350715,5.408079731750855,3.560239141246973,4.568983909647405,3.0148078708396366,-2.0862849594353468,0.5911380829050108,-5.373269488256955,1.1585880467505958
FOXJ1,1.6261200120935817,1.4675470990970252,0.8826288337796538,1.5286126464492997,0.8242636334777182,-0.07287148506471675,-2.2785103152114248,-0.5080984524420378,-2.0735146550578647,0.016397073406684996
C1QTNF9B,2.7071802048837084,2.806523799899625,1.9077307067542681,2.6402103268501844,0.7875017597452186,0.5081026722325497,-5.052052990868393,-0.6560964292899659,-5.3645890504735405,-0.562079460246097
AGR2,2.4750219747510145,2.479962705955652,0.9154437825437294,2.1970738616767522,0.8126963119074405,0.07052993134509843,-1.3357935762813964,0.21045377243970181,-2.1174367073491727,0.5433798795399726
MPP7,6.788286598763641,6.038759031073408,6.025645033248893,5.802808105357336,7.558841139864059,5.862199218217603,2.4810344178589623,3.8826914733280127,4.037235913634148,3.6982660172462016
CTB-102L5.4,4.490365902336793,4.053712942398386,3.7917602920601916,3.9272302819919855,5.426021774705184,3.745760215198661,0.5521543120134446,1.421195730600284,1.038979855813872,1.2328303568574526
EFNA3,5.9479417718293695,6.418184405080564,5.308182681686714,4.068372085292986,6.828180676348782,5.033914918479736,0.4736068035413141,1.795946162495448,1.8303252622034754,2.766480312521619
GLS2,1.128960521299811,1.2368236268363895,0.9452602509710119,0.9250895540950466,2.103142801807543,0.15255042819131967,-2.566846578867752,-0.7076564313180567,-1.4830133663226677,-0.7476997396698168
BNIPL,5.262649498825069,5.464573492459925,5.47153706511571,5.182175195516382,6.777297951685517,4.514598180257684,0.7351186457220775,3.373357400774492,2.2554568941360675,2.9312923800890336
PMEL,8.03648721556674,8.01478624971105,6.586287533209919,6.627346463410581,8.9880095959354,6.355970368575119,1.419475775572311,4.5421565598315,3.537646927935445,4.620978293553095
GRIP1,4.738603907474341,5.351605309840814,5.03291071077663,4.217348942008583,5.199421807123156,3.355547735532118,0.9840205655490241,2.2165969374545145,1.4231017080982158,2.092371879618869
GRHL2,6.003054184873337,6.536040351071745,6.496373869217149,5.124038465784592,7.561620742864335,4.30539370221509,1.9681649842206523,2.7793194937172934,2.4191660715302223,2.6640029706055963
FAM46B,7.7052029157935715,7.885675602359369,6.908965469291181,7.197719598769523,7.257330482573327,6.961450383650879,3.326079071423487,4.0921026632999,5.2940092784848325,5.534702208245894
DSG1,10.395325987318245,10.038545051916799,10.221885318916351,9.934030676915524,10.909366052605684,9.938295048823388,2.8857038463982407,4.390070758387882,6.5305057113753175,6.669270439291341
TP53AIP1,5.528186225803528,5.095624709977353,4.733857328315927,5.551260878276334,5.530124696380124,3.44890674347051,-0.14437217647531886,0.40134483815160077,2.0500223314157995,1.4982219252478697
PLS1,3.419443759577311,3.050059285794815,2.890925383126076,3.167299842448031,3.2728994499880852,1.8123172707364035,-1.4559035264223354,-0.9717642553723649,1.1427203604301053,0.0636193032515805
C6orf132,6.870727960064765,6.3774471073455565,5.68911395521077,6.583657902331627,6.247702479572644,6.017572140151391,2.8154638733774795,4.0256750466704565,4.044178755864961,4.136839605719903
AC025335.1,6.81963592902154,6.254662237344277,5.782686860986924,6.853918780398842,6.830511715842402,5.438602471934863,1.3352270269888833,2.4378425986525447,2.508005213958071,2.821391163307135
SOX10,4.083647251293351,3.271706853246514,3.1217046549732226,3.0576263491679634,2.9444128239141043,0.9238901993691016,-1.6328597680757693,-2.7896721603191272,-2.4262229173906005,-2.8547948778717678
RP11-163O19.8,1.9948339696741233,1.5159556697893795,1.370556441965276,1.7025320969193234,1.295413165681892,0.45760324057700213,-1.264180014248161,-1.123365083418315,-1.016615664595777,-1.219943014513975
NHLH2,3.3782673673762953,1.8276494844656812,2.453406184106306,2.6568165629209592,2.8852284129631234,0.8644960712556937,-1.0616618326904395,-1.1028988095863248,-0.8706538439482534,-2.148362293184059
IL34,5.671409387190498,6.328756957814457,5.358363888535801,5.847004818255513,6.170622040102385,4.830956189882741,2.7394866556998942,2.62071087229527,3.4386676871946538,2.5205608615537103
HLF,5.738420605498517,5.863982210006932,5.704950061952598,5.39725900601286,6.6334076214359765,4.145295486390246,1.4457441614916076,1.663806450283941,2.5622773540593498,1.8187600801929127
GJB3,6.736155470387577,6.40342109616825,6.08996097310241,5.053713154916496,6.730516830072522,5.744150961879528,3.404945231041753,3.2698033227804992,4.147022298588716,3.1724842772344326
TOM1L1,5.5803390572446805,5.0710643329933305,5.266797721855347,4.338013974126965,5.81267278555261,5.0205624062285805,1.7166317605872583,1.9125904353881238,1.8089186624140767,2.5360291508815958
CDKN2B,6.409175774628916,5.87558176479998,6.155501525149387,4.846381841274077,6.211055541568092,5.449765317193577,2.971575120912997,2.3671238227021183,3.2323508040410767,3.396010895732777
TTC22,5.104423937711807,4.584488727648373,5.215079995083896,4.156703908185017,5.461450699263444,3.9604682934457003,2.667715122429957,2.033012520681917,2.420526942013098,2.7610614040055146
DAAM1,7.8618632392590335,6.9628627648973564,7.686732859723994,6.372532393714925,8.267459601763383,6.232114941385398,4.432108257292817,4.471103284920176,4.5429293954306775,4.4915309833396915
SPTBN2,8.970138433725484,8.512485693813924,7.772673000004503,7.957338786152403,9.712035346809605,6.748083477647175,3.860724233407147,3.835354967745288,4.18811445557579,5.203192395760243
CLDN4,7.627753207245148,7.6542441828196415,7.109604072356729,7.330491668699385,7.9504701858870375,6.748277353548639,4.931793982957694,5.0540190925763016,4.9962346119510945,5.364499466372126
HR,7.686509734942342,6.505397292349529,7.034827804142328,6.860252154576447,7.670094403941223,5.819694331656209,3.800191607896426,3.7502366614530533,3.6607829681673336,4.225436298258241
DDR1,8.178151929294977,7.764445430278119,7.722220597172556,7.844036608607352,8.247545235904525,6.621563495873785,5.1684106527215254,4.739739708718387,4.9539648651951085,5.44835372509855
RAB40C,6.400148798053516,5.803486818882945,5.697205259485436,5.192307924886507,6.595906211695313,4.281080149160293,1.915299165050693,2.1866113636994107,1.7525217565082525,3.3677976334791695
ATP2C2,5.997162904997001,5.467578782626797,5.494704980076536,4.8881358131020045,6.111885585643252,4.04434146608355,1.9427361021930107,2.2772279418407897,1.4951238777168976,2.837483354433892
RHOV,6.653465062134468,5.776317887124599,6.012966664898084,5.690541756357755,6.724444255240271,5.01990886910063,1.6421916403599874,2.4005112483782565,1.6841411316708674,3.4678117472501033
ROBO2,4.6575854104765675,4.664301381038407,4.530125583510322,4.313343353379506,5.569885903146659,3.648694177834803,0.1505096252303535,0.6954539220662834,-0.22018315382109638,1.173349518576573
PCSK2,4.872995015504662,4.613789825238064,4.726552500238049,4.56331587221619,4.639672470739901,1.9298006812167439,-3.685549126194729,-0.6163138617357342,-1.2585347984465682,0.8787257647956834
BTBD16,3.920941917635557,3.8001349873938532,3.8837761149592325,3.8860484698460325,4.219185906633195,1.349221621926459,-3.6651501593371165,-1.1359438526752528,-2.1897983797286167,-0.7445359431871758
DLX3,5.920084977576103,4.958734379626425,4.9817210854772425,5.1305559284173015,5.812027699132949,2.2122278456325843,-1.421387612032816,-0.2686683638040825,0.02029861049862041,1.5703807037398565
CLDN1,9.630475407268356,9.534735525976433,9.116196178030883,9.222713675362106,9.885327121624835,6.767586825198146,3.617397591843047,4.629121521568734,4.648889770139602,6.2889583903704684
IL20RB,6.56887476119196,5.987607192412735,6.514859812973707,6.722765074170988,7.166902682227705,4.38258770439411,0.7229158048993833,1.6385160684058786,1.896107285956088,3.449377896860439
RAPGEFL1,7.047388288500746,7.44031755532268,7.160398656119579,7.0248406352293085,7.051100554029298,4.870525035987877,2.029721025257169,2.5623895230139566,2.120816214192865,4.099608024021745
PPP1R14C,7.7206648467876065,7.664524834711957,7.193455844882424,7.345883058885991,7.077966187985003,5.337954016355085,2.358482483422942,2.988961053619792,2.7072097068563434,4.2308017127279
TINCR,5.779966919493424,6.179398908191044,5.326899948641061,6.319309200169677,6.173123936090751,3.452590292942677,-1.3054774006774725,-1.0259020146580768,-1.1626166742839104,1.2802727040836068
TMEM45A,10.876226175769888,11.014159453427785,10.259286066390287,10.576142301736592,10.947348598395793,9.237611389080424,7.140064694784761,7.610997480152838,7.314069793335656,8.790394216244897
TFAP2C,7.20285590441402,6.988819794120985,6.592482477276221,6.953004830426649,6.689367850552869,5.59973125432389,3.985827580742333,4.142373044174473,4.33050695068227,5.221203753404524
ARHGEF37,8.20307815586248,7.7706978837990155,7.442315539567597,7.681773084161979,7.747763754612403,6.021925800021823,3.1365144443030477,3.553023242159798,3.972458213602761,5.279895020008607
ARHGAP40,2.3768918198549276,4.029329040092618,3.2445824225984006,3.3836141153867496,3.2929707970271425,1.60639696570899,-2.5620164208823635,-1.520747771499797,-1.2784026147962413,0.47412461206410067
RASSF10,5.555333678495866,4.717550139692314,5.137090510976678,4.958100886947564,5.2167029567725525,3.7472475837135013,1.2131435175857068,1.4390589115276433,1.8841261355934422,2.571990704726838
DSP,13.6429528579031,12.77103020408845,12.94287507898345,12.995265320347627,13.267599287131373,11.420549559826554,8.017605244641814,7.798463461249678,8.446796081345147,9.562192692319064
NMU,5.5893220048924395,5.40432642867969,5.101009959210564,4.824364263842507,5.707453259539086,3.342297760167353,-1.0948203065335098,-0.4750552034286442,0.07017377702574504,1.2278065964086657
TUFT1,8.326795128875842,7.91017729250392,7.430570557539167,8.15403485702678,8.412540090176908,6.21087049334144,3.3880785201008883,3.8581781716371815,4.379509844857071,4.866275862863045
RNF39,5.3810624013925015,4.693478221422973,4.427188227719348,4.988539342276421,5.279902654468711,3.8446588667695125,1.3219487572731339,1.5346060530561982,2.05436245983423,2.5021336045014477
TRIM29,10.809635228548943,10.22518784121158,10.29801410340777,10.353396925301434,10.518574472218903,9.085435130040192,5.52666641235696,6.446930189256299,6.939372886845435,7.908254765399483
AC007325.2,5.62109264250937,5.229441734777811,5.302148222259075,5.730582058417631,5.227158653852914,2.9752130378362054,-2.1578957138438914,-1.1068133409586025,0.33988261117099583,1.1625544889814519
HOXC12,2.69234438236639,2.8374722309138796,2.762837416518136,2.9966430776205946,2.169131706673422,0.26557105978913575,-2.7613081494303335,-2.8064803177985835,-1.5013177397152833,-1.1296632938881057
FRG2HP,3.103673385164505,3.431223765565055,3.7245861563798637,3.6964808500142334,2.3725449850963853,0.6421543716171774,-5.052052990868393,-5.118379805642771,-2.2366024282913117,-1.9271037394538055
GDPD2,5.600056442564072,5.3287604002814755,5.474777739630299,5.364600196812761,4.599091419751309,2.620609236951482,-0.7855996640245343,0.004283041880446885,1.465357475301426,1.619773989985665
FOXN1,4.947907268048841,4.703327701519419,4.924677855865648,5.095513820292499,4.343115659392558,2.092437398803221,-1.6138645317710265,-0.8331816731824493,0.24179213389561358,1.4942819881806881
RP11-255H23.2,5.635893794996131,5.354142227472203,4.533985090828238,4.869870451727706,4.530388309020067,2.9961981379018074,0.4188197709010316,1.3455386860038019,0.5549970811514705,1.9942489145768065
EPHB6,8.551057274336156,8.424712972093245,7.691974061649462,7.844941163522044,7.510223016514987,6.054135360355407,2.3515714645703523,3.244235521476844,3.347923909278144,4.244059729263817
SOSTDC1,5.908471270851046,5.539206945438033,5.847918611895473,5.3419995721962366,4.754120657801893,2.1385311735381114,-1.221613550904562,0.20293706444616025,0.22993841902494652,1.3984879468256965
FAM83F,8.355456565323982,8.012378761955597,8.038246063356482,8.075090012936272,7.494905346003554,5.7307694199005015,3.0647939171712477,3.6575868523003265,3.7971526456638762,5.115197963363204
SCEL,10.778011837197319,10.67802611900638,10.229316642335478,10.378311610967831,9.227604427763588,6.849263863236358,3.3145629705061266,5.1198814628017875,4.283201487553801,6.3110015348094795
XK,3.4819153980105915,3.4782546904338,3.3872135374795254,3.5896085918514817,2.7094179237497826,1.7456318131606203,-0.44569806906749376,0.7021854136585869,0.14465528765242144,0.8822161390243527
CLEC2A,6.5823933778357935,6.200765845941307,6.1041696341683735,6.8385760847315185,5.327873727475292,2.2251487838226076,-2.0491281855873575,0.6921604492656782,-0.190857627779262,0.5603179424069913
CASKIN1,1.9577082722716008,1.913599718298909,1.1930415824747063,2.2843693853340787,1.5750689449934103,-0.3584382798633555,-2.8012014724850522,-1.4748997162790052,-1.989710586413928,-1.6974214909050396
UBR4,9.313548896238588,8.742500324263744,8.488170686527527,8.884383463883971,9.069192228947962,6.939071598235701,5.432091012713922,5.376488606362073,5.933504401692561,6.207289152984214
RP11-1263C18.1,3.4113773284029327,3.0334234653668495,3.1966260178136747,3.5646031088836545,3.314070696646307,-1.2735745181496987,-5.052052990868393,-5.118379805642771,-3.081234469522157,-3.859538933033939
SLC6A9,5.931816233875175,5.770174864521707,5.306481561857356,5.493432194621168,5.61178433969285,3.141255238270727,1.6494246370872785,1.4084539332039896,1.5714923978076767,1.7428361572262234
PAIP2B,7.160371500301788,7.479600820767312,6.8073345097432645,7.5988039992996015,6.888961679374284,3.8343372623491914,2.020473046913178,2.1102520249285313,2.475173447179685,2.9297998781124805
THSD4,6.051313329011912,5.809256272063745,5.77332921428475,6.090178485922641,5.722657265568748,4.338045783640757,3.09139728918073,3.272080397707544,2.6032532207770114,4.102357030154543
FOXQ1,6.381363066074019,5.698619674161953,5.826353613470468,6.253042952831444,5.106948592005926,2.2265263492900575,-0.3347808920700145,-0.08615065889787352,-0.28037187200266517,1.6018505945403572
WNT4,7.139524280544308,6.25091296285434,6.513011450263956,6.247598490391493,6.3600254909687255,3.931001585026119,2.054851754080079,2.85508471875682,1.981709255266408,2.94734696666835
PKP1,11.187041772908673,10.34202678605601,10.880069769213208,10.143154256676105,9.83502137311869,7.975006111919836,5.739312504359621,6.432076818186779,5.918505227861676,7.02800398166862
FAT2,9.833161349629487,9.938632180567708,9.851560783843205,9.620737581297426,8.839199335099387,7.572198632463832,5.503593140050733,5.80278085646385,5.691836497966719,6.919092392939628
EXPH5,10.049214092919634,10.066292471308403,9.798828279589127,9.828884065609147,8.966031797476182,6.883309719579147,4.338183212377344,4.465226887438051,4.5758861896480365,6.078001245249505
DGAT2,9.04711989900409,9.278900414182575,9.229685732994252,9.075595508432931,8.388617902301524,6.866214366008932,4.444028553731749,4.614741898055378,4.672589842992662,5.404006648625356
DST,12.181775126027318,11.850800301578714,12.136795333798059,11.865038963070184,11.36770407036758,10.731466676378004,9.446913513891973,9.186285849427088,9.148175487439584,9.77940493576591
KIAA1522,7.060585049703071,6.925278803061548,6.4652734381186425,6.88546074541705,6.869407878800095,5.315126196513265,4.0550261405117105,3.6016551942894552,3.555296548813334,5.004381848291887
CELSR2,8.131310140306232,7.540785978785797,7.395844297181165,7.533357909239454,7.89101338158093,5.982915234137523,4.130293512786637,3.9855306060161264,3.95616628192867,5.3575451628262405
BAIAP2,6.280995054255837,6.074555777934536,5.8510755771789595,5.970162978020137,5.729822784072574,4.616000311665179,3.465568711983945,2.699127343115286,2.530871937902389,3.8617320271267785
ANKRD35,7.511941598541762,6.800773305623894,7.129308378859878,7.590307889745412,6.994071271682816,4.64805080811523,2.327843437963563,1.0319770108419135,1.0469190807499384,3.3102384314736755
PARD3,7.093296785577182,6.934779107231264,7.095412422099237,7.055529660769831,6.760008658077442,5.450052894677081,3.205042180451619,2.9858187856089513,3.335485108973234,4.318381223760412
IRF6,8.826858603775909,8.726620365364766,8.414702359634378,8.755360931366116,8.428090303408675,7.247256464507761,5.421898176369336,4.599188886143277,5.153147613084208,6.22154378886113
TACSTD2,9.574343507195811,9.237894869746214,8.55995097596509,8.80864959476851,9.138563007564438,7.722504139498555,5.860892844951532,4.973679330272488,5.193842226607783,6.982234215929144
NECTIN1,8.855797098872324,8.144900406609255,8.060934226115544,8.195640128583287,8.388983606190239,7.270878809469124,5.535331109062514,4.873251987149645,5.104052388937567,6.455848869659076
KCTD1,6.878385197900919,6.720669764494689,6.10352883162602,6.617289260597321,6.723097782430194,5.805712632525733,3.55711365555866,3.1912169358139146,3.1612729886922306,4.861947278710509
WNT11,2.7301790843251887,2.971103684627587,3.108854514703395,2.9702344957726696,2.9715388355813963,0.21156815144625202,-5.052052990868393,-5.118379805642771,-5.373269488256955,-0.7298800803450741
VTCN1,4.003539335938739,2.3153235187565255,3.357680198627176,2.360926020744886,2.3933639153725212,-0.8235129856901447,-5.052052990868393,-4.024213265990517,-5.373269488256955,-0.9872898418602877
MARVELD2,5.30699373989251,5.302636520211972,5.090371177022947,4.897876381677218,4.386080709002153,3.7256153858140677,2.042325209393679,1.732177714728674,1.7703211460214319,3.3669366166485037
C1orf116,7.113370976778177,7.415305347172852,6.979013372071438,6.852980673233934,6.410460395075029,5.386983652715313,3.031149564840064,3.0666785761323716,3.2276857107501202,4.86275396758821
TMEM246,5.587469914839533,5.796338957330146,5.278503862400039,5.616873005694281,3.9516816631342455,2.9314862584650996,0.8582513921375968,-0.2715030324558051,0.6016573284970191,2.6514984599273705
GJB4,6.015118260321454,5.586167761082743,4.011691446002839,5.2741544582773,4.797468128600552,2.814633764212629,1.2870337975936388,0.37591173912520925,0.3992638580493684,2.7259294298298173
SPRR2G,6.319373510467401,6.511189946093635,6.124342181695265,6.626085651061776,7.203530111944218,4.8461448163716545,3.2478622106772606,2.9827349856330336,3.917889175190338,4.7627750045254755
COBL,6.736463976981297,6.450410073239454,5.87688582018914,6.605755431215741,7.362546653135853,2.695513250126601,-2.4038230786350976,-3.792863954374477,0.37657861741282267,2.4333142166235056
PPL,10.048043297971383,9.85660451496909,9.53770872666429,9.417198866149127,10.208512553424368,7.967004651608848,5.924341893544537,5.055718415004249,5.756867650752666,7.620645435831438
MYO5B,6.393555757411931,6.034994198121389,6.2179930802097685,5.975444111865949,6.7301982831117115,5.267883294781379,3.260792567665261,2.4653765876592835,3.211483002754516,4.336364256778854
IRX5,4.70462517991605,4.812537627254042,4.537992072683205,4.864625266340105,5.1816681478472955,3.7108261416086723,2.490964470846538,1.3436233388515846,2.1971210224619764,3.2061906904358075
TRPM1,5.0036718310212445,3.8893283138076353,4.558541684624655,3.783101366136447,6.131909201113618,2.174943282974612,-0.510498814144549,-0.7827117957503275,0.538445026048505,1.4719057361148433
ERBB2,8.709104488017418,7.834900131609812,7.978293027958642,7.938873410151167,9.28616205130051,7.417743086229528,5.18652716548414,4.792404312778653,5.432402343176499,6.1107129225318175
KRT5,13.796132017445682,13.16262982142873,13.225994183184191,13.01451734480111,13.926639129343783,12.972995593070761,10.226803529051224,10.211674240239804,10.59094061736329,11.930270161190382
CRB3,5.127772061722229,4.807908130532662,4.137815564719638,4.398111790510105,4.711407880973513,4.166816371641885,1.063684504138901,1.1063788904917924,1.218773844429918,2.469767236215486
IFFO2,10.260300025769942,10.35714524144375,9.276245514279188,9.231640409038661,9.676786988097286,8.7321722982778045,6.644945919941275,6.210927087906617,7.156800774291153,8.270049302962777
HRASLS,1.5053699985975684,2.355380113057899,1.5513118435548672,1.8588769823070515,0.6233670927379259,-0.07535838647761425,-5.052052990868393,-5.118379805642771,-5.373269488256955,-3.357882783861876
CALN1,3.8184708597356636,4.408758182883788,3.5591645005047488,4.400199885377849,2.7938242621817104,3.1403971971364917,-0.9349064114306885,-0.797073234732987,-0.37710961319468916,0.32613180830023736
LCE4A,1.8202896924542182,1.6831022079080145,1.238686455182327,1.213508046820072,0.8265591986893299,1.117825648014883,-5.052052990868393,-3.541771223893441,-5.373269488256955,-1.7824932723774387
SH3RF2,6.965889983142374,6.959714974184899,6.88552376986874,6.534315197026269,5.7037667144580775,6.164022434108234,2.003749193286654,3.1311305323537195,3.6718410507069432,4.836079045985731
GSTO2,6.795308615530096,6.579665357785008,6.337013197911563,5.8935192391635,5.276476700255167,5.551409124266501,1.9309793284266432,2.938430599022369,2.7780934593556115,4.07805137791623
PLA2G4E,3.49223892568968,3.589484506194784,3.5162059102315286,3.615232789070738,3.008774939979902,3.069257528674517,0.033033538825809346,0.5612759198365488,0.5969505469909697,1.759948919037181
LIPK,5.07643161277284,5.460231249570577,4.6747680058598355,5.135906153185929,4.516334978079554,3.6922866567137484,-1.3876535073524006,-0.37557440137578085,-0.4553145234893098,1.9717645091716005
DSC3,12.457953851644714,12.303370836712059,12.018868286137169,12.149888719263298,12.025157817539037,11.088010068557795,7.24604789304999,8.28214659190784,8.198226673374508,10.007484647288194
ESRP1,8.083074263808797,7.873877158380402,7.699765357096317,7.50323938054422,7.34813209340065,6.56765579671658,3.4166094994949057,3.915203923428117,3.9037703298533577,5.754019527894301
FAM83C,7.203318638270824,6.815263328208076,6.5471816831471354,6.561582045153906,6.53962098717778,5.928390661614404,2.545690507074875,3.0165807758543997,3.501681214928764,5.23016882068569
HSPA4L,7.38093742662966,6.69923207037141,7.097441815191757,6.825314603989566,6.120560845949916,6.442407983908689,3.057864271934581,3.396256697511144,4.234626786589504,5.073851719481338
GRHL1,8.57614776869805,8.023535442796605,8.012251067618394,8.115292939506789,7.302880901808179,7.472334470042366,4.778671614432095,4.665759584163801,5.640792741917176,6.617092580861674
CD207,6.275008627723957,5.8827042290960625,5.3776978521958805,6.41978945671577,4.1599713768787305,4.62373155867994,-2.2781331478103124,-0.7380128977342586,1.3577960374059121,2.8188792769511073
MFAP3L,4.1810352200462235,3.8089216885678696,3.9725698435245076,4.623719387243022,3.549038518110356,3.18767072965848,1.361193755342972,1.3431513933918469,0.6391992894835411,0.843243921386545
FOXP2,5.258602753100403,4.224685085773559,5.730526539152731,5.434258436114496,4.568372121166198,3.5113833549434452,1.8246359377142092,1.8524699119884402,2.008469701024894,2.2145419923087806
RBBP8NL,3.1621227088446524,1.184382054352315,1.9101510308158514,2.598410371864708,1.9322532998629667,1.0937942244685495,-1.6281091698809824,-1.6703519031472187,-1.5013175992210779,-0.5011631240711266
B4GALNT3,4.960904172684615,3.7318180839068122,4.041952497997167,4.693423204800946,4.71735675554321,3.567453840631044,1.5279944946605988,1.4901185654400104,1.4819601497846633,2.1139917687176113
FZD10,5.069048405515014,3.8657206241958404,4.064447816796535,4.724958426287928,4.179434081699989,3.6037502601971747,1.3189230128941587,1.902742131260094,0.9993106333969491,2.5519359882755683
SRCIN1,3.955396349558718,2.7453332077605714,3.438273028254008,3.034314554156609,2.776737876711024,2.3122572339882126,0.1524146833582005,0.2728031652974125,0.3368508313878191,0.6010561226465666
GJC3,3.2986534543029298,2.383096018233572,2.3551744239594004,2.2661782230119742,1.2954138985433252,1.141473086959423,-1.9168151849260977,-0.882340005259267,-1.5013208321877953,-1.6510662473231321
EFNA5,6.603793103234011,5.909723015682164,5.699138934840091,5.451835183448061,5.428018468880331,4.955630668487367,2.764361950971103,2.8613725831839067,2.321925479457676,3.41015811526346
C5orf46,6.577804332534962,6.221545796803769,5.478768423411687,5.801855869214247,4.327785042893527,4.2580007555451305,-0.03321049742499578,-0.38752284336028836,-1.347717517737466,0.338473283287256
RAPGEF4,6.7384559323088675,6.744746478949453,6.7419996385824685,6.288337089832586,6.431294846498295,5.328685839551596,3.545839030315977,4.0412507808734555,3.7575628938128975,4.040980705394656
KRT77,8.741114824591728,8.29050869627366,7.539264714277868,7.276393389383894,7.65017412864193,5.4071657406445395,1.4654614594240984,1.5015327131376146,1.1077462732793857,2.1136941210919207
NGEF,5.296832616395964,5.3297417062120065,5.232490380475179,5.119196547869216,5.2536720441203775,3.2826272866262975,-0.07457251274318942,1.2878555200583572,-0.11419085800832288,0.1438721593714219
KCNG3,2.0138676224272265,1.179548702573628,2.0873620444144207,1.0555445918824025,1.1580077112897211,0.3387096758986605,-3.3987014125787107,-1.4146657834590288,-2.1101355595683478,-1.7698009834883814
FGFR3,6.715491311077925,5.31743361583944,6.553339104738583,6.075499933036845,7.085215022714327,4.478695732104118,0.40475422783941223,2.4031741825121107,2.321919107362705,2.774956949772554
PAK6,5.675990451996101,5.83434289656189,5.770059227450666,5.180180468195423,4.997570168280797,4.364582439533343,2.237403949977479,2.537483377736672,3.3993541567119387,3.0871189313810947
ESYT3,5.627623366948749,5.6703821394944445,5.877180598366986,4.777185898940085,4.574006090045236,4.1177749405333355,1.0404075538113216,2.292101949590239,2.7080616805552467,2.0654801277290398
TJP3,2.418627707326731,1.662337136864187,2.4022396744807466,0.7464702380597867,2.562781501981141,0.4666286617321978,-1.7460136607424264,-1.5370138729110066,-0.2981145282792411,-0.2387846387199575
MAP2,5.261660646390538,4.748507306094419,5.5255287931690695,3.363691616775027,4.790366116461295,3.2904890677201766,0.6145408399337517,1.3212279149957364,2.1610087022405415,2.759658147501534
KRT8P38,1.5408031027017857,1.4082317091818288,2.6993107205833002,0.10202768353218995,1.9322544286981476,-0.6701781323021948,-3.493028910549065,-3.541771294172092,-1.5013146137224442,-3.00765488489652
KRT73,5.249614239586601,2.9559848487874385,4.4728781030672655,3.1921759553334845,4.91964008864027,-0.24089489946612758,-2.4695504625700164,-1.4540895566364271,-0.982225330384924,-0.8908154247461963
FCGBP,9.092593188585507,7.853003685578815,8.338462474221103,8.807413098208627,9.050786971605303,6.557401451312313,5.0989993979980754,5.589314129398696,6.281078385616789,6.3699984014177256
TGFBR3,7.292120637948535,7.4118796993332605,8.132297354092168,7.138042144812079,8.273523158289722,5.136842024428073,4.084535580631083,4.7126943678217765,4.906095079812221,5.822449861778262
SNX18P3,0.8652394052302458,0.9216487350227355,1.7170480197468267,0.8096361720619973,1.6486886201008353,-1.8896133978858203,-2.2781347579205327,-2.321775023316313,-1.7073774720040404,-1.4945167750105144
NOS1,5.408572583636986,4.56677917733308,5.283708123489393,3.8547943909636935,6.571604123261947,1.7490239778309549,0.17477393936773963,1.5976174798064129,1.7063835326883552,1.737736464129663
EPHX2,5.729057510211483,5.20611109395263,5.57245464225534,4.852112099687429,6.248135585451961,3.3830605788913073,2.501668173467827,3.2496908136441323,3.0532398371380274,3.2891801956323437
PANK1,4.822430372932823,4.31077786991205,4.489152628756207,3.702717599676827,5.381026889306036,2.9466003212726415,1.3704902759656892,2.27216414829187,2.068041561823801,2.3131538651645553
SEMA4G,4.22144638130908,4.33072459100539,4.023132316176154,3.6566025237880337,4.707833484108779,2.0374512227029737,1.0113341710831096,2.203662704848827,1.6158052086305819,1.8604965433206702
HOOK1,7.144199122116917,6.132743729433615,6.546233095075049,6.1162680525178335,5.707577773313796,5.640446355277892,3.1805629467524525,4.018643408386428,3.623772072297474,4.917659866579992
CA6,7.041820565158947,5.663373671946665,6.267617283556644,5.667042390579225,4.566259174457745,3.786028050335914,-0.4062001212225281,1.1166553349968267,-0.23200734438271692,1.9153973170618919
ENDOU,6.876175555616742,5.76096567972341,5.784390685978232,5.065159550718208,5.1307384147722725,4.668172914532337,0.9077321557991631,2.8206401921381876,2.6131346543310285,3.7111541674214013
LGALSL,6.618128500049292,6.342571540023784,6.278645657693779,5.542352531451241,5.3993959284242745,5.1905509401250445,2.2388874270608308,2.5277794627625316,2.886111828989999,4.254542973356874
CHMP4C,7.223790225312646,6.451382499080939,6.361440875757897,5.342198217018543,5.576760042302636,4.546945803568019,1.6802806421753096,1.7717713255709207,2.3369785817790567,3.634960856693457
JUP,10.564047679958653,9.939255085275184,9.78622159363443,9.843611786218663,9.201047393629882,9.056570943347843,6.461828398179984,6.749333361238213,7.183178445338345,7.694278640518589
ZBTB7C,7.243148878837928,6.048908542337024,6.3145229738436734,6.149620448703015,6.366277836808414,5.8013409386169865,2.9600113884544346,3.280777455066345,3.6000907157223736,4.757927249976633
SGPP2,7.531238217649961,6.904901015888137,6.86716531410863,7.08041424094309,6.799507748146516,6.428966325646423,4.057743999883379,4.575181284442117,4.487429524113903,5.407569497822832
NEBL,6.8444951311855755,6.360339552822115,6.817078029548811,5.6750343978834845,5.832337799106676,4.244124040646174,1.3064929816361295,3.5690270785922236,3.102214132963679,3.9389294332201374
ANK3,8.51688309296358,7.640773066579987,8.468144309084696,7.292388564854333,7.162818542453636,6.2030389270044815,4.6514852698965905,5.817968962603689,5.4389850977043475,6.236108956640307
PIK3C2G,6.677900769098519,5.715548087657919,6.772256826141631,5.963090050338103,5.177418199194554,2.8412228722629416,-0.08122662291587265,1.9699040079631778,1.931170979406487,4.013321906159743
SBSN,10.650065825250891,9.858723002858644,10.289534858447764,9.587856935787821,9.968619561636055,8.092926909095429,5.480847273854536,5.224657031132366,6.180240946221793,8.637803156705703
LYPD3,9.33612255150092,8.520992648162006,8.35668201751157,8.269975449342164,8.546768098872963,7.211016905586987,4.468425940376455,4.348450212654417,5.634238756919235,6.866403483400394
LMO1,2.6129482650587676,1.610187576674918,2.2952507705087286,2.383464437561757,2.158394269143829,-0.8017109569952083,-3.0568380236335857,-3.103241257461507,-2.0224794351800903,0.19358286931243124
BARX2,5.677953194226423,4.024875717651955,4.516091364304797,3.283009404263036,4.709957941502723,2.4180352628654798,0.5239553348273531,1.1564865647490217,0.8019727435534028,3.0213549234834947
USH1G,3.207431218667812,3.801267176508678,2.609266131470925,3.1438624847999463,4.781491687633134,3.0578373829787995,-3.4982714469521317,-0.49418788670157543,0.13688374845035317,0.05456331520175061
MYZAP,4.880001261434201,6.029433758579849,5.626343384711528,5.869712388212157,6.881750845316828,4.749715233180447,-0.8298351714963005,2.1554740026213195,2.8240468130188545,2.7297715786948227
FGF22,4.266017378724757,3.4087580032873657,3.452947449106346,3.333789182804827,5.4309444041731085,2.915449529887491,-3.0274083475908644,0.4187947957405547,0.7189663070353786,1.2789054540827107
NSG1,7.712739857935529,7.466635533252897,7.453800183330203,6.981317099844962,7.476423087436557,6.0761660350612186,1.5224637760829294,3.74067470471958,4.130311518764131,4.537967245057742
HS3ST6,6.031984907014414,5.200522773936805,4.852502028032489,5.290342990185209,5.152141656866548,3.0579640138181934,-5.052052990868393,-1.0265741450353751,-0.23518200489650914,0.47317292327741856
LCE5A,6.992105853762945,6.768895874436476,6.446817049263378,6.242688666367811,6.273636889773511,3.288660486031293,-5.052052990868393,-0.7380122675861868,0.37131374074703943,1.7279469904859115
POU3F1,6.951740549282635,5.993137535952607,5.7819748606702595,6.489440732163753,6.736056167074457,4.41874335888777,-0.3347803633737587,1.7395440417866375,2.3105430593244267,3.124033420238497
KRT2,15.145143511586094,14.358330319632715,14.049634149470526,14.127668363235186,14.5990014764888,10.745471420187513,-0.7172680201510359,5.097885375334636,6.286851178964947,5.44565551295437
PNPLA1,5.4314433270234606,5.560574521960702,5.292031659572017,5.764227064012317,5.712137501681211,4.154118975682871,0.5837391996118484,2.790125673433409,2.3612464202311343,3.319292411736831
DCT,9.68238654061817,9.563149808158776,8.446266928935295,9.106045991763372,9.956452998139659,5.617892873437946,-2.344085715436663,3.657661130772044,2.2026075644344942,4.258991262134897
SERPINA12,8.664793040874773,8.410818833659581,8.409212097148655,8.680785335068347,7.002010739949033,5.575561521910865,-5.052052990868393,3.242627874861066,3.6386008207084006,3.2349300257185654
EREG,5.956270462194348,6.137804015932596,6.596201221081952,6.0876949819781165,5.659550891441904,5.377386584120706,0.9674759581317331,3.79522888030225,4.037399819391177,4.308311202578131
CDC42BPG,6.598837133199142,6.0555652078219655,6.253860838219726,5.997257253388119,6.2341174924927225,4.0411258557008995,-5.052052829701031,1.7904431152913893,2.4156817392169714,3.453044258182108
WNT3,6.081539286780984,6.06933148693061,5.873541862720984,5.584005048086816,4.5866203067450035,3.1166210350514465,-5.052052990868393,-0.9112524580923153,1.3283674896625195,1.346231733591915
POF1B,10.932018360809149,10.661574542487136,10.383145034611278,10.363981908205032,9.305069405571178,8.60368973556677,1.1492913067920836,5.622898856464266,5.69452237258017,7.230408924018514
ATP13A4,6.289672238170144,5.5398272973109135,6.007932584004678,5.153741884628968,5.510452060767239,4.064739545912583,-0.6627354373833072,2.2399653343001016,2.803276977862675,3.718798954080693
IL1F10,4.2630973167691275,4.40892450566764,3.0706990613464265,3.572631230579765,2.850978965105592,0.6827541100227655,-5.052052990868393,-0.6137674398257635,-1.6896763914204869,-1.2583763796074876
IGFL2,5.915609270765779,6.4246404507857315,5.428622951328176,5.6438094560299525,5.235848961137797,4.478374215453898,0.6034101789656474,3.1330446509616623,1.790516282604838,2.67144646438332
PRR15L,4.268428279381947,3.676921651915018,3.1119708194435423,3.2835902168971036,3.4390817379251386,2.050552172653765,-5.052052990868393,0.14469798612219406,-1.8347708139134182,-2.725895522270199
TYR,6.71389893869559,6.841087031367338,5.390362862759882,5.818918041187337,5.706813235220177,5.207932177593255,-1.4779036153783003,3.7329561210317945,2.448078484893082,3.2759040680263922
CAPNS2,7.0440255464854475,7.399521415197282,6.506352918267058,7.2046007957823,6.22192245092975,6.180980124636359,1.8280550337619732,3.6339707823429226,3.437968438664547,4.2628988912087555
BBOX1,6.508512659118084,7.009841166933902,6.33940055305111,6.708933390984964,6.009979495394232,5.985490030786695,1.278195580576294,4.07512025471374,3.568325985574644,3.418466040932363
HOPX,10.870834199740273,10.939686840106015,10.64374911929564,10.670669901907555,9.986214833501561,9.313247449718268,5.507958834374026,7.587002327048997,7.460071366001726,8.047238168344492
BMP7,6.243095190307503,5.891865237656152,5.835792933379322,5.919660297928709,5.0883359495491,4.288675783713226,-0.7176521778775757,2.0172870363719566,2.369725243021565,2.573545583181841
KRT23,8.313401750895045,8.219470477372612,7.983845239426889,8.156925465417014,8.442650257731723,7.608385620605364,2.6507760071931283,5.918533142734042,5.15357084210219,5.846586489461599
EDAR,2.177754762748471,2.795360748428115,1.6448282743903389,2.0751181670196037,2.571512883571954,1.0154988323186351,-5.052052990868393,-1.202412178757994,-1.6868487999156967,-0.6600564132089362
LIPM,5.662400415124227,5.371320302879094,4.913609146649865,5.385179528536172,5.2332335210970555,4.442692577976151,-0.8212058996607857,2.143097366338749,1.8369168655968247,2.919887917460442
BSPRY,6.164113525308458,5.5935583501380215,5.359587295567341,5.593538223444545,5.833872924944959,4.977857583677172,0.02703143476107912,2.6565646057026204,2.4836737673488796,3.1520594099447456
C1orf68,9.326867597240332,8.759317513112753,8.416531998719044,8.522219422101045,8.683223539890118,7.602810604943874,-0.841126833304743,3.633971585435222,4.194787341767162,4.7557611482610325
IL37,7.6567230729606335,7.5487659119649395,6.844497656336051,6.7504981562054365,6.838931090874159,6.1115665059615,-2.4319110170337686,2.989545027873929,1.0044057427465363,2.6493275681805732
ELMOD1,7.634907875648659,7.418694370413526,6.933265763226139,7.148638716813034,6.81218232630862,6.057337444969384,0.04350299082640216,3.270158157567019,2.4950420002990716,4.027944021667932
PLP1,4.720107096986129,4.545982917863827,3.6224888322011637,4.414265935768735,5.445068390283392,2.6515465189836545,-5.052052990868393,-0.7482627011122944,-1.569955625797197,-0.505069494681606
LNX1,7.014576262895241,6.816600626351102,6.475663567831232,6.390974168849574,7.041394390841709,6.299304880620593,2.2759579002478967,4.561392286954367,4.156471030249615,4.198610951533806
EFNB3,2.2505294653033476,2.5868064012336194,2.161659761070232,1.7591458213793085,2.3725426136491823,0.7069697147638558,-5.052052990868393,-1.1568549922524156,-1.4350487992471634,-0.030038703713271997
CST6,8.318788492511095,8.043084606301228,7.482315698619823,6.371073345840829,7.996444012858801,6.112396252075899,-0.031001937489725125,3.5013988007425496,3.0057106633872626,4.982844602091839
GPR143,2.9018871922140743,3.537289124840081,0.9745871921299021,2.754005573874067,3.647933082682599,0.8172277488598455,-5.052052990868393,-1.6618911851932632,-2.435346510543542,0.2036362687635942
BCL2L10,3.3136762052877864,3.5915936266756936,2.1481345589444936,3.472905591213784,3.6715812197988247,1.8720874707495292,-3.487379334422405,-0.025883061495787334,-1.0084837362446855,0.5495570423749436
GPR87,6.538885200286892,6.39187434215496,5.889997159691633,6.426057171083172,5.499547217887799,5.505748033217897,1.8479411462763604,3.6950390875532824,3.2825409142234085,4.505562030812843
FXYD3,6.764201185091318,6.330511435787064,5.983296874406958,6.405791165452178,5.709812899961927,5.590378387111037,2.3637169523997508,4.090922741906816,3.694239391947708,5.060856559961055
ELOVL4,7.492852948596392,7.719353452889649,6.840699614042738,7.41569761919493,6.484147770288105,6.2110205271669745,1.6893553534008143,4.670335901634281,3.729398564383222,5.810054333439543
PSORS1C2,5.730382616263884,4.284479919204178,3.968161640403861,3.9515592567257976,3.9606011315240672,2.9877219615415247,-3.5234859871008815,-0.484211304212656,-2.2784993665942075,2.4246880977687395
LL0XNC01-131B10.2,3.634249141345484,2.9740303911523474,2.606901545970875,3.1272394210320344,2.198263892056136,1.4232042086276575,-3.490703836229712,-1.6671149872054964,-0.8813803564827387,0.9399061798980715
KRT80,8.878665932796661,8.772168770763964,8.153935839734922,8.315628083405583,7.815939704715589,7.713436937789693,3.524073931545175,5.319193035618179,5.570672458183712,7.004970736274809
SOX21,5.668027704542825,5.885133570908871,4.9625542837089585,5.710800221079158,4.51633058709283,3.2510368758458092,-3.49302802813141,-0.6068149520495705,-0.8855252382066209,2.4083546553763506
PSAPL1,8.955073120619009,8.65019635688192,8.421444426498383,8.045208105944148,8.614697362023058,6.516032861099271,0.03927741518360223,3.742541600934497,3.1855481479630026,5.83533003804346
KRT10,15.573858134505333,14.325764136322324,14.535660626547918,14.374953861244924,14.342740004440946,11.468180433841638,3.660356062374624,7.134520340630737,7.290563140939361,10.928733472720928
KLF4,8.949595573992992,9.509736047186507,8.356107800073806,8.715957751233105,8.73599884861719,7.477618942855614,4.7054248054390495,5.7682249862112815,5.682063041788402,6.455140213740115
GGT6,7.011036824101101,6.60344220244119,6.127224030031129,6.330545742488504,6.270607443884977,5.358411554457649,1.6263616479671439,3.3225813103123416,2.8182260702202644,3.4401586713493337
OLFM2,6.190490275616137,6.39408057253699,5.587936233713289,5.7630316815570595,6.535029518063589,4.948914709127313,1.5675753075593761,2.915824346923004,2.734757771246928,3.1154542826688427
KLK11,6.8138311921398245,6.505064113525811,6.012071381366317,6.385857934462686,6.938142497276089,5.511969465605975,2.5434904905313345,3.4041784742878685,3.173529123902803,4.001347991309274
C19orf33,5.980995392104144,6.2736551946707015,5.574289929670663,6.092274266049265,6.3032656387273285,5.442965732051821,2.4998258733140473,3.4702077305785393,2.847875273427903,3.895894836558931
NIPAL1,5.921950318532766,5.770408894632409,5.157689823580562,4.507820218470085,6.029868859441712,4.477824437102366,1.429975842441835,2.541351451626238,2.2762484092656137,3.5294013941360234
MED12L,3.7842435240598746,3.4194381646768437,3.1481803817693925,2.868850821143931,4.007786508517619,2.295159305443632,-0.6401084328547662,0.11076753044186087,-0.007639572204701772,1.5171322602259956
ALOXE3,5.856003270640909,5.486223135050168,5.160819198617917,4.587207245050154,5.781015697968872,3.6363862297653013,-0.21188146332269533,1.6578148192107214,0.5847889799988956,2.976763042402057
MLANA,7.2486882776406425,6.915391387076099,6.20759232664899,6.569596846214143,6.681504327400437,4.972581194737149,2.2377108942217796,4.162113439714174,2.8179047805000095,4.125696222497771
ATP6V1B1,4.059788779644038,3.6684811310359704,3.0437388822589657,3.2601873362474296,4.2736247563708,1.1873395945697647,-2.9373598595170765,0.3388123861962604,-1.421108424157704,0.5626862753552773
ATP6V0A4,5.930803499345233,4.079044479794364,3.4525177692830047,3.9872024223002582,5.289253884250516,2.468840679807367,-5.052052990868393,0.0743318037203411,-3.422081513867479,0.27045320919141475
ANXA8L1,5.198722835425222,5.604042368109203,4.261847125412717,4.875633133490706,5.674083154365023,4.325163655188102,0.5122100690807946,2.640816787695081,0.7921027164150467,2.4512062376113346
PTGER3,8.180849935836285,8.235283402053316,8.348971580580228,8.255113130199225,6.832361683579464,6.517523706904404,5.9169018348512354,5.2047753318628205,5.181550692611963,5.938649423713028
C15orf59,3.5774429396390666,3.0079755303407376,3.7588505935752745,3.263334449777067,1.7441240136033507,1.3730704641127756,1.1933838896777995,-0.289186399489292,0.13049663152007018,0.8370319476566951
FNBP1L,6.575238817742141,6.597094545823541,6.452523325311213,6.504417882470835,5.011345640569902,4.356300830304771,4.608189005169983,3.166451127089426,3.3177807562613806,4.377971736011173
IL17RE,5.901233955603103,5.858435802320903,6.009799219830275,5.798539391592227,3.9727010471477273,3.1474248542791363,2.846837235269191,1.0945391171718004,2.5847059717468,2.5149214840181284
NAALADL2,5.366278455685031,5.091778039724275,5.661393360968769,5.966082352815924,3.633544980043048,3.752403246409283,3.943195272131841,2.218776093657811,2.968179892716059,3.1089375521349516
ZNF204P,3.889049835905241,3.656124301736293,3.9283278808628297,4.35323150341252,2.3725464645687055,1.2541888195337543,1.385040791351225,0.8000142799305644,1.065424014458211,0.924976257753092
RNF180,5.63844131046724,5.489058579978963,5.353852464799701,5.779805421999437,3.9796361193531187,2.6020845184588257,3.22277519437883,2.2360233305316966,1.9595100245754173,2.6569869940777764
TTC3P1,5.478660488995783,5.570823913972555,5.80005421101555,5.41397384457346,3.8060714167283782,2.5927773422812015,3.372169288457935,2.4408868947426283,3.210766772752273,3.1740175301355364
RIMS1,5.737131113022855,4.842541264909021,5.04340822161386,4.674827394283362,2.3028887766011734,0.9792580224350765,0.2686128588864377,0.48833681022837006,-0.44816235149376554,-1.042116293349465
NPY1R,6.406135088630481,6.85035139391678,7.14108772554031,7.402349928401832,4.32189045767867,2.6905658494736944,2.295211505288179,1.488161688110068,1.0589798343097698,-0.5527307607847494
STXBP6,2.8650794932435684,3.1513106489526597,2.61901494787257,2.711297842594945,0.6116076571869907,0.08351585993656425,0.22799755070525482,-0.008844456094295669,-0.19899268061607372,-1.2598911255648737
CAPN3,4.968325034322529,5.186633709303261,4.284167114551586,4.951977017853371,2.806096181458543,2.3808587994694905,1.8959398895128854,1.6169707986937742,2.1012936742562083,1.304406300497463
PTPN13,9.887253132346768,9.207628493676495,9.586974717869525,9.403864577453238,7.601831521795881,7.675907953264299,6.763032778554576,6.7145657964124625,6.92698848599732,6.7889953215247365
FAM160A1,6.902829255194593,5.464588407391288,6.113513339691979,6.368801629319731,3.250286611365663,3.531283956779662,2.7512733679786976,2.8515367713065536,2.6142181295766136,3.5525963853168387
GOLGA2P10,4.2301567480560465,2.5049178919030246,3.5285095471364487,4.199105238566648,1.7307784128860757,2.0852868895580707,1.2979342695008456,1.4093943660947676,0.40669396734645913,0.7408458457118879
NAP1L2,3.8878694727389016,4.196069303224383,3.4203409638364084,4.302196893959234,-1.281328067483012,0.33804712060227227,-0.24085885572977803,-0.2192533224975916,-0.6067143564967117,0.7106491500183063
ADAD2,3.411103149113343,2.7959461157830203,2.555295432300882,3.1347280859456994,-1.281328067483012,0.30764288565547254,-0.5568034938968008,-1.3892671957714324,-0.6145956402435262,0.349193701213059
NR1D1,5.004914800991166,5.581178870387115,4.574505069292981,4.712741613762533,1.8480850590950997,2.838079028549764,2.490133532704381,2.061022329564675,2.7232767377475438,2.522849465066663
PEG10,3.9631609360719637,4.692315311596354,4.59608235184613,4.848790604062572,1.4388057576206994,1.6383888040515069,2.6286288214296456,1.982655931387426,1.930355467781468,2.0258263495728395
MID1,5.491516749499312,5.1550375497353516,5.802560249399009,5.558162103752167,2.136000312018027,2.9965424986825666,3.396024922820677,3.0615566980147797,2.7228469970676965,3.3770806469090346
SYNM,7.144759218731465,7.180358016772877,7.921418875024949,7.131495206627976,5.205773668537357,4.097495396688943,4.8165106268178315,5.0805656111804485,2.926065190818466,5.503634122279564
RP11-797H7.1,2.2953434949043494,2.075145760339089,3.0515410150252222,2.2997461904509877,0.1275475359054538,-1.8896154962713145,-0.5658542350931018,-0.001287283156686929,-2.2366000256630723,0.0554990527197679
LGR4,6.918351267779052,7.201569536779751,7.290796051594599,7.4826833341030135,4.47229969878103,3.927415156443165,4.5735040832422245,4.976927816624687,3.235281138967493,4.7931025479762726
ARHGAP20,4.5477040760943535,4.931318226487534,6.431601601246449,5.920340961399187,2.477269348680493,2.6365480495264655,2.133753502282666,3.278631580108718,1.8993201568553642,3.2963882076415647
CTNNAL1,5.913487236842582,5.862715119890438,5.437172037602016,4.5593674362184045,1.6802597886242367,2.813351590494391,2.7491292312946918,2.8416472259544907,0.9522126064625992,3.2239534183056806
CMYA5,5.340518918298045,5.078920784669187,5.161656690147531,4.225575759636099,1.7048010618896878,1.9813740248240552,2.516956190361566,2.4634279387460944,1.2966638610322365,2.4115238216457326
TDRP,4.382196568552332,3.6008417733778524,4.5897170757377745,4.316838516753313,1.2534194053714403,2.3221162086318636,2.7329456138763626,1.5384399458239542,0.8022728504867772,2.360850371747131
SLC6A17,4.579066337489488,3.899997711574066,3.357969274616534,3.913379616350358,-0.9929630398354978,1.4372589916880887,-0.7073854813013842,0.8274963557585625,-0.9295562120985874,-3.465076175328613
B4GALNT2,5.7883457821380135,5.232300453562809,5.404057852136754,5.086064729547378,-1.281328067483012,0.3742310085712763,1.3682253907164683,2.4139667947701393,1.1993769415421436,-1.5322727797174251
ABCA10,5.113576907289264,5.178569590146415,7.03822868787832,4.706270194315479,3.031165304271692,2.807180131311143,3.4798828541053144,3.1404157733034817,3.2100063192434676,1.2523062728317633
SPAG17,2.180105740359608,2.789322135253904,4.117794312493995,2.4752197401408162,0.6992448476373766,1.849155871921425,-0.26807639487133683,0.15579615388571058,0.5331992641170143,-0.13762581081370873
KIAA0408,3.412005001167108,4.741371704083064,5.534017841310456,5.3652599511073085,0.5109936101839659,1.404084502837044,-0.006388938545141161,1.1485974453757737,2.3137076850073934,1.5921324875705443
NRG2,3.9850915527840916,3.243058332111274,3.4512578291335188,3.9226661054376892,2.1683403785468247,0.3096740676502368,1.2707578156930734,-1.636701240773452,0.1040120746025771,0.9660533330851738
C1orf226,3.8688843100880153,3.278195316119866,3.127540639695201,3.0772206496782992,2.635747704016261,1.4050613202787379,1.8695876736707677,-0.24755333550636952,0.5625248895771569,1.4719126459262033
SPRY2,5.4444317748813,5.7642178682126755,5.524605832682551,5.5698751071005566,4.804267281214215,3.3544597118043242,4.046606423925532,2.194888507157064,3.032226976684381,4.048738941191171
PCDHGB5,4.054236134791342,3.909218641409172,4.331505693519811,4.331165058484431,3.46668335727699,1.2600565403500665,2.0178025264691284,0.5105166435574754,1.1284011941043193,2.212603518369142
DHCR24,8.678587901929852,7.349063369735324,7.222790453214981,7.913993615776389,6.841832777626407,4.099755157090811,5.368874627129676,3.039946629241015,4.572477805751894,6.518121282809552
JAG2,5.131001866438117,4.404064511082955,4.666300575003958,5.338270795205505,4.650726695009805,2.9351006391688257,3.880269932683761,0.2574743510695551,2.1286578363856083,3.1677733605727845
GRTP1,2.215711870051727,0.46497159322596315,2.01446214422785,3.785310049138269,1.8583608711531083,-2.1065837401917697,-0.018506466133640993,-4.995246634638107,-3.0837187610795502,-0.8717892986300184
PPP1R14A,1.366458773707027,1.4199143843262507,2.031411723556543,1.0137823826516854,1.3935171546422156,-1.7571736481597802,1.0456636135491797,-2.4535792194187254,-1.8077694669765632,-0.4871998224105937
HOXC5,0.6001456004825102,1.3098001607665204,1.550015762761448,1.8564491120867581,0.4674116622814262,-2.4703656977434,0.9090644466230658,-2.9254721790949096,-2.584610921366845,-0.9123109067804509
PQBP1,4.08294880865934,3.9499114781848927,3.7370515606858437,4.450204875270134,3.0988185242417563,-1.053907689761608,3.110742752200636,-1.8100925882921757,-0.3544024697693316,2.9775861590708956
PXMP4,5.557341806324999,5.374795517831787,5.4529464217491945,5.714842983583767,6.272967759234766,-0.16024553348122292,3.7498858598395097,-1.509845864658631,3.015465901405583,4.519631434779515
HOXC10,4.3990573949500025,3.6158469614269757,4.360097285210882,3.767409525367831,4.779790974390287,1.4914474762908398,2.7343644961432925,-1.487612567036381,1.583834565351053,2.2184514464607665
TTC1,3.2646605593894225,3.9564730602193112,3.8009501026399577,4.402515125053564,-1.281328067483012,-2.132476092966057,0.014713346121420954,-4.22136194019079,1.8581854512321887,0.6153516983421803
SLC9C1,2.4475219353275013,2.0516601350212946,3.8810214645712056,1.6922655589224371,-1.0406520705516875,-2.344670034888615,0.061830826621519855,-3.963084809526452,-0.5884773930223064,0.3736465359910597
GTF2IRD1,4.720233312019524,5.19848585735056,3.913517460730428,4.2499979559637895,1.2757850947985814,1.7015017836960877,1.654624329566014,0.09902749121366228,1.5823396131768146,2.811977994026346
AP1M2,3.378545539876315,3.5991903436198616,2.7444658238472264,2.623273266182243,0.39079976026719815,-0.9025142942211947,0.059769682394109284,-1.020115847913538,0.3151461089686223,1.8054858120006891
PCDH9,4.751421346818493,6.362844499134962,8.432413758846625,7.072300928754609,4.2484938166187804,2.920428194296614,4.20777895094648,3.752597142425128,2.570703193186356,3.9806671164547613
FZD4,6.810392145974386,8.659086143462298,8.99178847847515,8.682833893738605,6.879755362901825,4.573725553220163,6.51301888250078,5.315467579371553,5.0091107250821105,6.325367832301349
JPH2,3.1965654082932726,3.952956292460715,4.462137744909341,3.691584159542823,1.3213749212271146,1.1898196176183604,2.650877308522392,1.2785054447590167,0.4982100732856226,1.5885989545213492
EHHADH,4.3549155428412805,5.7873205613141865,6.031244264189986,4.6457387273180135,3.354604057869319,2.340013277213364,4.07889968927454,3.0026274831214446,1.679325242290362,3.0776940213185573
CSMD1,2.841171747277262,4.22375285255828,3.9225441909329346,4.360520047879112,0.5307893237966332,-0.41121405859011106,2.196229398346881,-0.7044451134586625,-0.9541821761208418,2.093502860092878
CDK3,1.2672663941015132,1.1402809365692737,1.2774787060608008,1.9496654418547132,-1.281328067483012,-5.087995485199667,1.0050684791128974,-5.118374040985884,-5.353267213048137,-6.216903196830741
ATP1A2,2.994009262557245,1.4263641182856304,4.96013771860266,5.024272169697682,-1.281328067483012,-5.7259926791322595,1.7832412993923612,-5.118379805642771,-3.1697083356100704,-6.216903196830741
SORBS2,4.3208822659873665,3.93649087086457,4.622863410180718,4.151542494202668,2.454029837556575,2.407237983237362,3.6138932786642566,1.470170512984817,1.6988674622718372,1.379949539738031
SHROOM3,6.018058107355503,5.787651968072154,6.753161601799452,4.439903879127085,4.5396940414537275,3.483049851150254,2.678593796351528,3.449354875925024,2.4632626819203813,3.369106255406183
RND2,2.6356526733601027,2.134653558631122,3.2080142124538455,1.3703888761142282,1.450430834385976,0.3015711008712561,-0.7976428807533597,-0.7630928483625032,-1.0291725107349,0.12112241484776995
MACROD2,4.529987398794252,3.071138449033626,4.807912099328652,3.1907695401041876,2.9782784760071457,0.9929896032956482,0.005107415559027774,1.3966029726001004,0.7812040216864866,1.0225242704193174
ZNF273,6.121485170330055,5.933739410687009,6.535540214003562,6.190049197457744,5.3353754763169094,3.4128643058572514,3.5434027411853477,3.991007225893962,2.5638600152300532,3.6457256255001265
PKDREJ,2.2953444783184063,2.51079290945667,2.500687625433672,1.965134037615053,1.2954152086453041,-0.24543668813990827,-0.3347827815860432,0.36120450568288737,-0.7653645294866026,0.426729532326652
PATJ,8.00623319311191,7.341170653357246,8.052448740517788,7.532199671318456,6.69886255655099,6.062393911758361,5.311582666632608,5.545810701155343,4.906114760571978,5.7509536620106285
PAQR7,3.0079004154473497,2.3528831605831435,2.9130415205421,2.6839207680039388,1.8051708453126953,0.7073258541150799,-0.08043159748463836,0.5380374600768028,-0.001315935481271238,0.46661509524706796
RIC3,4.231885147302269,4.167744787125116,4.806446349925563,4.557280578476079,2.8945005260673913,2.161628163754938,1.616887602698693,2.4826122469867142,1.7627882335749552,2.3156382533530158
SLC9A4,2.5794199210152353,2.710892666951053,2.642456017192881,2.141295995637052,1.1260810712592995,0.7334785832338754,-0.22256972955186113,0.25838355492352705,0.21945460633546493,0.691238437362491
CPEB2,8.100257513746273,7.690530086661917,8.231697973667721,7.684873151697246,6.641432489391356,5.894934779233868,5.13126024640833,5.7102851487655695,5.542046970968054,5.9330613496036015
C11orf49,5.54298755474027,5.29603740494192,5.247655976263145,5.118265492911393,3.943570171269153,3.5113981282034175,2.936290721481398,3.067133389866674,2.493146307820696,3.5433526900678194
TMEM132B,3.59221350892756,4.0860108925972085,4.253074193603032,2.8358503155716104,3.0794755367679993,1.4176677886491102,0.43968526610416053,1.225427537184538,0.4552777943297154,0.3188824065399818
AMOTL2,5.423167393691104,5.358715755980223,6.289628416741757,4.935304470984544,4.996573579120214,3.6919064368435808,3.2128957479103653,3.2493742637089285,3.5654291006360137,3.2915844828556327
MUCL1,8.195649777353196,7.735443354970858,8.709031751770969,6.891969799630087,7.03202015827664,5.8930487905950715,3.606578347719303,4.322077990352435,3.7893268918077565,4.701171850477149
ARHGEF4,6.314428000766318,5.976751968184603,6.600206870576249,5.8368172354616705,5.8858758609843616,4.793369556919626,3.680878262862767,3.872658481996206,3.973942596846101,4.244288572905287
STK32A,3.54467101245985,4.332884880660717,5.215402208961611,2.8515649867087607,3.636838187699991,1.4169674817240447,-0.48086979095261684,-0.1904070337073626,-0.14180838405417237,0.7130717742953022
NRXN1,3.73924353278159,3.4134213284159305,4.568589078357615,2.9661090766653455,3.7007882033486617,1.3503843376664608,0.18921210429823027,0.8231189515345044,-0.24071146032326252,1.0071575065406861
SP8,2.8518619307987154,3.7242473317569047,3.2356259609374085,1.2230259762434137,0.7635802908580476,-4.433608789437364,-3.378494160443112,-3.4265527149775403,-4.538151819872035,-1.1516193082322908
PCDH11X,2.176384673066093,2.4169719522096407,1.970053778453583,0.8217654684331624,0.31589321175280805,-0.8626093229520444,-0.9176017704462426,-1.1532082767824654,-1.294176851184906,0.2220977053993815
TANC1,7.681407215743411,6.9616405733703886,7.8840841458301805,6.30137409369615,5.372589045371694,4.175643425317568,4.4836659106180985,3.9156408278370063,3.53325164573625,5.320171718234324
MFSD4A,4.824335277912875,5.095024937413103,4.560108433060447,3.294639591754728,3.1490755036238416,1.7565490590639865,2.678614018978534,2.0828799548367636,1.128651762331508,1.7165952965816376
FAM57A,7.1503581390416375,6.962032337810616,6.551123398164152,6.702335223459733,5.781758323122831,5.59034280222212,4.301926683695304,4.322368718631641,4.208720824237832,4.488047551424696
DEGS1,9.79279258189625,9.53155476455106,9.278627037392992,9.222611252820691,8.117394472078892,7.615204923969686,6.383768828747862,6.4613301482667,6.681504814374444,7.057230927226171
SCGB2A2,9.27685846122951,7.737038799320513,8.179906181256902,8.010234529866345,6.441746800369136,5.285539582706998,2.5292520107637175,2.616602233728385,3.1745405839659706,3.003496894227133
ADSSL1,3.833723386118549,3.6579088338193553,3.3623588381017653,2.72688359271158,2.7330499492922318,1.5481365336999273,1.3720481522576764,0.7045024712644473,1.1459455409786707,0.832079930959666
SCNN1B,3.9278820456617276,3.3401488077398866,3.1690350228403537,3.1439558294082772,1.448605188578993,0.6053585362035132,0.26710694783845323,-0.671546246279472,-0.39676962373938673,-0.41852153270803344
ARHGEF28,7.513547894576295,7.073770649272839,7.4563103876868535,7.120179032936194,6.317118540502527,5.178601547530951,4.6021096620994095,3.876231746961638,4.337098931585893,3.877046724116384
PLA2R1,8.428845810043322,7.559620458068289,8.38943048101756,7.741953255003213,6.442755555950674,6.237696121242113,5.491085994044136,4.591566500254403,4.858430948771826,4.135865318143576
OTX1,3.0951247675724214,1.414026008906536,2.7183927463824045,2.3134134176568386,0.8413717425633632,0.14137606260323343,-0.9186960010689312,-3.132780079418344,-1.7475603838146245,-1.6522224041024984
SLC12A2,10.610854081163875,9.074012947580696,9.916165049095587,8.711653360509997,8.94467979490294,7.295301839409487,6.469105565478956,6.392106408944384,6.384789492090149,6.363059660366903
GPR12,6.070070263908467,3.9692980187452327,4.835560814632019,3.993377101540395,3.9779127280667335,2.2946072395625174,0.42332267258915013,0.640651970070058,-0.044725508485146975,-0.18472868862155378
ROPN1B,4.149244233798071,2.8696117274973387,3.2331505985309774,2.1388742210384017,2.0845300162191265,0.552716042068369,-1.4472893873202008,-0.3536899334285191,-1.4018247642182045,-0.8980983367528688
ROPN1,3.3157171754863577,0.9931486601614834,1.2537005779007293,0.9521207192324629,0.6399876320763327,0.2744768222697736,-1.8828656582061551,-1.6032655522603603,-2.817065120851997,-1.5912052768203289
KCNK5,6.907314796826361,5.442308586956807,5.987888890041671,5.2846977330587706,5.042409335137558,4.7706040734005715,2.677147118069965,3.2951090213277054,2.7757120160581477,3.3976268364546653
RHPN2,5.956162810901943,4.485803343876658,5.37425480813976,3.938418174238916,3.874561650341969,3.2805221101939814,3.657177425562804,2.4485977303078585,1.6760838278763879,2.2939485752210587
MYO5C,5.857244499017033,5.142610291148281,5.358480281847784,4.945955425610193,4.269134728065504,3.5591927211699157,4.260967062046053,2.3953030616095723,2.552414952458278,3.2517209610847715
TMEM255A,3.529916183830612,2.0416532777991203,3.35037881056228,3.00419431170317,1.5859136549412847,1.3053027810568765,0.3440813941289671,-1.4009122884683318,-0.8003328428744162,1.3274950467462616
SH2D4A,5.539053916939914,4.523982519998413,4.903619921213394,4.6239474191859395,3.694132461520389,3.4037920692776558,2.882725769757269,1.7761224150876307,2.3332441563467166,3.2901997527401665
HOXC13,4.108394840310919,0.8714959001543247,2.1718287077161618,1.307633816730072,-0.43326352891589326,0.6760742483630656,-2.7613085139811195,-5.118379805642771,-5.373269488256955,-1.8257548915282187
HSPB1,9.00116797670385,8.504281979097417,8.620756937175432,8.661990476857397,8.198726631821156,7.798505812543721,6.201724645626725,4.4757232623330045,5.403681387348181,7.04620773136889
HOXA9,4.553684685270468,3.969394403271713,4.595862562938049,3.9292232844541903,3.854352229008105,3.320534576335577,1.8490825260890549,-0.3423891455983275,1.3727944110357972,2.688077827159692
MANSC1,6.473155923637043,5.635810827847354,5.820572982368408,5.463871156100296,5.013318835391186,4.398055882422142,3.204175366800431,1.615019220149717,2.7261337610975316,4.186660835771744
FLRT3,4.486003867884773,3.9106105059569787,4.080034666025109,2.850574307630651,2.6282344685670083,3.247335926314505,1.6385441146566104,0.5647527977701235,1.1945688241921673,1.8794878338584577
EMILIN3,3.6469840746180613,2.5945936649400694,3.038005675329407,1.373138113170517,1.7432162983835084,1.2472484633206355,0.426382084540412,-0.69147805137979,0.0011140271626779463,0.5801948341495963
CLDN10,5.62519295767345,3.753370540842436,4.742293753542756,3.1193770100232676,2.3554048601526487,2.517784073065329,-0.8253587301335419,-1.1149548676847731,-0.18879815115524776,0.132142163913514
LIPH,3.435440453474427,3.1710132642125375,3.213757367269308,2.905727579507889,1.5366391673956021,-0.23980906242066774,-0.5891533818919311,-1.7724773798444518,-3.276585532344934,1.028346132604617
IRX3,5.283699981587731,5.6227163984550215,4.703064603254835,5.2395188345779236,4.478171146923317,2.94374241371247,1.801634203889303,1.1471561006150144,0.6300047503174755,3.9598580180820004
SPRR4,5.759604628318575,5.5770688551362975,4.528385355602762,2.0063811463800083,2.982329547209008,-2.9832636507335932,-2.7613106209628917,-5.118379805642771,-5.373269488256955,2.885172267190353
CYP2J2,4.527193890160473,3.3678092188789446,3.359026923793255,3.9853020774218706,2.6842090974871073,1.0757503285019732,-1.7225574040723899,-2.613939047811864,-0.8615020893254887,0.4208188135124666
COL17A1,8.727474108949147,8.062586736715895,8.035086761361296,8.284819887618124,7.359459338524364,6.035150729014153,4.527949246395391,3.29956633076083,4.436194633853554,5.3624931649321645
PTPRZ1,6.78447746727989,6.6840463580186125,6.8603658978996025,6.53234679005906,5.374212194236166,4.670347189402737,1.8115943694226426,-0.11487700459717563,2.199724443386066,3.492350428896284
STOX2,6.220540165407826,5.3764834324999455,5.710234920190619,5.9454923015095344,3.924114087148057,3.9005425923329753,1.8614313339978235,0.8450396329881158,2.2051746884479475,2.6092068151994257
SNCA,5.247416799637875,4.759497882556302,4.402138979288176,5.295155440097121,3.8908731764018176,3.531417176986943,2.65583741635276,1.4464050558634916,2.4070013147400138,3.272468491986601
GJA1,11.799844568879058,11.428520666115897,10.727166709792726,11.158120120443156,10.073299263556185,9.935261789876671,9.063553562255011,8.18481416654691,8.559249690609235,9.38980357049887
TUBA4A,7.878142499509569,7.837426958091486,7.043685999161992,7.501509111532928,6.711321954968151,6.925498242352879,4.72898177612446,4.0436338874815325,5.458552044870011,5.777921340584641
FCER1A,4.285455989720036,4.519417743663848,3.727636024584259,4.881748452270089,3.4917770335997074,3.670772201730238,1.1140045802212768,-0.25757276606584273,1.4309904659283523,1.1791884243197437
PSG7,2.8370540515173612,2.9181966742321346,1.653160322462758,2.075184254607383,-1.281328067483012,-0.24058657907919845,-2.9750405458468308,-5.118376697230359,0.650842010152391,-1.2513533928843796
FKBP1B,2.2608206723807442,2.5027632062656764,1.6776685465547434,2.0952397668277434,0.9017082575761587,0.803659546129692,-0.25264808646716913,-1.6835669633419288,0.6562442940682074,0.25078733824237787
TTC9,2.8724903380649662,2.404775518327048,2.370668507814994,2.878152002808103,1.0670525584984267,-0.18198626353732503,0.4406437923015035,-5.118379805642771,-1.368709544236185,0.866085362404163
LRP5,5.4629767330206755,5.443402783363866,5.570836809842038,5.621632520202943,3.82170018878859,3.420240629259136,4.126976606164539,-0.8339708009981929,2.2835091230903046,3.065617625424445
FRZB,5.115721935282554,4.392610524399497,4.729208813544869,4.1155211332788815,3.1110822059381325,2.257529842876549,1.4816076323762493,-5.118379805642771,0.556945194433164,0.871368533485036
PDE9A,3.5995376379462765,3.543541993867041,3.4820237670940846,2.6366851395622026,1.624198834606809,1.8237998605726946,1.807421060454519,-0.4632837396604433,1.2917933738783842,0.9339550178450999
